filename,error,timestamp
2509.09613.pdf,"400 INVALID_ARGUMENT. {'error': {'code': 400, 'message': 'Request contains an invalid argument.', 'status': 'INVALID_ARGUMENT'}}",1/25/26 8:12
2511.09894.pdf,"400 INVALID_ARGUMENT. {'error': {'code': 400, 'message': 'Request contains an invalid argument.', 'status': 'INVALID_ARGUMENT'}}",1/25/26 8:12
2505.19415.pdf,"400 INVALID_ARGUMENT. {'error': {'code': 400, 'message': 'Request contains an invalid argument.', 'status': 'INVALID_ARGUMENT'}}",1/25/26 8:12
2512.13660.pdf,"400 INVALID_ARGUMENT. {'error': {'code': 400, 'message': 'Request contains an invalid argument.', 'status': 'INVALID_ARGUMENT'}}",1/25/26 8:13
2510.01287.pdf,"400 INVALID_ARGUMENT. {'error': {'code': 400, 'message': 'Request contains an invalid argument.', 'status': 'INVALID_ARGUMENT'}}",1/25/26 8:13
2512.02942.pdf,"400 INVALID_ARGUMENT. {'error': {'code': 400, 'message': 'Request contains an invalid argument.', 'status': 'INVALID_ARGUMENT'}}",1/25/26 8:13
2505.08560.pdf,"400 INVALID_ARGUMENT. {'error': {'code': 400, 'message': 'Request contains an invalid argument.', 'status': 'INVALID_ARGUMENT'}}",1/25/26 8:13
2510.25725.pdf,"400 INVALID_ARGUMENT. {'error': {'code': 400, 'message': 'Request contains an invalid argument.', 'status': 'INVALID_ARGUMENT'}}",1/25/26 8:13
2601.02760.pdf,"400 INVALID_ARGUMENT. {'error': {'code': 400, 'message': 'Request contains an invalid argument.', 'status': 'INVALID_ARGUMENT'}}",1/25/26 8:13
2601.12219.pdf,"400 INVALID_ARGUMENT. {'error': {'code': 400, 'message': 'Request contains an invalid argument.', 'status': 'INVALID_ARGUMENT'}}",1/25/26 8:13
2505.17064.pdf,"400 INVALID_ARGUMENT. {'error': {'code': 400, 'message': 'Request contains an invalid argument.', 'status': 'INVALID_ARGUMENT'}}",1/25/26 8:13
2510.19819.pdf,"400 INVALID_ARGUMENT. {'error': {'code': 400, 'message': 'Request contains an invalid argument.', 'status': 'INVALID_ARGUMENT'}}",1/25/26 8:13
2509.05892.pdf,"400 INVALID_ARGUMENT. {'error': {'code': 400, 'message': 'Request contains an invalid argument.', 'status': 'INVALID_ARGUMENT'}}",1/25/26 8:13
2510.04876.pdf,"400 INVALID_ARGUMENT. {'error': {'code': 400, 'message': 'Request contains an invalid argument.', 'status': 'INVALID_ARGUMENT'}}",1/25/26 8:13
2506.11302.pdf,"400 INVALID_ARGUMENT. {'error': {'code': 400, 'message': 'Request contains an invalid argument.', 'status': 'INVALID_ARGUMENT'}}",1/25/26 8:13
2506.18844.pdf,"400 INVALID_ARGUMENT. {'error': {'code': 400, 'message': 'Request contains an invalid argument.', 'status': 'INVALID_ARGUMENT'}}",1/25/26 8:13
2512.02790.pdf,"400 INVALID_ARGUMENT. {'error': {'code': 400, 'message': 'Request contains an invalid argument.', 'status': 'INVALID_ARGUMENT'}}",1/25/26 8:14
2505.20426.pdf,"400 INVALID_ARGUMENT. {'error': {'code': 400, 'message': 'Request contains an invalid argument.', 'status': 'INVALID_ARGUMENT'}}",1/25/26 8:14
2503.12387.pdf,"400 INVALID_ARGUMENT. {'error': {'code': 400, 'message': 'Request contains an invalid argument.', 'status': 'INVALID_ARGUMENT'}}",1/25/26 8:14
2501.04150.pdf,"400 INVALID_ARGUMENT. {'error': {'code': 400, 'message': 'Request contains an invalid argument.', 'status': 'INVALID_ARGUMENT'}}",1/25/26 8:15
2401.04575.pdf,"400 INVALID_ARGUMENT. {'error': {'code': 400, 'message': 'Request contains an invalid argument.', 'status': 'INVALID_ARGUMENT'}}",1/25/26 8:15
2412.02332.pdf,"400 INVALID_ARGUMENT. {'error': {'code': 400, 'message': 'Request contains an invalid argument.', 'status': 'INVALID_ARGUMENT'}}",1/25/26 8:16
2412.03015.pdf,"400 INVALID_ARGUMENT. {'error': {'code': 400, 'message': 'Request contains an invalid argument.', 'status': 'INVALID_ARGUMENT'}}",1/25/26 8:16
2406.09638.pdf,"400 INVALID_ARGUMENT. {'error': {'code': 400, 'message': 'Request contains an invalid argument.', 'status': 'INVALID_ARGUMENT'}}",1/25/26 8:16
2409.20353.pdf,"400 INVALID_ARGUMENT. {'error': {'code': 400, 'message': 'Request contains an invalid argument.', 'status': 'INVALID_ARGUMENT'}}",1/25/26 8:17
2312.14219.pdf,"400 INVALID_ARGUMENT. {'error': {'code': 400, 'message': 'Request contains an invalid argument.', 'status': 'INVALID_ARGUMENT'}}",1/25/26 8:18
2406.10401.pdf,"400 INVALID_ARGUMENT. {'error': {'code': 400, 'message': 'Request contains an invalid argument.', 'status': 'INVALID_ARGUMENT'}}",1/25/26 8:18
2306.12268.pdf,"400 INVALID_ARGUMENT. {'error': {'code': 400, 'message': 'The document has no pages.', 'status': 'INVALID_ARGUMENT'}}",1/25/26 8:19
2309.16499.pdf,"400 INVALID_ARGUMENT. {'error': {'code': 400, 'message': 'Request contains an invalid argument.', 'status': 'INVALID_ARGUMENT'}}",1/25/26 8:20
2309.05128.pdf,"400 INVALID_ARGUMENT. {'error': {'code': 400, 'message': 'Request contains an invalid argument.', 'status': 'INVALID_ARGUMENT'}}",1/25/26 8:21
2309.17058.pdf,"400 INVALID_ARGUMENT. {'error': {'code': 400, 'message': 'Request contains an invalid argument.', 'status': 'INVALID_ARGUMENT'}}",1/25/26 8:21
2311.12056.pdf,"400 INVALID_ARGUMENT. {'error': {'code': 400, 'message': 'Request contains an invalid argument.', 'status': 'INVALID_ARGUMENT'}}",1/25/26 8:21
2309.03763.pdf,"400 INVALID_ARGUMENT. {'error': {'code': 400, 'message': 'Request contains an invalid argument.', 'status': 'INVALID_ARGUMENT'}}",1/25/26 8:21
2309.14859.pdf,"400 INVALID_ARGUMENT. {'error': {'code': 400, 'message': 'Request contains an invalid argument.', 'status': 'INVALID_ARGUMENT'}}",1/25/26 8:22
2306.07244.pdf,"400 INVALID_ARGUMENT. {'error': {'code': 400, 'message': 'Request contains an invalid argument.', 'status': 'INVALID_ARGUMENT'}}",1/25/26 8:22
2305.13353.pdf,"400 INVALID_ARGUMENT. {'error': {'code': 400, 'message': 'Request contains an invalid argument.', 'status': 'INVALID_ARGUMENT'}}",1/25/26 8:22
2305.06278.pdf,"400 INVALID_ARGUMENT. {'error': {'code': 400, 'message': 'Request contains an invalid argument.', 'status': 'INVALID_ARGUMENT'}}",1/25/26 8:22
2511.09894.pdf,"400 INVALID_ARGUMENT. {'error': {'code': 400, 'message': 'Request contains an invalid argument.', 'status': 'INVALID_ARGUMENT'}}",1/25/26 8:25
2509.09613.pdf,"400 INVALID_ARGUMENT. {'error': {'code': 400, 'message': 'Request contains an invalid argument.', 'status': 'INVALID_ARGUMENT'}}",1/25/26 8:26
2505.08560.pdf,"400 INVALID_ARGUMENT. {'error': {'code': 400, 'message': 'Request contains an invalid argument.', 'status': 'INVALID_ARGUMENT'}}",1/25/26 8:26
2510.19819.pdf,"400 INVALID_ARGUMENT. {'error': {'code': 400, 'message': 'Request contains an invalid argument.', 'status': 'INVALID_ARGUMENT'}}",1/25/26 8:26
2510.25725.pdf,"400 INVALID_ARGUMENT. {'error': {'code': 400, 'message': 'Request contains an invalid argument.', 'status': 'INVALID_ARGUMENT'}}",1/25/26 8:26
2510.01287.pdf,"400 INVALID_ARGUMENT. {'error': {'code': 400, 'message': 'Request contains an invalid argument.', 'status': 'INVALID_ARGUMENT'}}",1/25/26 8:26
2512.02942.pdf,"400 INVALID_ARGUMENT. {'error': {'code': 400, 'message': 'Request contains an invalid argument.', 'status': 'INVALID_ARGUMENT'}}",1/25/26 8:26
2512.13660.pdf,"400 INVALID_ARGUMENT. {'error': {'code': 400, 'message': 'Request contains an invalid argument.', 'status': 'INVALID_ARGUMENT'}}",1/25/26 8:26
2601.12219.pdf,"400 INVALID_ARGUMENT. {'error': {'code': 400, 'message': 'Request contains an invalid argument.', 'status': 'INVALID_ARGUMENT'}}",1/25/26 8:27
2601.02760.pdf,"400 INVALID_ARGUMENT. {'error': {'code': 400, 'message': 'Request contains an invalid argument.', 'status': 'INVALID_ARGUMENT'}}",1/25/26 8:27
2506.18844.pdf,"400 INVALID_ARGUMENT. {'error': {'code': 400, 'message': 'Request contains an invalid argument.', 'status': 'INVALID_ARGUMENT'}}",1/25/26 8:27
2505.17064.pdf,"400 INVALID_ARGUMENT. {'error': {'code': 400, 'message': 'Request contains an invalid argument.', 'status': 'INVALID_ARGUMENT'}}",1/25/26 8:27
2510.04876.pdf,"400 INVALID_ARGUMENT. {'error': {'code': 400, 'message': 'Request contains an invalid argument.', 'status': 'INVALID_ARGUMENT'}}",1/25/26 8:27
2505.20426.pdf,"400 INVALID_ARGUMENT. {'error': {'code': 400, 'message': 'Request contains an invalid argument.', 'status': 'INVALID_ARGUMENT'}}",1/25/26 8:27
2506.11302.pdf,"400 INVALID_ARGUMENT. {'error': {'code': 400, 'message': 'Request contains an invalid argument.', 'status': 'INVALID_ARGUMENT'}}",1/25/26 8:27
2512.02790.pdf,"400 INVALID_ARGUMENT. {'error': {'code': 400, 'message': 'Request contains an invalid argument.', 'status': 'INVALID_ARGUMENT'}}",1/25/26 8:27
2505.19415.pdf,"400 INVALID_ARGUMENT. {'error': {'code': 400, 'message': 'Request contains an invalid argument.', 'status': 'INVALID_ARGUMENT'}}",1/25/26 8:27
2509.05892.pdf,"400 INVALID_ARGUMENT. {'error': {'code': 400, 'message': 'Request contains an invalid argument.', 'status': 'INVALID_ARGUMENT'}}",1/25/26 8:27
2501.04150.pdf,"400 INVALID_ARGUMENT. {'error': {'code': 400, 'message': 'Request contains an invalid argument.', 'status': 'INVALID_ARGUMENT'}}",1/25/26 8:28
2306.12268.pdf,"400 INVALID_ARGUMENT. {'error': {'code': 400, 'message': 'The document has no pages.', 'status': 'INVALID_ARGUMENT'}}",1/25/26 8:28
2503.12387.pdf,"400 INVALID_ARGUMENT. {'error': {'code': 400, 'message': 'Request contains an invalid argument.', 'status': 'INVALID_ARGUMENT'}}",1/25/26 8:28
2312.14219.pdf,"400 INVALID_ARGUMENT. {'error': {'code': 400, 'message': 'Request contains an invalid argument.', 'status': 'INVALID_ARGUMENT'}}",1/25/26 8:29
2412.03015.pdf,"400 INVALID_ARGUMENT. {'error': {'code': 400, 'message': 'Request contains an invalid argument.', 'status': 'INVALID_ARGUMENT'}}",1/25/26 8:29
2412.02332.pdf,"400 INVALID_ARGUMENT. {'error': {'code': 400, 'message': 'Request contains an invalid argument.', 'status': 'INVALID_ARGUMENT'}}",1/25/26 8:30
2401.04575.pdf,"400 INVALID_ARGUMENT. {'error': {'code': 400, 'message': 'Request contains an invalid argument.', 'status': 'INVALID_ARGUMENT'}}",1/25/26 8:31
2306.07244.pdf,"400 INVALID_ARGUMENT. {'error': {'code': 400, 'message': 'Request contains an invalid argument.', 'status': 'INVALID_ARGUMENT'}}",1/25/26 8:31
2406.09638.pdf,"400 INVALID_ARGUMENT. {'error': {'code': 400, 'message': 'Request contains an invalid argument.', 'status': 'INVALID_ARGUMENT'}}",1/25/26 8:31
2409.20353.pdf,"400 INVALID_ARGUMENT. {'error': {'code': 400, 'message': 'Request contains an invalid argument.', 'status': 'INVALID_ARGUMENT'}}",1/25/26 8:31
2305.13353.pdf,"400 INVALID_ARGUMENT. {'error': {'code': 400, 'message': 'Request contains an invalid argument.', 'status': 'INVALID_ARGUMENT'}}",1/25/26 8:31
2311.12056.pdf,"400 INVALID_ARGUMENT. {'error': {'code': 400, 'message': 'Request contains an invalid argument.', 'status': 'INVALID_ARGUMENT'}}",1/25/26 8:31
2309.17058.pdf,"400 INVALID_ARGUMENT. {'error': {'code': 400, 'message': 'Request contains an invalid argument.', 'status': 'INVALID_ARGUMENT'}}",1/25/26 8:31
2305.07710.pdf,"400 INVALID_ARGUMENT. {'error': {'code': 400, 'message': 'Request contains an invalid argument.', 'status': 'INVALID_ARGUMENT'}}",1/25/26 8:32
2309.03763.pdf,"400 INVALID_ARGUMENT. {'error': {'code': 400, 'message': 'Request contains an invalid argument.', 'status': 'INVALID_ARGUMENT'}}",1/25/26 8:32
2309.16499.pdf,"400 INVALID_ARGUMENT. {'error': {'code': 400, 'message': 'Request contains an invalid argument.', 'status': 'INVALID_ARGUMENT'}}",1/25/26 8:32
2304.01986.pdf,"400 INVALID_ARGUMENT. {'error': {'code': 400, 'message': 'Request contains an invalid argument.', 'status': 'INVALID_ARGUMENT'}}",1/25/26 8:32
2309.05128.pdf,"400 INVALID_ARGUMENT. {'error': {'code': 400, 'message': 'Request contains an invalid argument.', 'status': 'INVALID_ARGUMENT'}}",1/25/26 8:32
2304.08174.pdf,"400 INVALID_ARGUMENT. {'error': {'code': 400, 'message': 'Request contains an invalid argument.', 'status': 'INVALID_ARGUMENT'}}",1/25/26 8:32
2305.06278.pdf,"400 INVALID_ARGUMENT. {'error': {'code': 400, 'message': 'Request contains an invalid argument.', 'status': 'INVALID_ARGUMENT'}}",1/25/26 8:33
2305.10084.pdf,"400 INVALID_ARGUMENT. {'error': {'code': 400, 'message': 'Request contains an invalid argument.', 'status': 'INVALID_ARGUMENT'}}",1/25/26 8:33
2303.05321.pdf,"400 INVALID_ARGUMENT. {'error': {'code': 400, 'message': 'Request contains an invalid argument.', 'status': 'INVALID_ARGUMENT'}}",1/25/26 8:33
2309.14859.pdf,"400 INVALID_ARGUMENT. {'error': {'code': 400, 'message': 'Request contains an invalid argument.', 'status': 'INVALID_ARGUMENT'}}",1/25/26 8:33
2302.07416.pdf,"400 INVALID_ARGUMENT. {'error': {'code': 400, 'message': 'Request contains an invalid argument.', 'status': 'INVALID_ARGUMENT'}}",1/25/26 8:34
2406.10401.pdf,"400 INVALID_ARGUMENT. {'error': {'code': 400, 'message': 'Request contains an invalid argument.', 'status': 'INVALID_ARGUMENT'}}",1/25/26 8:34
2402.12522.pdf,"400 INVALID_ARGUMENT. {'error': {'code': 400, 'message': 'Request contains an invalid argument.', 'status': 'INVALID_ARGUMENT'}}",1/25/26 8:35
2210.11262.pdf,"400 INVALID_ARGUMENT. {'error': {'code': 400, 'message': 'Request contains an invalid argument.', 'status': 'INVALID_ARGUMENT'}}",1/25/26 8:55
2209.14225.pdf,"400 INVALID_ARGUMENT. {'error': {'code': 400, 'message': 'Request contains an invalid argument.', 'status': 'INVALID_ARGUMENT'}}",1/25/26 9:07
2209.13064.pdf,"400 INVALID_ARGUMENT. {'error': {'code': 400, 'message': 'Request contains an invalid argument.', 'status': 'INVALID_ARGUMENT'}}",1/25/26 9:08
2209.08742.pdf,"400 INVALID_ARGUMENT. {'error': {'code': 400, 'message': 'Request contains an invalid argument.', 'status': 'INVALID_ARGUMENT'}}",1/25/26 9:11
2208.03552.pdf,"400 INVALID_ARGUMENT. {'error': {'code': 400, 'message': 'Request contains an invalid argument.', 'status': 'INVALID_ARGUMENT'}}",1/25/26 9:25
2206.06427.pdf,"400 INVALID_ARGUMENT. {'error': {'code': 400, 'message': 'Request contains an invalid argument.', 'status': 'INVALID_ARGUMENT'}}",1/25/26 9:49
2205.15997.pdf,"400 INVALID_ARGUMENT. {'error': {'code': 400, 'message': 'Request contains an invalid argument.', 'status': 'INVALID_ARGUMENT'}}",1/25/26 9:53
2205.00705.pdf,"400 INVALID_ARGUMENT. {'error': {'code': 400, 'message': 'Request contains an invalid argument.', 'status': 'INVALID_ARGUMENT'}}",1/25/26 10:04
2204.02960.pdf,"the JSON object must be str, bytes or bytearray, not NoneType",1/25/26 10:15
2203.10712.pdf,"400 INVALID_ARGUMENT. {'error': {'code': 400, 'message': 'Request contains an invalid argument.', 'status': 'INVALID_ARGUMENT'}}",1/25/26 10:24
2203.06649.pdf,"400 INVALID_ARGUMENT. {'error': {'code': 400, 'message': 'Request contains an invalid argument.', 'status': 'INVALID_ARGUMENT'}}",1/25/26 10:27
2203.01941.pdf,"400 INVALID_ARGUMENT. {'error': {'code': 400, 'message': 'Request contains an invalid argument.', 'status': 'INVALID_ARGUMENT'}}",1/25/26 10:31
2202.12426.pdf,"400 INVALID_ARGUMENT. {'error': {'code': 400, 'message': 'Request contains an invalid argument.', 'status': 'INVALID_ARGUMENT'}}",1/25/26 10:33
2201.02973.pdf,"the JSON object must be str, bytes or bytearray, not NoneType",1/25/26 10:38
2112.05907.pdf,"400 INVALID_ARGUMENT. {'error': {'code': 400, 'message': 'Request contains an invalid argument.', 'status': 'INVALID_ARGUMENT'}}",1/25/26 10:42
2109.06671.pdf,"the JSON object must be str, bytes or bytearray, not NoneType",1/25/26 10:52
2108.13958.pdf,"400 INVALID_ARGUMENT. {'error': {'code': 400, 'message': 'Request contains an invalid argument.', 'status': 'INVALID_ARGUMENT'}}",1/25/26 10:53
2105.05473.pdf,"400 INVALID_ARGUMENT. {'error': {'code': 400, 'message': 'Request contains an invalid argument.', 'status': 'INVALID_ARGUMENT'}}",1/25/26 10:59
2011.07252.pdf,"400 INVALID_ARGUMENT. {'error': {'code': 400, 'message': 'Request contains an invalid argument.', 'status': 'INVALID_ARGUMENT'}}",1/25/26 11:05
2010.10032.pdf,"400 INVALID_ARGUMENT. {'error': {'code': 400, 'message': 'Request contains an invalid argument.', 'status': 'INVALID_ARGUMENT'}}",1/25/26 11:05
1906.05675.pdf,"the JSON object must be str, bytes or bytearray, not NoneType",1/25/26 11:19
2601.02760.pdf,"400 INVALID_ARGUMENT. {'error': {'code': 400, 'message': 'Request contains an invalid argument.', 'status': 'INVALID_ARGUMENT'}}",1/25/26 12:07
2509.09613.pdf,"400 INVALID_ARGUMENT. {'error': {'code': 400, 'message': 'Request contains an invalid argument.', 'status': 'INVALID_ARGUMENT'}}",1/25/26 12:08
2510.19819.pdf,"400 INVALID_ARGUMENT. {'error': {'code': 400, 'message': 'Request contains an invalid argument.', 'status': 'INVALID_ARGUMENT'}}",1/25/26 12:08
2509.05892.pdf,"400 INVALID_ARGUMENT. {'error': {'code': 400, 'message': 'Request contains an invalid argument.', 'status': 'INVALID_ARGUMENT'}}",1/25/26 12:08
2505.08560.pdf,"400 INVALID_ARGUMENT. {'error': {'code': 400, 'message': 'Request contains an invalid argument.', 'status': 'INVALID_ARGUMENT'}}",1/25/26 12:09
2512.02942.pdf,"400 INVALID_ARGUMENT. {'error': {'code': 400, 'message': 'Request contains an invalid argument.', 'status': 'INVALID_ARGUMENT'}}",1/25/26 12:09
2510.01287.pdf,"400 INVALID_ARGUMENT. {'error': {'code': 400, 'message': 'Request contains an invalid argument.', 'status': 'INVALID_ARGUMENT'}}",1/25/26 12:09
2512.13660.pdf,"400 INVALID_ARGUMENT. {'error': {'code': 400, 'message': 'Request contains an invalid argument.', 'status': 'INVALID_ARGUMENT'}}",1/25/26 12:09
2511.09894.pdf,"400 INVALID_ARGUMENT. {'error': {'code': 400, 'message': 'Request contains an invalid argument.', 'status': 'INVALID_ARGUMENT'}}",1/25/26 12:09
2505.17064.pdf,"400 INVALID_ARGUMENT. {'error': {'code': 400, 'message': 'Request contains an invalid argument.', 'status': 'INVALID_ARGUMENT'}}",1/25/26 12:09
2505.20426.pdf,"400 INVALID_ARGUMENT. {'error': {'code': 400, 'message': 'Request contains an invalid argument.', 'status': 'INVALID_ARGUMENT'}}",1/25/26 12:09
2505.19415.pdf,"400 INVALID_ARGUMENT. {'error': {'code': 400, 'message': 'Request contains an invalid argument.', 'status': 'INVALID_ARGUMENT'}}",1/25/26 12:09
2506.11302.pdf,"400 INVALID_ARGUMENT. {'error': {'code': 400, 'message': 'Request contains an invalid argument.', 'status': 'INVALID_ARGUMENT'}}",1/25/26 12:10
2506.18844.pdf,"400 INVALID_ARGUMENT. {'error': {'code': 400, 'message': 'Request contains an invalid argument.', 'status': 'INVALID_ARGUMENT'}}",1/25/26 12:10
2501.04150.pdf,"400 INVALID_ARGUMENT. {'error': {'code': 400, 'message': 'Request contains an invalid argument.', 'status': 'INVALID_ARGUMENT'}}",1/25/26 12:10
2510.04876.pdf,"400 INVALID_ARGUMENT. {'error': {'code': 400, 'message': 'Request contains an invalid argument.', 'status': 'INVALID_ARGUMENT'}}",1/25/26 12:10
2512.02790.pdf,"400 INVALID_ARGUMENT. {'error': {'code': 400, 'message': 'Request contains an invalid argument.', 'status': 'INVALID_ARGUMENT'}}",1/25/26 12:10
2510.25725.pdf,"400 INVALID_ARGUMENT. {'error': {'code': 400, 'message': 'Request contains an invalid argument.', 'status': 'INVALID_ARGUMENT'}}",1/25/26 12:10
2503.12387.pdf,"400 INVALID_ARGUMENT. {'error': {'code': 400, 'message': 'Request contains an invalid argument.', 'status': 'INVALID_ARGUMENT'}}",1/25/26 12:10
2601.12219.pdf,"400 INVALID_ARGUMENT. {'error': {'code': 400, 'message': 'Request contains an invalid argument.', 'status': 'INVALID_ARGUMENT'}}",1/25/26 12:11
2306.12268.pdf,"400 INVALID_ARGUMENT. {'error': {'code': 400, 'message': 'The document has no pages.', 'status': 'INVALID_ARGUMENT'}}",1/25/26 12:11
2412.02332.pdf,"400 INVALID_ARGUMENT. {'error': {'code': 400, 'message': 'Request contains an invalid argument.', 'status': 'INVALID_ARGUMENT'}}",1/25/26 12:11
2401.04575.pdf,"400 INVALID_ARGUMENT. {'error': {'code': 400, 'message': 'Request contains an invalid argument.', 'status': 'INVALID_ARGUMENT'}}",1/25/26 12:12
2312.14219.pdf,"400 INVALID_ARGUMENT. {'error': {'code': 400, 'message': 'Request contains an invalid argument.', 'status': 'INVALID_ARGUMENT'}}",1/25/26 12:12
2412.03015.pdf,"400 INVALID_ARGUMENT. {'error': {'code': 400, 'message': 'Request contains an invalid argument.', 'status': 'INVALID_ARGUMENT'}}",1/25/26 12:13
2406.09638.pdf,"400 INVALID_ARGUMENT. {'error': {'code': 400, 'message': 'Request contains an invalid argument.', 'status': 'INVALID_ARGUMENT'}}",1/25/26 12:13
2306.07244.pdf,"400 INVALID_ARGUMENT. {'error': {'code': 400, 'message': 'Request contains an invalid argument.', 'status': 'INVALID_ARGUMENT'}}",1/25/26 12:13
2309.16499.pdf,"400 INVALID_ARGUMENT. {'error': {'code': 400, 'message': 'Request contains an invalid argument.', 'status': 'INVALID_ARGUMENT'}}",1/25/26 12:13
2309.17058.pdf,"400 INVALID_ARGUMENT. {'error': {'code': 400, 'message': 'Request contains an invalid argument.', 'status': 'INVALID_ARGUMENT'}}",1/25/26 12:13
2309.03763.pdf,"400 INVALID_ARGUMENT. {'error': {'code': 400, 'message': 'Request contains an invalid argument.', 'status': 'INVALID_ARGUMENT'}}",1/25/26 12:14
2305.07710.pdf,"400 INVALID_ARGUMENT. {'error': {'code': 400, 'message': 'Request contains an invalid argument.', 'status': 'INVALID_ARGUMENT'}}",1/25/26 12:14
2309.05128.pdf,"400 INVALID_ARGUMENT. {'error': {'code': 400, 'message': 'Request contains an invalid argument.', 'status': 'INVALID_ARGUMENT'}}",1/25/26 12:14
2311.12056.pdf,"400 INVALID_ARGUMENT. {'error': {'code': 400, 'message': 'Request contains an invalid argument.', 'status': 'INVALID_ARGUMENT'}}",1/25/26 12:14
2305.13353.pdf,"400 INVALID_ARGUMENT. {'error': {'code': 400, 'message': 'Request contains an invalid argument.', 'status': 'INVALID_ARGUMENT'}}",1/25/26 12:14
2409.20353.pdf,"400 INVALID_ARGUMENT. {'error': {'code': 400, 'message': 'Request contains an invalid argument.', 'status': 'INVALID_ARGUMENT'}}",1/25/26 12:14
2305.06278.pdf,"400 INVALID_ARGUMENT. {'error': {'code': 400, 'message': 'Request contains an invalid argument.', 'status': 'INVALID_ARGUMENT'}}",1/25/26 12:14
2304.01986.pdf,"400 INVALID_ARGUMENT. {'error': {'code': 400, 'message': 'Request contains an invalid argument.', 'status': 'INVALID_ARGUMENT'}}",1/25/26 12:14
2304.08174.pdf,"400 INVALID_ARGUMENT. {'error': {'code': 400, 'message': 'Request contains an invalid argument.', 'status': 'INVALID_ARGUMENT'}}",1/25/26 12:15
2406.10401.pdf,"400 INVALID_ARGUMENT. {'error': {'code': 400, 'message': 'Request contains an invalid argument.', 'status': 'INVALID_ARGUMENT'}}",1/25/26 12:16
2309.14859.pdf,"400 INVALID_ARGUMENT. {'error': {'code': 400, 'message': 'Request contains an invalid argument.', 'status': 'INVALID_ARGUMENT'}}",1/25/26 12:16
2305.10084.pdf,"400 INVALID_ARGUMENT. {'error': {'code': 400, 'message': 'Request contains an invalid argument.', 'status': 'INVALID_ARGUMENT'}}",1/25/26 12:17
2210.11262.pdf,"400 INVALID_ARGUMENT. {'error': {'code': 400, 'message': 'Request contains an invalid argument.', 'status': 'INVALID_ARGUMENT'}}",1/25/26 12:17
2206.06427.pdf,"400 INVALID_ARGUMENT. {'error': {'code': 400, 'message': 'Request contains an invalid argument.', 'status': 'INVALID_ARGUMENT'}}",1/25/26 12:17
2303.05321.pdf,"400 INVALID_ARGUMENT. {'error': {'code': 400, 'message': 'Request contains an invalid argument.', 'status': 'INVALID_ARGUMENT'}}",1/25/26 12:17
2208.03552.pdf,"400 INVALID_ARGUMENT. {'error': {'code': 400, 'message': 'Request contains an invalid argument.', 'status': 'INVALID_ARGUMENT'}}",1/25/26 12:18
2205.00705.pdf,"400 INVALID_ARGUMENT. {'error': {'code': 400, 'message': 'Request contains an invalid argument.', 'status': 'INVALID_ARGUMENT'}}",1/25/26 12:18
2202.12426.pdf,"400 INVALID_ARGUMENT. {'error': {'code': 400, 'message': 'Request contains an invalid argument.', 'status': 'INVALID_ARGUMENT'}}",1/25/26 12:18
2205.15997.pdf,"400 INVALID_ARGUMENT. {'error': {'code': 400, 'message': 'Request contains an invalid argument.', 'status': 'INVALID_ARGUMENT'}}",1/25/26 12:18
2209.08742.pdf,"400 INVALID_ARGUMENT. {'error': {'code': 400, 'message': 'Request contains an invalid argument.', 'status': 'INVALID_ARGUMENT'}}",1/25/26 12:18
2302.07416.pdf,"400 INVALID_ARGUMENT. {'error': {'code': 400, 'message': 'Request contains an invalid argument.', 'status': 'INVALID_ARGUMENT'}}",1/25/26 12:18
2510.04876.pdf,"400 INVALID_ARGUMENT. {'error': {'code': 400, 'message': 'Request contains an invalid argument.', 'status': 'INVALID_ARGUMENT'}}",1/25/26 12:25
2505.17064.pdf,"400 INVALID_ARGUMENT. {'error': {'code': 400, 'message': 'Request contains an invalid argument.', 'status': 'INVALID_ARGUMENT'}}",1/25/26 12:25
2505.19415.pdf,"400 INVALID_ARGUMENT. {'error': {'code': 400, 'message': 'Request contains an invalid argument.', 'status': 'INVALID_ARGUMENT'}}",1/25/26 12:25
2505.20426.pdf,"400 INVALID_ARGUMENT. {'error': {'code': 400, 'message': 'Request contains an invalid argument.', 'status': 'INVALID_ARGUMENT'}}",1/25/26 12:25
2601.02760.pdf,"400 INVALID_ARGUMENT. {'error': {'code': 400, 'message': 'Request contains an invalid argument.', 'status': 'INVALID_ARGUMENT'}}",1/25/26 12:25
2510.19819.pdf,"400 INVALID_ARGUMENT. {'error': {'code': 400, 'message': 'Request contains an invalid argument.', 'status': 'INVALID_ARGUMENT'}}",1/25/26 12:25
2503.12387.pdf,"400 INVALID_ARGUMENT. {'error': {'code': 400, 'message': 'Request contains an invalid argument.', 'status': 'INVALID_ARGUMENT'}}",1/25/26 12:26
2512.02790.pdf,"400 INVALID_ARGUMENT. {'error': {'code': 400, 'message': 'Request contains an invalid argument.', 'status': 'INVALID_ARGUMENT'}}",1/25/26 12:26
2510.01287.pdf,"400 INVALID_ARGUMENT. {'error': {'code': 400, 'message': 'Request contains an invalid argument.', 'status': 'INVALID_ARGUMENT'}}",1/25/26 12:26
2510.25725.pdf,"400 INVALID_ARGUMENT. {'error': {'code': 400, 'message': 'Request contains an invalid argument.', 'status': 'INVALID_ARGUMENT'}}",1/25/26 12:26
2511.09894.pdf,"400 INVALID_ARGUMENT. {'error': {'code': 400, 'message': 'Request contains an invalid argument.', 'status': 'INVALID_ARGUMENT'}}",1/25/26 12:26
2509.05892.pdf,"400 INVALID_ARGUMENT. {'error': {'code': 400, 'message': 'Request contains an invalid argument.', 'status': 'INVALID_ARGUMENT'}}",1/25/26 12:26
2509.09613.pdf,"400 INVALID_ARGUMENT. {'error': {'code': 400, 'message': 'Request contains an invalid argument.', 'status': 'INVALID_ARGUMENT'}}",1/25/26 12:27
2506.11302.pdf,"400 INVALID_ARGUMENT. {'error': {'code': 400, 'message': 'Request contains an invalid argument.', 'status': 'INVALID_ARGUMENT'}}",1/25/26 12:27
2512.13660.pdf,"400 INVALID_ARGUMENT. {'error': {'code': 400, 'message': 'Request contains an invalid argument.', 'status': 'INVALID_ARGUMENT'}}",1/25/26 12:27
2505.08560.pdf,"400 INVALID_ARGUMENT. {'error': {'code': 400, 'message': 'Request contains an invalid argument.', 'status': 'INVALID_ARGUMENT'}}",1/25/26 12:27
2512.02942.pdf,"400 INVALID_ARGUMENT. {'error': {'code': 400, 'message': 'Request contains an invalid argument.', 'status': 'INVALID_ARGUMENT'}}",1/25/26 12:27
2601.12219.pdf,"400 INVALID_ARGUMENT. {'error': {'code': 400, 'message': 'Request contains an invalid argument.', 'status': 'INVALID_ARGUMENT'}}",1/25/26 12:28
2306.12268.pdf,"400 INVALID_ARGUMENT. {'error': {'code': 400, 'message': 'The document has no pages.', 'status': 'INVALID_ARGUMENT'}}",1/25/26 12:28
2506.18844.pdf,"400 INVALID_ARGUMENT. {'error': {'code': 400, 'message': 'Request contains an invalid argument.', 'status': 'INVALID_ARGUMENT'}}",1/25/26 12:28
2501.04150.pdf,"400 INVALID_ARGUMENT. {'error': {'code': 400, 'message': 'Request contains an invalid argument.', 'status': 'INVALID_ARGUMENT'}}",1/25/26 12:29
2409.20353.pdf,"400 INVALID_ARGUMENT. {'error': {'code': 400, 'message': 'Request contains an invalid argument.', 'status': 'INVALID_ARGUMENT'}}",1/25/26 12:30
2401.04575.pdf,"400 INVALID_ARGUMENT. {'error': {'code': 400, 'message': 'Request contains an invalid argument.', 'status': 'INVALID_ARGUMENT'}}",1/25/26 12:30
2412.02332.pdf,"400 INVALID_ARGUMENT. {'error': {'code': 400, 'message': 'Request contains an invalid argument.', 'status': 'INVALID_ARGUMENT'}}",1/25/26 12:30
2312.14219.pdf,"400 INVALID_ARGUMENT. {'error': {'code': 400, 'message': 'Request contains an invalid argument.', 'status': 'INVALID_ARGUMENT'}}",1/25/26 12:30
2311.12056.pdf,"400 INVALID_ARGUMENT. {'error': {'code': 400, 'message': 'Request contains an invalid argument.', 'status': 'INVALID_ARGUMENT'}}",1/25/26 12:30
2406.09638.pdf,"400 INVALID_ARGUMENT. {'error': {'code': 400, 'message': 'Request contains an invalid argument.', 'status': 'INVALID_ARGUMENT'}}",1/25/26 12:30
2309.17058.pdf,"400 INVALID_ARGUMENT. {'error': {'code': 400, 'message': 'Request contains an invalid argument.', 'status': 'INVALID_ARGUMENT'}}",1/25/26 12:31
2305.13353.pdf,"400 INVALID_ARGUMENT. {'error': {'code': 400, 'message': 'Request contains an invalid argument.', 'status': 'INVALID_ARGUMENT'}}",1/25/26 12:31
2412.03015.pdf,"400 INVALID_ARGUMENT. {'error': {'code': 400, 'message': 'Request contains an invalid argument.', 'status': 'INVALID_ARGUMENT'}}",1/25/26 12:31
2305.06278.pdf,"400 INVALID_ARGUMENT. {'error': {'code': 400, 'message': 'Request contains an invalid argument.', 'status': 'INVALID_ARGUMENT'}}",1/25/26 12:32
2309.03763.pdf,"400 INVALID_ARGUMENT. {'error': {'code': 400, 'message': 'Request contains an invalid argument.', 'status': 'INVALID_ARGUMENT'}}",1/25/26 12:32
2304.08174.pdf,"400 INVALID_ARGUMENT. {'error': {'code': 400, 'message': 'Request contains an invalid argument.', 'status': 'INVALID_ARGUMENT'}}",1/25/26 12:32
2309.16499.pdf,"400 INVALID_ARGUMENT. {'error': {'code': 400, 'message': 'Request contains an invalid argument.', 'status': 'INVALID_ARGUMENT'}}",1/25/26 12:33
2306.07244.pdf,"400 INVALID_ARGUMENT. {'error': {'code': 400, 'message': 'Request contains an invalid argument.', 'status': 'INVALID_ARGUMENT'}}",1/25/26 12:33
2309.05128.pdf,"400 INVALID_ARGUMENT. {'error': {'code': 400, 'message': 'Request contains an invalid argument.', 'status': 'INVALID_ARGUMENT'}}",1/25/26 12:33
2304.01986.pdf,"400 INVALID_ARGUMENT. {'error': {'code': 400, 'message': 'Request contains an invalid argument.', 'status': 'INVALID_ARGUMENT'}}",1/25/26 12:33
2309.14859.pdf,"400 INVALID_ARGUMENT. {'error': {'code': 400, 'message': 'Request contains an invalid argument.', 'status': 'INVALID_ARGUMENT'}}",1/25/26 12:33
2305.07710.pdf,"400 INVALID_ARGUMENT. {'error': {'code': 400, 'message': 'Request contains an invalid argument.', 'status': 'INVALID_ARGUMENT'}}",1/25/26 12:34
2303.05321.pdf,"400 INVALID_ARGUMENT. {'error': {'code': 400, 'message': 'Request contains an invalid argument.', 'status': 'INVALID_ARGUMENT'}}",1/25/26 12:34
2208.03552.pdf,"400 INVALID_ARGUMENT. {'error': {'code': 400, 'message': 'Request contains an invalid argument.', 'status': 'INVALID_ARGUMENT'}}",1/25/26 12:35
2210.11262.pdf,"400 INVALID_ARGUMENT. {'error': {'code': 400, 'message': 'Request contains an invalid argument.', 'status': 'INVALID_ARGUMENT'}}",1/25/26 12:35
2305.10084.pdf,"400 INVALID_ARGUMENT. {'error': {'code': 400, 'message': 'Request contains an invalid argument.', 'status': 'INVALID_ARGUMENT'}}",1/25/26 12:35
2209.08742.pdf,"400 INVALID_ARGUMENT. {'error': {'code': 400, 'message': 'Request contains an invalid argument.', 'status': 'INVALID_ARGUMENT'}}",1/25/26 12:35
2209.13064.pdf,"400 INVALID_ARGUMENT. {'error': {'code': 400, 'message': 'Request contains an invalid argument.', 'status': 'INVALID_ARGUMENT'}}",1/25/26 12:35
2209.14225.pdf,"400 INVALID_ARGUMENT. {'error': {'code': 400, 'message': 'Request contains an invalid argument.', 'status': 'INVALID_ARGUMENT'}}",1/25/26 12:36
2206.06427.pdf,"400 INVALID_ARGUMENT. {'error': {'code': 400, 'message': 'Request contains an invalid argument.', 'status': 'INVALID_ARGUMENT'}}",1/25/26 12:36
2302.07416.pdf,"400 INVALID_ARGUMENT. {'error': {'code': 400, 'message': 'Request contains an invalid argument.', 'status': 'INVALID_ARGUMENT'}}",1/25/26 12:36
2205.00705.pdf,"400 INVALID_ARGUMENT. {'error': {'code': 400, 'message': 'Request contains an invalid argument.', 'status': 'INVALID_ARGUMENT'}}",1/25/26 12:36
2112.05907.pdf,"400 INVALID_ARGUMENT. {'error': {'code': 400, 'message': 'Request contains an invalid argument.', 'status': 'INVALID_ARGUMENT'}}",1/25/26 12:36
2406.10401.pdf,"400 INVALID_ARGUMENT. {'error': {'code': 400, 'message': 'Request contains an invalid argument.', 'status': 'INVALID_ARGUMENT'}}",1/25/26 12:36
2205.15997.pdf,"400 INVALID_ARGUMENT. {'error': {'code': 400, 'message': 'Request contains an invalid argument.', 'status': 'INVALID_ARGUMENT'}}",1/25/26 12:36
2108.13958.pdf,"400 INVALID_ARGUMENT. {'error': {'code': 400, 'message': 'Request contains an invalid argument.', 'status': 'INVALID_ARGUMENT'}}",1/25/26 12:37
2202.12426.pdf,"400 INVALID_ARGUMENT. {'error': {'code': 400, 'message': 'Request contains an invalid argument.', 'status': 'INVALID_ARGUMENT'}}",1/25/26 12:37
2203.01941.pdf,"400 INVALID_ARGUMENT. {'error': {'code': 400, 'message': 'Request contains an invalid argument.', 'status': 'INVALID_ARGUMENT'}}",1/25/26 12:37
2011.07252.pdf,"400 INVALID_ARGUMENT. {'error': {'code': 400, 'message': 'Request contains an invalid argument.', 'status': 'INVALID_ARGUMENT'}}",1/25/26 12:37
2203.06649.pdf,"400 INVALID_ARGUMENT. {'error': {'code': 400, 'message': 'Request contains an invalid argument.', 'status': 'INVALID_ARGUMENT'}}",1/25/26 12:38
2010.10032.pdf,"400 INVALID_ARGUMENT. {'error': {'code': 400, 'message': 'Request contains an invalid argument.', 'status': 'INVALID_ARGUMENT'}}",1/25/26 12:38
2203.10712.pdf,"400 INVALID_ARGUMENT. {'error': {'code': 400, 'message': 'Request contains an invalid argument.', 'status': 'INVALID_ARGUMENT'}}",1/25/26 12:38
2105.05473.pdf,"400 INVALID_ARGUMENT. {'error': {'code': 400, 'message': 'Request contains an invalid argument.', 'status': 'INVALID_ARGUMENT'}}",1/25/26 12:38
2402.12522.pdf,"400 INVALID_ARGUMENT. {'error': {'code': 400, 'message': 'Request contains an invalid argument.', 'status': 'INVALID_ARGUMENT'}}",1/25/26 12:38
1808.00031.pdf,"the JSON object must be str, bytes or bytearray, not NoneType",1/25/26 12:39
1808.00566.pdf,"the JSON object must be str, bytes or bytearray, not NoneType",1/25/26 12:39
1807.08624.pdf,"the JSON object must be str, bytes or bytearray, not NoneType",1/25/26 12:39
1807.06056.pdf,"the JSON object must be str, bytes or bytearray, not NoneType",1/25/26 12:40
1807.04618.pdf,"the JSON object must be str, bytes or bytearray, not NoneType",1/25/26 12:40
1807.01569.pdf,"the JSON object must be str, bytes or bytearray, not NoneType",1/25/26 12:41
1807.01679.pdf,"the JSON object must be str, bytes or bytearray, not NoneType",1/25/26 12:41
1807.01232.pdf,"the JSON object must be str, bytes or bytearray, not NoneType",1/25/26 12:41
1807.00146.pdf,"the JSON object must be str, bytes or bytearray, not NoneType",1/25/26 12:41
1807.00645.pdf,"the JSON object must be str, bytes or bytearray, not NoneType",1/25/26 12:42
1806.10803.pdf,"the JSON object must be str, bytes or bytearray, not NoneType",1/25/26 12:43
1806.09029.pdf,"the JSON object must be str, bytes or bytearray, not NoneType",1/25/26 12:43
1806.03252.pdf,"the JSON object must be str, bytes or bytearray, not NoneType",1/25/26 12:44
1805.09601.pdf,"503 UNAVAILABLE. {'error': {'code': 503, 'message': 'The model is overloaded. Please try again later.', 'status': 'UNAVAILABLE'}}",1/25/26 12:46
1804.08834.pdf,"the JSON object must be str, bytes or bytearray, not NoneType",1/25/26 12:49
1804.00118.pdf,"400 INVALID_ARGUMENT. {'error': {'code': 400, 'message': 'Request contains an invalid argument.', 'status': 'INVALID_ARGUMENT'}}",1/25/26 12:51
1803.05399.pdf,"503 UNAVAILABLE. {'error': {'code': 503, 'message': 'The model is overloaded. Please try again later.', 'status': 'UNAVAILABLE'}}",1/25/26 12:53
1801.03164.pdf,"the JSON object must be str, bytes or bytearray, not NoneType",1/25/26 12:58
1712.02084.pdf,"the JSON object must be str, bytes or bytearray, not NoneType",1/25/26 13:01
1711.00793.pdf,"the JSON object must be str, bytes or bytearray, not NoneType",1/25/26 13:05
1710.11446.pdf,"the JSON object must be str, bytes or bytearray, not NoneType",1/25/26 13:06
1710.10400.pdf,"400 INVALID_ARGUMENT. {'error': {'code': 400, 'message': 'Request contains an invalid argument.', 'status': 'INVALID_ARGUMENT'}}",1/25/26 13:06
1710.08795.pdf,"the JSON object must be str, bytes or bytearray, not NoneType",1/25/26 13:07
1710.08873.pdf,"the JSON object must be str, bytes or bytearray, not NoneType",1/25/26 13:07
1709.06247.pdf,"the JSON object must be str, bytes or bytearray, not NoneType",1/25/26 13:11
1709.06175.pdf,"the JSON object must be str, bytes or bytearray, not NoneType",1/25/26 13:11
1709.06165.pdf,"the JSON object must be str, bytes or bytearray, not NoneType",1/25/26 13:12
1709.04859.pdf,"the JSON object must be str, bytes or bytearray, not NoneType",1/25/26 13:12
1709.03126.pdf,"the JSON object must be str, bytes or bytearray, not NoneType",1/25/26 13:13
1708.04133.pdf,"the JSON object must be str, bytes or bytearray, not NoneType",1/25/26 13:16
1708.03698.pdf,"the JSON object must be str, bytes or bytearray, not NoneType",1/25/26 13:16
1708.04325.pdf,"the JSON object must be str, bytes or bytearray, not NoneType",1/25/26 13:17
1708.03020.pdf,"the JSON object must be str, bytes or bytearray, not NoneType",1/25/26 13:17
1707.09299.pdf,"the JSON object must be str, bytes or bytearray, not NoneType",1/25/26 13:19
1707.09316.pdf,"the JSON object must be str, bytes or bytearray, not NoneType",1/25/26 13:19
1707.08767.pdf,"the JSON object must be str, bytes or bytearray, not NoneType",1/25/26 13:19
1707.06468.pdf,"the JSON object must be str, bytes or bytearray, not NoneType",1/25/26 13:20
1707.06347.pdf,"the JSON object must be str, bytes or bytearray, not NoneType",1/25/26 13:20
1707.05455.pdf,"the JSON object must be str, bytes or bytearray, not NoneType",1/25/26 13:21
1707.02610.pdf,"the JSON object must be str, bytes or bytearray, not NoneType",1/25/26 13:22
1707.02063.pdf,"the JSON object must be str, bytes or bytearray, not NoneType",1/25/26 13:22
1707.02353.pdf,"the JSON object must be str, bytes or bytearray, not NoneType",1/25/26 13:22
1706.09953.pdf,"the JSON object must be str, bytes or bytearray, not NoneType",1/25/26 13:23
1706.08789.pdf,"the JSON object must be str, bytes or bytearray, not NoneType",1/25/26 13:23
1706.09544.pdf,"the JSON object must be str, bytes or bytearray, not NoneType",1/25/26 13:23
1704.05519.pdf,"400 INVALID_ARGUMENT. {'error': {'code': 400, 'message': 'Request contains an invalid argument.', 'status': 'INVALID_ARGUMENT'}}",1/25/26 13:33
1701.07354.pdf,"the JSON object must be str, bytes or bytearray, not NoneType",1/25/26 13:43
1701.08053.pdf,"400 Bad Request. {'message': 'Upload has already been terminated.', 'status': 'Bad Request'}",1/25/26 13:44
1612.01105.pdf,"the JSON object must be str, bytes or bytearray, not NoneType",1/25/26 13:46
2601.16979.pdf,"503 UNAVAILABLE. {'error': {'code': 503, 'message': 'The model is overloaded. Please try again later.', 'status': 'UNAVAILABLE'}}",1/26/26 8:49
2601.02760.pdf,"400 INVALID_ARGUMENT. {'error': {'code': 400, 'message': 'Request contains an invalid argument.', 'status': 'INVALID_ARGUMENT'}}",1/26/26 8:53
2509.09613.pdf,"400 INVALID_ARGUMENT. {'error': {'code': 400, 'message': 'Request contains an invalid argument.', 'status': 'INVALID_ARGUMENT'}}",1/26/26 8:54
2512.13660.pdf,"400 INVALID_ARGUMENT. {'error': {'code': 400, 'message': 'Request contains an invalid argument.', 'status': 'INVALID_ARGUMENT'}}",1/26/26 8:54
2512.02942.pdf,"400 INVALID_ARGUMENT. {'error': {'code': 400, 'message': 'Request contains an invalid argument.', 'status': 'INVALID_ARGUMENT'}}",1/26/26 8:54
2510.04876.pdf,"400 INVALID_ARGUMENT. {'error': {'code': 400, 'message': 'Request contains an invalid argument.', 'status': 'INVALID_ARGUMENT'}}",1/26/26 8:55
2510.25725.pdf,"400 INVALID_ARGUMENT. {'error': {'code': 400, 'message': 'Request contains an invalid argument.', 'status': 'INVALID_ARGUMENT'}}",1/26/26 8:55
2509.05892.pdf,"400 INVALID_ARGUMENT. {'error': {'code': 400, 'message': 'Request contains an invalid argument.', 'status': 'INVALID_ARGUMENT'}}",1/26/26 8:55
2511.09894.pdf,"400 INVALID_ARGUMENT. {'error': {'code': 400, 'message': 'Request contains an invalid argument.', 'status': 'INVALID_ARGUMENT'}}",1/26/26 8:55
2512.02790.pdf,"400 INVALID_ARGUMENT. {'error': {'code': 400, 'message': 'Request contains an invalid argument.', 'status': 'INVALID_ARGUMENT'}}",1/26/26 8:56
2510.01287.pdf,"400 INVALID_ARGUMENT. {'error': {'code': 400, 'message': 'Request contains an invalid argument.', 'status': 'INVALID_ARGUMENT'}}",1/26/26 8:56
2506.11302.pdf,"400 INVALID_ARGUMENT. {'error': {'code': 400, 'message': 'Request contains an invalid argument.', 'status': 'INVALID_ARGUMENT'}}",1/26/26 8:56
2601.12219.pdf,"400 INVALID_ARGUMENT. {'error': {'code': 400, 'message': 'Request contains an invalid argument.', 'status': 'INVALID_ARGUMENT'}}",1/26/26 8:56
2505.19415.pdf,"400 INVALID_ARGUMENT. {'error': {'code': 400, 'message': 'Request contains an invalid argument.', 'status': 'INVALID_ARGUMENT'}}",1/26/26 8:56
2510.19819.pdf,"400 INVALID_ARGUMENT. {'error': {'code': 400, 'message': 'Request contains an invalid argument.', 'status': 'INVALID_ARGUMENT'}}",1/26/26 8:56
2505.17064.pdf,"400 INVALID_ARGUMENT. {'error': {'code': 400, 'message': 'Request contains an invalid argument.', 'status': 'INVALID_ARGUMENT'}}",1/26/26 8:56
2505.08560.pdf,"400 INVALID_ARGUMENT. {'error': {'code': 400, 'message': 'Request contains an invalid argument.', 'status': 'INVALID_ARGUMENT'}}",1/26/26 8:56
2503.12387.pdf,"400 INVALID_ARGUMENT. {'error': {'code': 400, 'message': 'Request contains an invalid argument.', 'status': 'INVALID_ARGUMENT'}}",1/26/26 8:57
2505.20426.pdf,"400 INVALID_ARGUMENT. {'error': {'code': 400, 'message': 'Request contains an invalid argument.', 'status': 'INVALID_ARGUMENT'}}",1/26/26 8:57
2306.12268.pdf,"400 INVALID_ARGUMENT. {'error': {'code': 400, 'message': 'The document has no pages.', 'status': 'INVALID_ARGUMENT'}}",1/26/26 8:57
2506.18844.pdf,"400 INVALID_ARGUMENT. {'error': {'code': 400, 'message': 'Request contains an invalid argument.', 'status': 'INVALID_ARGUMENT'}}",1/26/26 8:57
2309.16499.pdf,"400 INVALID_ARGUMENT. {'error': {'code': 400, 'message': 'Request contains an invalid argument.', 'status': 'INVALID_ARGUMENT'}}",1/26/26 8:59
2412.03015.pdf,"400 INVALID_ARGUMENT. {'error': {'code': 400, 'message': 'Request contains an invalid argument.', 'status': 'INVALID_ARGUMENT'}}",1/26/26 8:59
2401.04575.pdf,"400 INVALID_ARGUMENT. {'error': {'code': 400, 'message': 'Request contains an invalid argument.', 'status': 'INVALID_ARGUMENT'}}",1/26/26 8:59
2501.04150.pdf,"400 INVALID_ARGUMENT. {'error': {'code': 400, 'message': 'Request contains an invalid argument.', 'status': 'INVALID_ARGUMENT'}}",1/26/26 9:00
2412.02332.pdf,"400 INVALID_ARGUMENT. {'error': {'code': 400, 'message': 'Request contains an invalid argument.', 'status': 'INVALID_ARGUMENT'}}",1/26/26 9:00
2305.06278.pdf,"400 INVALID_ARGUMENT. {'error': {'code': 400, 'message': 'Request contains an invalid argument.', 'status': 'INVALID_ARGUMENT'}}",1/26/26 9:00
2312.14219.pdf,"400 INVALID_ARGUMENT. {'error': {'code': 400, 'message': 'Request contains an invalid argument.', 'status': 'INVALID_ARGUMENT'}}",1/26/26 9:00
2306.07244.pdf,"400 INVALID_ARGUMENT. {'error': {'code': 400, 'message': 'Request contains an invalid argument.', 'status': 'INVALID_ARGUMENT'}}",1/26/26 9:00
2409.20353.pdf,"400 INVALID_ARGUMENT. {'error': {'code': 400, 'message': 'Request contains an invalid argument.', 'status': 'INVALID_ARGUMENT'}}",1/26/26 9:00
2309.03763.pdf,"400 INVALID_ARGUMENT. {'error': {'code': 400, 'message': 'Request contains an invalid argument.', 'status': 'INVALID_ARGUMENT'}}",1/26/26 9:00
2309.05128.pdf,"400 INVALID_ARGUMENT. {'error': {'code': 400, 'message': 'Request contains an invalid argument.', 'status': 'INVALID_ARGUMENT'}}",1/26/26 9:00
2406.09638.pdf,"400 INVALID_ARGUMENT. {'error': {'code': 400, 'message': 'Request contains an invalid argument.', 'status': 'INVALID_ARGUMENT'}}",1/26/26 9:00
2309.17058.pdf,"400 INVALID_ARGUMENT. {'error': {'code': 400, 'message': 'Request contains an invalid argument.', 'status': 'INVALID_ARGUMENT'}}",1/26/26 9:01
2305.13353.pdf,"400 INVALID_ARGUMENT. {'error': {'code': 400, 'message': 'Request contains an invalid argument.', 'status': 'INVALID_ARGUMENT'}}",1/26/26 9:02
2309.14859.pdf,"400 INVALID_ARGUMENT. {'error': {'code': 400, 'message': 'Request contains an invalid argument.', 'status': 'INVALID_ARGUMENT'}}",1/26/26 9:02
2305.07710.pdf,"400 INVALID_ARGUMENT. {'error': {'code': 400, 'message': 'Request contains an invalid argument.', 'status': 'INVALID_ARGUMENT'}}",1/26/26 9:02
2311.12056.pdf,"400 INVALID_ARGUMENT. {'error': {'code': 400, 'message': 'Request contains an invalid argument.', 'status': 'INVALID_ARGUMENT'}}",1/26/26 9:02
2205.15997.pdf,[Errno 54] Connection reset by peer,1/26/26 9:10
2203.01941.pdf,[Errno 54] Connection reset by peer,1/26/26 9:10
2402.12522.pdf,[Errno 54] Connection reset by peer,1/26/26 9:10
2205.00705.pdf,[Errno 54] Connection reset by peer,1/26/26 9:10
2206.06427.pdf,[Errno 54] Connection reset by peer,1/26/26 9:10
2203.10712.pdf,[Errno 54] Connection reset by peer,1/26/26 9:10
2302.07416.pdf,[Errno 54] Connection reset by peer,1/26/26 9:10
2209.13064.pdf,[Errno 54] Connection reset by peer,1/26/26 9:10
2209.14225.pdf,[Errno 54] Connection reset by peer,1/26/26 9:10
2203.06649.pdf,[Errno 54] Connection reset by peer,1/26/26 9:10
2202.12426.pdf,[Errno 54] Connection reset by peer,1/26/26 9:10
2304.01986.pdf,[Errno 54] Connection reset by peer,1/26/26 9:10
2406.10401.pdf,[Errno 54] Connection reset by peer,1/26/26 9:10
2208.03552.pdf,[Errno 54] Connection reset by peer,1/26/26 9:10
2112.05907.pdf,[Errno 54] Connection reset by peer,1/26/26 9:10
2304.08174.pdf,[Errno 54] Connection reset by peer,1/26/26 9:10
2303.05321.pdf,[Errno 54] Connection reset by peer,1/26/26 9:10
2305.10084.pdf,[Errno 54] Connection reset by peer,1/26/26 9:10
2512.02790.pdf,"400 INVALID_ARGUMENT. {'error': {'code': 400, 'message': 'Request contains an invalid argument.', 'status': 'INVALID_ARGUMENT'}}",1/26/26 9:14
2510.19819.pdf,"400 INVALID_ARGUMENT. {'error': {'code': 400, 'message': 'Request contains an invalid argument.', 'status': 'INVALID_ARGUMENT'}}",1/26/26 9:14
2509.09613.pdf,"400 INVALID_ARGUMENT. {'error': {'code': 400, 'message': 'Request contains an invalid argument.', 'status': 'INVALID_ARGUMENT'}}",1/26/26 9:14
2510.04876.pdf,"400 INVALID_ARGUMENT. {'error': {'code': 400, 'message': 'Request contains an invalid argument.', 'status': 'INVALID_ARGUMENT'}}",1/26/26 9:14
2512.02942.pdf,"400 INVALID_ARGUMENT. {'error': {'code': 400, 'message': 'Request contains an invalid argument.', 'status': 'INVALID_ARGUMENT'}}",1/26/26 9:14
2601.02760.pdf,"400 INVALID_ARGUMENT. {'error': {'code': 400, 'message': 'Request contains an invalid argument.', 'status': 'INVALID_ARGUMENT'}}",1/26/26 9:14
2505.20426.pdf,"400 INVALID_ARGUMENT. {'error': {'code': 400, 'message': 'Request contains an invalid argument.', 'status': 'INVALID_ARGUMENT'}}",1/26/26 9:15
2509.05892.pdf,"400 INVALID_ARGUMENT. {'error': {'code': 400, 'message': 'Request contains an invalid argument.', 'status': 'INVALID_ARGUMENT'}}",1/26/26 9:15
2510.25725.pdf,"400 INVALID_ARGUMENT. {'error': {'code': 400, 'message': 'Request contains an invalid argument.', 'status': 'INVALID_ARGUMENT'}}",1/26/26 9:15
2503.12387.pdf,"400 INVALID_ARGUMENT. {'error': {'code': 400, 'message': 'Request contains an invalid argument.', 'status': 'INVALID_ARGUMENT'}}",1/26/26 9:15
2506.11302.pdf,"400 INVALID_ARGUMENT. {'error': {'code': 400, 'message': 'Request contains an invalid argument.', 'status': 'INVALID_ARGUMENT'}}",1/26/26 9:15
2511.09894.pdf,"400 INVALID_ARGUMENT. {'error': {'code': 400, 'message': 'Request contains an invalid argument.', 'status': 'INVALID_ARGUMENT'}}",1/26/26 9:15
2505.17064.pdf,"400 INVALID_ARGUMENT. {'error': {'code': 400, 'message': 'Request contains an invalid argument.', 'status': 'INVALID_ARGUMENT'}}",1/26/26 9:15
2512.13660.pdf,"400 INVALID_ARGUMENT. {'error': {'code': 400, 'message': 'Request contains an invalid argument.', 'status': 'INVALID_ARGUMENT'}}",1/26/26 9:16
2505.19415.pdf,"400 INVALID_ARGUMENT. {'error': {'code': 400, 'message': 'Request contains an invalid argument.', 'status': 'INVALID_ARGUMENT'}}",1/26/26 9:16
2510.01287.pdf,"400 INVALID_ARGUMENT. {'error': {'code': 400, 'message': 'Request contains an invalid argument.', 'status': 'INVALID_ARGUMENT'}}",1/26/26 9:16
2506.18844.pdf,"400 INVALID_ARGUMENT. {'error': {'code': 400, 'message': 'Request contains an invalid argument.', 'status': 'INVALID_ARGUMENT'}}",1/26/26 9:16
2601.12219.pdf,"400 INVALID_ARGUMENT. {'error': {'code': 400, 'message': 'Request contains an invalid argument.', 'status': 'INVALID_ARGUMENT'}}",1/26/26 9:16
2505.08560.pdf,"400 INVALID_ARGUMENT. {'error': {'code': 400, 'message': 'Request contains an invalid argument.', 'status': 'INVALID_ARGUMENT'}}",1/26/26 9:16
2306.12268.pdf,"400 INVALID_ARGUMENT. {'error': {'code': 400, 'message': 'The document has no pages.', 'status': 'INVALID_ARGUMENT'}}",1/26/26 9:17
2412.02332.pdf,"400 INVALID_ARGUMENT. {'error': {'code': 400, 'message': 'Request contains an invalid argument.', 'status': 'INVALID_ARGUMENT'}}",1/26/26 9:17
2501.04150.pdf,"400 INVALID_ARGUMENT. {'error': {'code': 400, 'message': 'Request contains an invalid argument.', 'status': 'INVALID_ARGUMENT'}}",1/26/26 9:17
2311.12056.pdf,"400 INVALID_ARGUMENT. {'error': {'code': 400, 'message': 'Request contains an invalid argument.', 'status': 'INVALID_ARGUMENT'}}",1/26/26 9:18
2401.04575.pdf,"400 INVALID_ARGUMENT. {'error': {'code': 400, 'message': 'Request contains an invalid argument.', 'status': 'INVALID_ARGUMENT'}}",1/26/26 9:18
2312.14219.pdf,"400 INVALID_ARGUMENT. {'error': {'code': 400, 'message': 'Request contains an invalid argument.', 'status': 'INVALID_ARGUMENT'}}",1/26/26 9:18
2309.03763.pdf,"400 INVALID_ARGUMENT. {'error': {'code': 400, 'message': 'Request contains an invalid argument.', 'status': 'INVALID_ARGUMENT'}}",1/26/26 9:19
2409.20353.pdf,"400 INVALID_ARGUMENT. {'error': {'code': 400, 'message': 'Request contains an invalid argument.', 'status': 'INVALID_ARGUMENT'}}",1/26/26 9:19
2305.13353.pdf,"400 INVALID_ARGUMENT. {'error': {'code': 400, 'message': 'Request contains an invalid argument.', 'status': 'INVALID_ARGUMENT'}}",1/26/26 9:19
2412.03015.pdf,"400 INVALID_ARGUMENT. {'error': {'code': 400, 'message': 'Request contains an invalid argument.', 'status': 'INVALID_ARGUMENT'}}",1/26/26 9:19
2406.09638.pdf,"400 INVALID_ARGUMENT. {'error': {'code': 400, 'message': 'Request contains an invalid argument.', 'status': 'INVALID_ARGUMENT'}}",1/26/26 9:20
2309.05128.pdf,"400 INVALID_ARGUMENT. {'error': {'code': 400, 'message': 'Request contains an invalid argument.', 'status': 'INVALID_ARGUMENT'}}",1/26/26 9:20
2309.17058.pdf,"400 INVALID_ARGUMENT. {'error': {'code': 400, 'message': 'Request contains an invalid argument.', 'status': 'INVALID_ARGUMENT'}}",1/26/26 9:20
2305.07710.pdf,"400 INVALID_ARGUMENT. {'error': {'code': 400, 'message': 'Request contains an invalid argument.', 'status': 'INVALID_ARGUMENT'}}",1/26/26 9:20
2309.16499.pdf,"400 INVALID_ARGUMENT. {'error': {'code': 400, 'message': 'Request contains an invalid argument.', 'status': 'INVALID_ARGUMENT'}}",1/26/26 9:21
2304.08174.pdf,"400 INVALID_ARGUMENT. {'error': {'code': 400, 'message': 'Request contains an invalid argument.', 'status': 'INVALID_ARGUMENT'}}",1/26/26 9:21
2306.07244.pdf,"400 INVALID_ARGUMENT. {'error': {'code': 400, 'message': 'Request contains an invalid argument.', 'status': 'INVALID_ARGUMENT'}}",1/26/26 9:21
2210.11262.pdf,"400 INVALID_ARGUMENT. {'error': {'code': 400, 'message': 'Request contains an invalid argument.', 'status': 'INVALID_ARGUMENT'}}",1/26/26 9:21
2305.06278.pdf,"400 INVALID_ARGUMENT. {'error': {'code': 400, 'message': 'Request contains an invalid argument.', 'status': 'INVALID_ARGUMENT'}}",1/26/26 9:21
2309.14859.pdf,"400 INVALID_ARGUMENT. {'error': {'code': 400, 'message': 'Request contains an invalid argument.', 'status': 'INVALID_ARGUMENT'}}",1/26/26 9:21
2208.03552.pdf,"400 INVALID_ARGUMENT. {'error': {'code': 400, 'message': 'Request contains an invalid argument.', 'status': 'INVALID_ARGUMENT'}}",1/26/26 9:22
2304.01986.pdf,"400 INVALID_ARGUMENT. {'error': {'code': 400, 'message': 'Request contains an invalid argument.', 'status': 'INVALID_ARGUMENT'}}",1/26/26 9:22
2302.07416.pdf,"400 INVALID_ARGUMENT. {'error': {'code': 400, 'message': 'Request contains an invalid argument.', 'status': 'INVALID_ARGUMENT'}}",1/26/26 9:23
2406.10401.pdf,"400 INVALID_ARGUMENT. {'error': {'code': 400, 'message': 'Request contains an invalid argument.', 'status': 'INVALID_ARGUMENT'}}",1/26/26 9:23
2205.00705.pdf,"400 INVALID_ARGUMENT. {'error': {'code': 400, 'message': 'Request contains an invalid argument.', 'status': 'INVALID_ARGUMENT'}}",1/26/26 9:23
2209.14225.pdf,"400 INVALID_ARGUMENT. {'error': {'code': 400, 'message': 'Request contains an invalid argument.', 'status': 'INVALID_ARGUMENT'}}",1/26/26 9:23
1807.08624.pdf,"503 UNAVAILABLE. {'error': {'code': 503, 'message': 'The model is overloaded. Please try again later.', 'status': 'UNAVAILABLE'}}",1/26/26 9:23
2303.05321.pdf,"400 INVALID_ARGUMENT. {'error': {'code': 400, 'message': 'Request contains an invalid argument.', 'status': 'INVALID_ARGUMENT'}}",1/26/26 9:23
2305.10084.pdf,"400 INVALID_ARGUMENT. {'error': {'code': 400, 'message': 'Request contains an invalid argument.', 'status': 'INVALID_ARGUMENT'}}",1/26/26 9:24
2209.08742.pdf,"400 INVALID_ARGUMENT. {'error': {'code': 400, 'message': 'Request contains an invalid argument.', 'status': 'INVALID_ARGUMENT'}}",1/26/26 9:24
2206.06427.pdf,"400 INVALID_ARGUMENT. {'error': {'code': 400, 'message': 'Request contains an invalid argument.', 'status': 'INVALID_ARGUMENT'}}",1/26/26 9:24
2209.13064.pdf,"400 INVALID_ARGUMENT. {'error': {'code': 400, 'message': 'Request contains an invalid argument.', 'status': 'INVALID_ARGUMENT'}}",1/26/26 9:24
2205.15997.pdf,"400 INVALID_ARGUMENT. {'error': {'code': 400, 'message': 'Request contains an invalid argument.', 'status': 'INVALID_ARGUMENT'}}",1/26/26 9:24
2203.01941.pdf,"400 INVALID_ARGUMENT. {'error': {'code': 400, 'message': 'Request contains an invalid argument.', 'status': 'INVALID_ARGUMENT'}}",1/26/26 9:24
2108.13958.pdf,"400 INVALID_ARGUMENT. {'error': {'code': 400, 'message': 'Request contains an invalid argument.', 'status': 'INVALID_ARGUMENT'}}",1/26/26 9:24
2202.12426.pdf,"400 INVALID_ARGUMENT. {'error': {'code': 400, 'message': 'Request contains an invalid argument.', 'status': 'INVALID_ARGUMENT'}}",1/26/26 9:24
2112.05907.pdf,"400 INVALID_ARGUMENT. {'error': {'code': 400, 'message': 'Request contains an invalid argument.', 'status': 'INVALID_ARGUMENT'}}",1/26/26 9:25
2203.06649.pdf,"400 INVALID_ARGUMENT. {'error': {'code': 400, 'message': 'Request contains an invalid argument.', 'status': 'INVALID_ARGUMENT'}}",1/26/26 9:25
2011.07252.pdf,"400 INVALID_ARGUMENT. {'error': {'code': 400, 'message': 'Request contains an invalid argument.', 'status': 'INVALID_ARGUMENT'}}",1/26/26 9:25
2010.10032.pdf,"400 INVALID_ARGUMENT. {'error': {'code': 400, 'message': 'Request contains an invalid argument.', 'status': 'INVALID_ARGUMENT'}}",1/26/26 9:25
1710.10400.pdf,"400 INVALID_ARGUMENT. {'error': {'code': 400, 'message': 'Request contains an invalid argument.', 'status': 'INVALID_ARGUMENT'}}",1/26/26 9:26
1804.00118.pdf,"400 INVALID_ARGUMENT. {'error': {'code': 400, 'message': 'Request contains an invalid argument.', 'status': 'INVALID_ARGUMENT'}}",1/26/26 9:26
2203.10712.pdf,"400 INVALID_ARGUMENT. {'error': {'code': 400, 'message': 'Request contains an invalid argument.', 'status': 'INVALID_ARGUMENT'}}",1/26/26 9:26
2105.05473.pdf,"400 INVALID_ARGUMENT. {'error': {'code': 400, 'message': 'Request contains an invalid argument.', 'status': 'INVALID_ARGUMENT'}}",1/26/26 9:26
1704.05519.pdf,"400 INVALID_ARGUMENT. {'error': {'code': 400, 'message': 'Request contains an invalid argument.', 'status': 'INVALID_ARGUMENT'}}",1/26/26 9:26
2402.12522.pdf,"400 INVALID_ARGUMENT. {'error': {'code': 400, 'message': 'Request contains an invalid argument.', 'status': 'INVALID_ARGUMENT'}}",1/26/26 9:262601.20705.pdf,"400 INVALID_ARGUMENT. {'error': {'code': 400, 'message': 'Request contains an invalid argument.', 'status': 'INVALID_ARGUMENT'}}",2026-01-29 06:09:17
2601.21296.pdf,"400 INVALID_ARGUMENT. {'error': {'code': 400, 'message': 'Request contains an invalid argument.', 'status': 'INVALID_ARGUMENT'}}",2026-01-30 15:51:15
2601.20705.pdf,"400 INVALID_ARGUMENT. {'error': {'code': 400, 'message': 'Request contains an invalid argument.', 'status': 'INVALID_ARGUMENT'}}",2026-01-30 15:55:40
2602.03809.pdf,"400 INVALID_ARGUMENT. {'error': {'code': 400, 'message': 'Request contains an invalid argument.', 'status': 'INVALID_ARGUMENT'}}",2026-02-04 15:05:53
2602.05133.pdf,"400 INVALID_ARGUMENT. {'error': {'code': 400, 'message': 'The document has no pages.', 'status': 'INVALID_ARGUMENT'}}",2026-02-06 12:35:46
2602.04939.pdf,"400 INVALID_ARGUMENT. {'error': {'code': 400, 'message': 'Request contains an invalid argument.', 'status': 'INVALID_ARGUMENT'}}",2026-02-06 12:37:35
2510.00761.pdf,"400 INVALID_ARGUMENT. {'error': {'code': 400, 'message': 'Request contains an invalid argument.', 'status': 'INVALID_ARGUMENT'}}",2026-02-06 12:39:35
2602.08602.pdf,"400 INVALID_ARGUMENT. {'error': {'code': 400, 'message': 'Request contains an invalid argument.', 'status': 'INVALID_ARGUMENT'}}",2026-02-10 14:09:40
2602.09929.pdf,"400 INVALID_ARGUMENT. {'error': {'code': 400, 'message': 'Request contains an invalid argument.', 'status': 'INVALID_ARGUMENT'}}",2026-02-11 14:36:54
2602.11244.pdf,"400 INVALID_ARGUMENT. {'error': {'code': 400, 'message': 'Request contains an invalid argument.', 'status': 'INVALID_ARGUMENT'}}",2026-02-13 12:58:01
2602.13195.pdf,"400 INVALID_ARGUMENT. {'error': {'code': 400, 'message': 'Request contains an invalid argument.', 'status': 'INVALID_ARGUMENT'}}",2026-02-16 15:19:06
2507.09043.pdf,"400 INVALID_ARGUMENT. {'error': {'code': 400, 'message': 'Failed to create file.', 'status': 'INVALID_ARGUMENT'}}",2026-02-16 15:27:33
2412.16543.pdf,"400 INVALID_ARGUMENT. {'error': {'code': 400, 'message': 'Failed to create file.', 'status': 'INVALID_ARGUMENT'}}",2026-02-16 15:29:03
2602.14979.pdf,"400 INVALID_ARGUMENT. {'error': {'code': 400, 'message': 'Request contains an invalid argument.', 'status': 'INVALID_ARGUMENT'}}",2026-02-17 13:17:45
2602.14226.pdf,"400 INVALID_ARGUMENT. {'error': {'code': 400, 'message': 'Failed to create file.', 'status': 'INVALID_ARGUMENT'}}",2026-02-17 13:24:42
2602.13964.pdf,"400 INVALID_ARGUMENT. {'error': {'code': 400, 'message': 'Failed to create file.', 'status': 'INVALID_ARGUMENT'}}",2026-02-17 13:27:43
2602.13746.pdf,"400 INVALID_ARGUMENT. {'error': {'code': 400, 'message': 'Failed to create file.', 'status': 'INVALID_ARGUMENT'}}",2026-02-17 13:29:50
2602.13650.pdf,"400 INVALID_ARGUMENT. {'error': {'code': 400, 'message': 'Failed to create file.', 'status': 'INVALID_ARGUMENT'}}",2026-02-17 13:30:55
2602.13574.pdf,"400 INVALID_ARGUMENT. {'error': {'code': 400, 'message': 'Failed to create file.', 'status': 'INVALID_ARGUMENT'}}",2026-02-17 13:31:57
2602.16855.pdf,"400 INVALID_ARGUMENT. {'error': {'code': 400, 'message': 'Request contains an invalid argument.', 'status': 'INVALID_ARGUMENT'}}",2026-02-20 12:51:27
2602.20028.pdf,"400 INVALID_ARGUMENT. {'error': {'code': 400, 'message': 'Request contains an invalid argument.', 'status': 'INVALID_ARGUMENT'}}",2026-02-24 13:07:31
2602.20985.pdf,"503 UNAVAILABLE. {'error': {'code': 503, 'message': 'This model is currently experiencing high demand. Spikes in demand are usually temporary. Please try again later.', 'status': 'UNAVAILABLE'}}",2026-02-25 13:34:00
2602.20479.pdf,"503 UNAVAILABLE. {'error': {'code': 503, 'message': 'This model is currently experiencing high demand. Spikes in demand are usually temporary. Please try again later.', 'status': 'UNAVAILABLE'}}",2026-02-25 13:39:12
2502.03393.pdf,"503 UNAVAILABLE. {'error': {'code': 503, 'message': 'This model is currently experiencing high demand. Spikes in demand are usually temporary. Please try again later.', 'status': 'UNAVAILABLE'}}",2026-02-25 13:46:45
2602.22025.pdf,"400 INVALID_ARGUMENT. {'error': {'code': 400, 'message': 'Request contains an invalid argument.', 'status': 'INVALID_ARGUMENT'}}",2026-02-26 14:40:42
2512.07608.pdf,"503 Service Unavailable. {'message': '', 'status': 'Service Unavailable'}",2026-02-28 14:40:49
2512.00807.pdf,"400 INVALID_ARGUMENT. {'error': {'code': 400, 'message': 'Request contains an invalid argument.', 'status': 'INVALID_ARGUMENT'}}",2026-02-28 14:43:52
2511.12452.pdf,"400 INVALID_ARGUMENT. {'error': {'code': 400, 'message': 'Request contains an invalid argument.', 'status': 'INVALID_ARGUMENT'}}",2026-02-28 14:48:39
2511.10089.pdf,"Expecting ',' delimiter: line 12 column 1 (char 756)",2026-02-28 14:50:05
2509.08940.pdf,"400 INVALID_ARGUMENT. {'error': {'code': 400, 'message': 'Request contains an invalid argument.', 'status': 'INVALID_ARGUMENT'}}",2026-02-28 15:19:39
2506.06772.pdf,"503 Service Unavailable. {'message': '', 'status': 'Service Unavailable'}",2026-02-28 15:54:31
2503.03888.pdf,"400 INVALID_ARGUMENT. {'error': {'code': 400, 'message': 'Request contains an invalid argument.', 'status': 'INVALID_ARGUMENT'}}",2026-02-28 16:36:43
2407.02066.pdf,Expecting property name enclosed in double quotes: line 12 column 1 (char 653),2026-02-28 18:03:23
2404.13465.pdf,"400 Bad Request. {'message': 'Upload has already been terminated.', 'status': 'Bad Request'}",2026-02-28 18:27:36
2302.12254.pdf,"400 Bad Request. {'message': 'Upload has already been terminated.', 'status': 'Bad Request'}",2026-02-28 20:07:09
2302.08709.pdf,"503 Service Unavailable. {'message': '', 'status': 'Service Unavailable'}",2026-02-28 20:07:50
2509.19100.pdf,"400 INVALID_ARGUMENT. {'error': {'code': 400, 'message': 'Request contains an invalid argument.', 'status': 'INVALID_ARGUMENT'}}",2026-03-14 15:50:10
2505.12677.pdf,"400 INVALID_ARGUMENT. {'error': {'code': 400, 'message': 'Request contains an invalid argument.', 'status': 'INVALID_ARGUMENT'}}",2026-03-14 17:56:18
2502.19263.pdf,"400 INVALID_ARGUMENT. {'error': {'code': 400, 'message': 'Request contains an invalid argument.', 'status': 'INVALID_ARGUMENT'}}",2026-03-14 18:48:43
2412.10493.pdf,"400 INVALID_ARGUMENT. {'error': {'code': 400, 'message': 'Request contains an invalid argument.', 'status': 'INVALID_ARGUMENT'}}",2026-03-14 19:46:52
2403.15013.pdf,"400 INVALID_ARGUMENT. {'error': {'code': 400, 'message': 'Request contains an invalid argument.', 'status': 'INVALID_ARGUMENT'}}",2026-03-14 23:28:24
2203.10369.pdf,"the JSON object must be str, bytes or bytearray, not NoneType",2026-03-15 03:15:17
1910.04760.pdf,"400 INVALID_ARGUMENT. {'error': {'code': 400, 'message': 'Request contains an invalid argument.', 'status': 'INVALID_ARGUMENT'}}",2026-03-15 05:05:57
1406.3855.pdf,"400 INVALID_ARGUMENT. {'error': {'code': 400, 'message': 'Request contains an invalid argument.', 'status': 'INVALID_ARGUMENT'}}",2026-03-15 05:57:10
2603.17220.pdf,"400 INVALID_ARGUMENT. {'error': {'code': 400, 'message': 'Request contains an invalid argument.', 'status': 'INVALID_ARGUMENT'}}",2026-03-19 13:56:16
2603.14093.pdf,"400 INVALID_ARGUMENT. {'error': {'code': 400, 'message': 'Request contains an invalid argument.', 'status': 'INVALID_ARGUMENT'}}",2026-03-24 16:52:53
2605.12406.pdf,The read operation timed out,2026-05-13 12:08:01
2605.12255.pdf,The read operation timed out,2026-05-13 12:08:01
2605.12382.pdf,The read operation timed out,2026-05-13 12:08:01
2605.12452.pdf,The read operation timed out,2026-05-13 12:08:01
2605.12299.pdf,The read operation timed out,2026-05-13 12:08:01
2605.12273.pdf,The read operation timed out,2026-05-13 12:08:01
2605.12339.pdf,The read operation timed out,2026-05-13 12:08:01
2605.12290.pdf,The read operation timed out,2026-05-13 12:08:01
2605.12251.pdf,The read operation timed out,2026-05-13 12:08:02
2605.12199.pdf,The read operation timed out,2026-05-13 12:08:02
2605.12195.pdf,The read operation timed out,2026-05-13 12:08:02
2605.12147.pdf,The read operation timed out,2026-05-13 12:08:02
2605.12128.pdf,The read operation timed out,2026-05-13 12:08:02
2605.11887.pdf,The read operation timed out,2026-05-13 12:08:02
2605.12120.pdf,The read operation timed out,2026-05-13 12:08:02
2605.11672.pdf,The read operation timed out,2026-05-13 12:09:01
2605.11865.pdf,The read operation timed out,2026-05-13 12:09:01
2605.11679.pdf,The read operation timed out,2026-05-13 12:09:01
2605.11664.pdf,The read operation timed out,2026-05-13 12:09:01
2605.11882.pdf,The read operation timed out,2026-05-13 12:09:01
2605.11614.pdf,The read operation timed out,2026-05-13 12:09:01
2605.11426.pdf,The read operation timed out,2026-05-13 12:09:01
2605.11483.pdf,The read operation timed out,2026-05-13 12:09:02
2605.11405.pdf,The read operation timed out,2026-05-13 12:09:02
2605.13825.pdf,The read operation timed out,2026-05-14 12:06:07
2605.13751.pdf,The read operation timed out,2026-05-14 12:06:07
2605.13601.pdf,The read operation timed out,2026-05-14 12:06:07
2605.13841.pdf,The read operation timed out,2026-05-14 12:06:07
2605.13759.pdf,The read operation timed out,2026-05-14 12:06:07
2605.13801.pdf,The read operation timed out,2026-05-14 12:06:07
2605.13415.pdf,The read operation timed out,2026-05-14 12:06:07
2605.13579.pdf,The read operation timed out,2026-05-14 12:06:08
2605.13411.pdf,The read operation timed out,2026-05-14 12:06:08
2605.13362.pdf,The read operation timed out,2026-05-14 12:06:08
2605.13334.pdf,The read operation timed out,2026-05-14 12:06:08
2605.13318.pdf,The read operation timed out,2026-05-14 12:06:08
2605.13339.pdf,The read operation timed out,2026-05-14 12:06:08
2605.13329.pdf,The read operation timed out,2026-05-14 12:06:08
2605.13307.pdf,The read operation timed out,2026-05-14 12:06:08
2605.13261.pdf,The read operation timed out,2026-05-14 12:07:07
2605.15177.pdf,The read operation timed out,2026-05-15 12:04:59
2605.15081.pdf,The read operation timed out,2026-05-15 12:04:59
2605.15020.pdf,The read operation timed out,2026-05-15 12:04:59
2605.15118.pdf,The read operation timed out,2026-05-15 12:04:59
2605.15071.pdf,The read operation timed out,2026-05-15 12:04:59
2605.15034.pdf,The read operation timed out,2026-05-15 12:05:00
2605.14746.pdf,The read operation timed out,2026-05-15 16:00:54
2605.14723.pdf,The read operation timed out,2026-05-15 16:00:54
2605.14749.pdf,The read operation timed out,2026-05-15 16:00:54
2605.14750.pdf,The read operation timed out,2026-05-15 16:00:54
2605.14765.pdf,The read operation timed out,2026-05-15 16:00:54
2605.14744.pdf,The read operation timed out,2026-05-15 16:00:54
2605.14912.pdf,The read operation timed out,2026-05-15 16:00:54
2605.14705.pdf,The read operation timed out,2026-05-15 16:00:54
2605.14604.pdf,The read operation timed out,2026-05-15 16:00:54
2605.14660.pdf,The read operation timed out,2026-05-15 16:00:55
2605.14454.pdf,The read operation timed out,2026-05-15 16:00:55
2605.14544.pdf,The read operation timed out,2026-05-15 16:00:55
2605.14418.pdf,The read operation timed out,2026-05-15 16:00:55
2605.14381.pdf,The read operation timed out,2026-05-15 16:00:55
2605.14605.pdf,The read operation timed out,2026-05-15 16:00:55
2605.14218.pdf,The read operation timed out,2026-05-15 16:01:54
2605.14152.pdf,The read operation timed out,2026-05-15 16:01:54
2605.14420.pdf,The read operation timed out,2026-05-15 16:01:54
2605.14352.pdf,The read operation timed out,2026-05-15 16:01:54
2605.14266.pdf,The read operation timed out,2026-05-15 16:01:54
2605.14354.pdf,The read operation timed out,2026-05-15 16:01:54
2605.14097.pdf,The read operation timed out,2026-05-15 16:01:54
2605.14194.pdf,The read operation timed out,2026-05-15 16:01:54
2605.13898.pdf,The read operation timed out,2026-05-15 16:01:54
2605.14087.pdf,The read operation timed out,2026-05-15 16:01:55
2605.13055.pdf,The read operation timed out,2026-05-15 16:01:55
2605.14034.pdf,The read operation timed out,2026-05-15 16:01:55
2605.13113.pdf,The read operation timed out,2026-05-15 16:01:55
2605.13077.pdf,The read operation timed out,2026-05-15 16:01:55
2605.13043.pdf,The read operation timed out,2026-05-15 16:01:55
2605.12963.pdf,The read operation timed out,2026-05-15 16:02:54
2605.12991.pdf,The read operation timed out,2026-05-15 16:02:54
2605.14074.pdf,The read operation timed out,2026-05-15 16:02:54
2605.12895.pdf,The read operation timed out,2026-05-15 16:02:54
2605.12876.pdf,The read operation timed out,2026-05-15 16:02:54
2605.12898.pdf,The read operation timed out,2026-05-15 16:02:54
2605.12869.pdf,The read operation timed out,2026-05-15 16:02:54
2605.12856.pdf,The read operation timed out,2026-05-15 16:02:54
2605.12850.pdf,The read operation timed out,2026-05-15 16:02:54
2605.12814.pdf,The read operation timed out,2026-05-15 16:02:55
2605.12798.pdf,The read operation timed out,2026-05-15 16:02:55
2605.12780.pdf,The read operation timed out,2026-05-15 16:02:55
2605.12772.pdf,The read operation timed out,2026-05-15 16:02:55
2605.12765.pdf,The read operation timed out,2026-05-15 16:02:55
2605.12748.pdf,The read operation timed out,2026-05-15 16:02:55
2605.12717.pdf,The read operation timed out,2026-05-15 16:03:54
2605.12682.pdf,The read operation timed out,2026-05-15 16:03:54
2605.12718.pdf,The read operation timed out,2026-05-15 16:03:54
2605.12702.pdf,The read operation timed out,2026-05-15 16:03:54
2605.12726.pdf,The read operation timed out,2026-05-15 16:03:54
2605.12701.pdf,The read operation timed out,2026-05-15 16:03:54
2605.12643.pdf,The read operation timed out,2026-05-15 16:03:54
2605.12623.pdf,The read operation timed out,2026-05-15 16:03:54
2605.12613.pdf,The read operation timed out,2026-05-15 16:03:55
2605.11789.pdf,The read operation timed out,2026-05-15 16:03:55
2605.11997.pdf,The read operation timed out,2026-05-15 16:03:55
2605.11712.pdf,The read operation timed out,2026-05-15 16:03:55
2605.12015.pdf,The read operation timed out,2026-05-15 16:03:55
2605.11373.pdf,The read operation timed out,2026-05-15 16:03:55
2605.12075.pdf,The read operation timed out,2026-05-15 16:03:55
2605.11365.pdf,The read operation timed out,2026-05-15 16:04:54
2605.11195.pdf,The read operation timed out,2026-05-15 16:04:54
2605.11272.pdf,The read operation timed out,2026-05-15 16:04:54
2605.11362.pdf,The read operation timed out,2026-05-15 16:04:54
2605.11240.pdf,The read operation timed out,2026-05-15 16:04:54
2605.11345.pdf,The read operation timed out,2026-05-15 16:04:54
2605.11303.pdf,The read operation timed out,2026-05-15 16:04:54
2605.11341.pdf,The read operation timed out,2026-05-15 16:04:54
2605.16153.pdf,The read operation timed out,2026-05-18 12:05:31
2605.16237.pdf,The read operation timed out,2026-05-18 12:05:31
2605.16198.pdf,The read operation timed out,2026-05-18 12:05:31
2605.16113.pdf,The read operation timed out,2026-05-18 12:05:31
2605.16000.pdf,The read operation timed out,2026-05-18 12:05:31
2605.16193.pdf,The read operation timed out,2026-05-18 12:05:31
2605.16245.pdf,The read operation timed out,2026-05-18 12:05:32
2605.16041.pdf,The read operation timed out,2026-05-18 12:05:32
2605.15990.pdf,The read operation timed out,2026-05-18 12:05:32
2605.15915.pdf,The read operation timed out,2026-05-18 12:05:32
2605.15984.pdf,The read operation timed out,2026-05-18 12:05:32
2605.15641.pdf,The read operation timed out,2026-05-18 12:05:32
2605.15790.pdf,The read operation timed out,2026-05-18 12:05:32
2605.15854.pdf,The read operation timed out,2026-05-18 12:05:32
2605.15613.pdf,The read operation timed out,2026-05-18 12:05:32
2605.15598.pdf,The read operation timed out,2026-05-18 12:06:31
2605.15398.pdf,The read operation timed out,2026-05-18 12:06:31
2605.15217.pdf,The read operation timed out,2026-05-18 12:06:31
2605.15504.pdf,The read operation timed out,2026-05-18 12:06:31
2605.15239.pdf,The read operation timed out,2026-05-18 12:06:31
2605.15455.pdf,The read operation timed out,2026-05-18 12:06:32
2605.15295.pdf,The read operation timed out,2026-05-18 12:06:32
2605.15257.pdf,The read operation timed out,2026-05-18 12:06:32
2605.15208.pdf,The read operation timed out,2026-05-18 12:06:32
2603.13452.pdf,The read operation timed out,2026-05-18 12:06:32
2605.06390.pdf,The read operation timed out,2026-05-18 12:06:32
2605.18738.pdf,The read operation timed out,2026-05-19 12:05:42
2605.18673.pdf,The read operation timed out,2026-05-19 12:05:42
2605.18423.pdf,The read operation timed out,2026-05-19 12:05:42
2605.18661.pdf,The read operation timed out,2026-05-19 12:05:42
2605.18618.pdf,The read operation timed out,2026-05-19 12:05:42
2605.18372.pdf,The read operation timed out,2026-05-19 12:05:42
2605.18395.pdf,The read operation timed out,2026-05-19 12:05:42
2605.18549.pdf,The read operation timed out,2026-05-19 12:05:42
2605.20081.pdf,The read operation timed out,2026-05-20 12:05:40
2605.20069.pdf,The read operation timed out,2026-05-20 12:05:40
2605.19638.pdf,The read operation timed out,2026-05-20 12:05:40
2605.19798.pdf,The read operation timed out,2026-05-20 12:05:40
2605.20070.pdf,The read operation timed out,2026-05-20 12:05:40
2605.19940.pdf,The read operation timed out,2026-05-20 12:05:40
2605.19722.pdf,The read operation timed out,2026-05-20 12:05:40
2605.19915.pdf,The read operation timed out,2026-05-20 12:05:40
2605.19351.pdf,The read operation timed out,2026-05-20 16:14:06
2605.19328.pdf,The read operation timed out,2026-05-20 16:14:06
2605.19549.pdf,The read operation timed out,2026-05-20 16:14:06
2605.19393.pdf,The read operation timed out,2026-05-20 16:14:06
2605.19485.pdf,The read operation timed out,2026-05-20 16:14:06
2605.19270.pdf,The read operation timed out,2026-05-20 16:14:06
2605.19321.pdf,The read operation timed out,2026-05-20 16:14:06
2605.19190.pdf,The read operation timed out,2026-05-20 16:14:06
2605.19161.pdf,The read operation timed out,2026-05-20 16:14:06
2604.15343.pdf,The read operation timed out,2026-05-20 16:14:06
2605.17480.pdf,The read operation timed out,2026-05-20 16:14:06
2605.16626.pdf,The read operation timed out,2026-05-20 16:14:06
2605.20069.pdf,The read operation timed out,2026-05-20 17:22:34
2605.20081.pdf,The read operation timed out,2026-05-20 17:22:34
2605.20070.pdf,The read operation timed out,2026-05-20 17:22:34
2605.19638.pdf,The read operation timed out,2026-05-20 17:22:34
2605.19915.pdf,The read operation timed out,2026-05-20 17:22:34
2605.19798.pdf,The read operation timed out,2026-05-20 17:22:34
2605.19940.pdf,The read operation timed out,2026-05-20 17:22:34
2605.19722.pdf,"400 INVALID_ARGUMENT. {'error': {'code': 400, 'message': 'Manually set deadline 1s is too short. Minimum allowed deadline is 10s.', 'status': 'INVALID_ARGUMENT'}}",2026-05-20 17:22:34
2605.19485.pdf,The read operation timed out,2026-05-20 17:22:35
2605.19549.pdf,The read operation timed out,2026-05-20 17:22:35
2605.19328.pdf,The read operation timed out,2026-05-20 17:22:35
2605.19270.pdf,The read operation timed out,2026-05-20 17:22:35
2605.19351.pdf,The read operation timed out,2026-05-20 17:22:35
2605.19321.pdf,The read operation timed out,2026-05-20 17:22:35
2605.19393.pdf,"400 INVALID_ARGUMENT. {'error': {'code': 400, 'message': 'Manually set deadline 1s is too short. Minimum allowed deadline is 10s.', 'status': 'INVALID_ARGUMENT'}}",2026-05-20 17:22:35
2605.18915.pdf,The read operation timed out,2026-05-20 17:23:34
2605.19161.pdf,The read operation timed out,2026-05-20 17:23:34
2605.18738.pdf,The read operation timed out,2026-05-20 17:23:34
2605.18890.pdf,The read operation timed out,2026-05-20 17:23:34
2605.19014.pdf,The read operation timed out,2026-05-20 17:23:34
2605.19190.pdf,The read operation timed out,2026-05-20 17:23:34
2605.18673.pdf,"400 INVALID_ARGUMENT. {'error': {'code': 400, 'message': 'Manually set deadline 1s is too short. Minimum allowed deadline is 10s.', 'status': 'INVALID_ARGUMENT'}}",2026-05-20 17:23:34
2605.18661.pdf,"400 INVALID_ARGUMENT. {'error': {'code': 400, 'message': 'Manually set deadline 1s is too short. Minimum allowed deadline is 10s.', 'status': 'INVALID_ARGUMENT'}}",2026-05-20 17:23:35
2605.18618.pdf,The read operation timed out,2026-05-20 17:23:35
2605.18549.pdf,The read operation timed out,2026-05-20 17:23:35
2605.18372.pdf,The read operation timed out,2026-05-20 17:23:35
2605.18395.pdf,The read operation timed out,2026-05-20 17:23:35
2605.18423.pdf,The read operation timed out,2026-05-20 17:23:35
2605.18309.pdf,The read operation timed out,2026-05-20 17:23:35
2605.18239.pdf,The read operation timed out,2026-05-20 17:23:35
2605.18105.pdf,The read operation timed out,2026-05-20 17:24:34
2605.17846.pdf,The read operation timed out,2026-05-20 17:24:34
2605.17860.pdf,The read operation timed out,2026-05-20 17:24:34
2605.18168.pdf,The read operation timed out,2026-05-20 17:24:34
2605.17758.pdf,The read operation timed out,2026-05-20 17:24:34
2605.17830.pdf,The read operation timed out,2026-05-20 17:24:34
2605.18150.pdf,The read operation timed out,2026-05-20 17:24:34
2605.17698.pdf,The read operation timed out,2026-05-20 17:24:35
2605.18104.pdf,"400 INVALID_ARGUMENT. {'error': {'code': 400, 'message': 'Manually set deadline 1s is too short. Minimum allowed deadline is 10s.', 'status': 'INVALID_ARGUMENT'}}",2026-05-20 17:24:35
2605.17658.pdf,The read operation timed out,2026-05-20 17:24:35
2605.17694.pdf,The read operation timed out,2026-05-20 17:24:35
2605.17641.pdf,The read operation timed out,2026-05-20 17:24:35
2605.17697.pdf,The read operation timed out,2026-05-20 17:24:35
2605.17634.pdf,The read operation timed out,2026-05-20 17:24:35
2605.17652.pdf,"400 INVALID_ARGUMENT. {'error': {'code': 400, 'message': 'Manually set deadline 1s is too short. Minimum allowed deadline is 10s.', 'status': 'INVALID_ARGUMENT'}}",2026-05-20 17:24:36
2605.17413.pdf,The read operation timed out,2026-05-20 17:25:34
2605.17480.pdf,The read operation timed out,2026-05-20 17:25:34
2605.17510.pdf,The read operation timed out,2026-05-20 17:25:34
2605.17610.pdf,The read operation timed out,2026-05-20 17:25:34
2605.17500.pdf,The read operation timed out,2026-05-20 17:25:34
2605.17483.pdf,The read operation timed out,2026-05-20 17:25:34
2605.17598.pdf,The read operation timed out,2026-05-20 17:25:34
2605.17602.pdf,The read operation timed out,2026-05-20 17:25:35
2605.17353.pdf,The read operation timed out,2026-05-20 17:25:35
2605.17364.pdf,The read operation timed out,2026-05-20 17:25:35
2605.17187.pdf,The read operation timed out,2026-05-20 17:25:35
2605.17194.pdf,The read operation timed out,2026-05-20 17:25:35
2605.17173.pdf,The read operation timed out,2026-05-20 17:25:35
2605.17160.pdf,The read operation timed out,2026-05-20 17:25:36
2605.17228.pdf,"400 INVALID_ARGUMENT. {'error': {'code': 400, 'message': 'Manually set deadline 1s is too short. Minimum allowed deadline is 10s.', 'status': 'INVALID_ARGUMENT'}}",2026-05-20 17:25:36
2605.16993.pdf,The read operation timed out,2026-05-20 17:26:34
2605.17113.pdf,The read operation timed out,2026-05-20 17:26:34
2605.17159.pdf,The read operation timed out,2026-05-20 17:26:34
2605.17007.pdf,The read operation timed out,2026-05-20 17:26:34
2605.17169.pdf,The read operation timed out,2026-05-20 17:26:34
2605.17064.pdf,The read operation timed out,2026-05-20 17:26:34
2605.17152.pdf,"400 INVALID_ARGUMENT. {'error': {'code': 400, 'message': 'Manually set deadline 1s is too short. Minimum allowed deadline is 10s.', 'status': 'INVALID_ARGUMENT'}}",2026-05-20 17:26:35
2605.17118.pdf,"400 INVALID_ARGUMENT. {'error': {'code': 400, 'message': 'Manually set deadline 1s is too short. Minimum allowed deadline is 10s.', 'status': 'INVALID_ARGUMENT'}}",2026-05-20 17:26:35
2605.16979.pdf,The read operation timed out,2026-05-20 17:26:35
2605.16626.pdf,The read operation timed out,2026-05-20 17:26:35
2605.16872.pdf,The read operation timed out,2026-05-20 17:26:35
2605.16746.pdf,The read operation timed out,2026-05-20 17:26:35
2605.16881.pdf,The read operation timed out,2026-05-20 17:26:35
2605.16716.pdf,The read operation timed out,2026-05-20 17:26:36
2605.16578.pdf,The read operation timed out,2026-05-20 17:26:36
2605.16237.pdf,The read operation timed out,2026-05-20 17:27:34
2605.16000.pdf,The read operation timed out,2026-05-20 17:27:34
2605.16153.pdf,The read operation timed out,2026-05-20 17:27:34
2605.16245.pdf,The read operation timed out,2026-05-20 17:27:34
2605.16041.pdf,The read operation timed out,2026-05-20 17:27:34
2605.16193.pdf,The read operation timed out,2026-05-20 17:27:34
2605.16113.pdf,The read operation timed out,2026-05-20 17:27:34
2605.16198.pdf,The read operation timed out,2026-05-20 17:27:34
2605.15984.pdf,The read operation timed out,2026-05-20 17:27:35
2605.15598.pdf,The read operation timed out,2026-05-20 17:27:35
2605.15790.pdf,The read operation timed out,2026-05-20 17:27:36
2605.15641.pdf,The read operation timed out,2026-05-20 17:27:36
2605.15915.pdf,The read operation timed out,2026-05-20 17:27:36
2605.15854.pdf,"400 INVALID_ARGUMENT. {'error': {'code': 400, 'message': 'Manually set deadline 1s is too short. Minimum allowed deadline is 10s.', 'status': 'INVALID_ARGUMENT'}}",2026-05-20 17:27:36
2605.15990.pdf,"400 INVALID_ARGUMENT. {'error': {'code': 400, 'message': 'Manually set deadline 1s is too short. Minimum allowed deadline is 10s.', 'status': 'INVALID_ARGUMENT'}}",2026-05-20 17:27:36
2605.15295.pdf,The read operation timed out,2026-05-20 17:28:34
2605.15613.pdf,The read operation timed out,2026-05-20 17:28:34
2605.15504.pdf,The read operation timed out,2026-05-20 17:28:34
2605.15239.pdf,The read operation timed out,2026-05-20 17:28:34
2605.15217.pdf,The read operation timed out,2026-05-20 17:28:35
2605.15398.pdf,The read operation timed out,2026-05-20 17:28:35
2605.15257.pdf,"400 INVALID_ARGUMENT. {'error': {'code': 400, 'message': 'Manually set deadline 1s is too short. Minimum allowed deadline is 10s.', 'status': 'INVALID_ARGUMENT'}}",2026-05-20 17:28:35
2605.15455.pdf,"400 INVALID_ARGUMENT. {'error': {'code': 400, 'message': 'Manually set deadline 1s is too short. Minimum allowed deadline is 10s.', 'status': 'INVALID_ARGUMENT'}}",2026-05-20 17:28:35
2605.15208.pdf,The read operation timed out,2026-05-20 17:28:35
2605.15118.pdf,The read operation timed out,2026-05-20 17:28:36
2605.15177.pdf,The read operation timed out,2026-05-20 17:28:36
2605.15034.pdf,The read operation timed out,2026-05-20 17:28:36
2605.15081.pdf,The read operation timed out,2026-05-20 17:28:36
2605.15071.pdf,The read operation timed out,2026-05-20 17:28:36
2605.15020.pdf,The read operation timed out,2026-05-20 17:28:36
2605.14705.pdf,The read operation timed out,2026-05-20 17:29:34
2605.14750.pdf,The read operation timed out,2026-05-20 17:29:34
2605.14765.pdf,The read operation timed out,2026-05-20 17:29:34
2605.14749.pdf,The read operation timed out,2026-05-20 17:29:35
2605.14744.pdf,The read operation timed out,2026-05-20 17:29:35
2605.14723.pdf,The read operation timed out,2026-05-20 17:29:35
2605.14746.pdf,"400 INVALID_ARGUMENT. {'error': {'code': 400, 'message': 'Manually set deadline 1s is too short. Minimum allowed deadline is 10s.', 'status': 'INVALID_ARGUMENT'}}",2026-05-20 17:29:35
2605.14912.pdf,"400 INVALID_ARGUMENT. {'error': {'code': 400, 'message': 'Manually set deadline 1s is too short. Minimum allowed deadline is 10s.', 'status': 'INVALID_ARGUMENT'}}",2026-05-20 17:29:35
2605.14544.pdf,The read operation timed out,2026-05-20 17:29:35
2605.14660.pdf,The read operation timed out,2026-05-20 17:29:35
2605.14605.pdf,The read operation timed out,2026-05-20 17:29:36
2605.14604.pdf,The read operation timed out,2026-05-20 17:29:36
2605.14418.pdf,The read operation timed out,2026-05-20 17:29:36
2605.14420.pdf,The read operation timed out,2026-05-20 17:29:36
2605.14454.pdf,"400 INVALID_ARGUMENT. {'error': {'code': 400, 'message': 'Manually set deadline 1s is too short. Minimum allowed deadline is 10s.', 'status': 'INVALID_ARGUMENT'}}",2026-05-20 17:29:36
2605.14194.pdf,The read operation timed out,2026-05-20 17:30:35
2605.14266.pdf,The read operation timed out,2026-05-20 17:30:35
2605.14152.pdf,The read operation timed out,2026-05-20 17:30:35
2605.14354.pdf,The read operation timed out,2026-05-20 17:30:35
2605.14352.pdf,The read operation timed out,2026-05-20 17:30:35
2605.14381.pdf,The read operation timed out,2026-05-20 17:30:35
2605.14218.pdf,The read operation timed out,2026-05-20 17:30:35
2605.14097.pdf,"400 INVALID_ARGUMENT. {'error': {'code': 400, 'message': 'Manually set deadline 1s is too short. Minimum allowed deadline is 10s.', 'status': 'INVALID_ARGUMENT'}}",2026-05-20 17:30:35
2605.14087.pdf,The read operation timed out,2026-05-20 17:30:36
2605.13898.pdf,The read operation timed out,2026-05-20 17:30:36
2605.13841.pdf,The read operation timed out,2026-05-20 17:30:36
2605.13825.pdf,The read operation timed out,2026-05-20 17:30:36
2605.14074.pdf,The read operation timed out,2026-05-20 17:30:36
2605.14034.pdf,"400 INVALID_ARGUMENT. {'error': {'code': 400, 'message': 'Manually set deadline 1s is too short. Minimum allowed deadline is 10s.', 'status': 'INVALID_ARGUMENT'}}",2026-05-20 17:30:36
2605.13759.pdf,The read operation timed out,2026-05-20 17:30:36
2605.13751.pdf,The read operation timed out,2026-05-20 17:31:35
2605.13362.pdf,The read operation timed out,2026-05-20 17:31:35
2605.13801.pdf,The read operation timed out,2026-05-20 17:31:35
2605.13411.pdf,The read operation timed out,2026-05-20 17:31:35
2605.13415.pdf,The read operation timed out,2026-05-20 17:31:35
2605.13601.pdf,"400 INVALID_ARGUMENT. {'error': {'code': 400, 'message': 'Manually set deadline 1s is too short. Minimum allowed deadline is 10s.', 'status': 'INVALID_ARGUMENT'}}",2026-05-20 17:31:35
2605.13339.pdf,"400 INVALID_ARGUMENT. {'error': {'code': 400, 'message': 'Manually set deadline 1s is too short. Minimum allowed deadline is 10s.', 'status': 'INVALID_ARGUMENT'}}",2026-05-20 17:31:35
2605.13579.pdf,"400 INVALID_ARGUMENT. {'error': {'code': 400, 'message': 'Manually set deadline 1s is too short. Minimum allowed deadline is 10s.', 'status': 'INVALID_ARGUMENT'}}",2026-05-20 17:31:35
2605.13261.pdf,The read operation timed out,2026-05-20 17:31:36
2605.13334.pdf,The read operation timed out,2026-05-20 17:31:36
2605.13318.pdf,The read operation timed out,2026-05-20 17:31:36
2605.13113.pdf,The read operation timed out,2026-05-20 17:31:36
2605.13329.pdf,The read operation timed out,2026-05-20 17:31:36
2605.13077.pdf,The read operation timed out,2026-05-20 17:31:36
2605.13307.pdf,"400 INVALID_ARGUMENT. {'error': {'code': 400, 'message': 'Manually set deadline 1s is too short. Minimum allowed deadline is 10s.', 'status': 'INVALID_ARGUMENT'}}",2026-05-20 17:31:37
2605.12963.pdf,The read operation timed out,2026-05-20 17:32:35
2605.12898.pdf,The read operation timed out,2026-05-20 17:32:35
2605.13055.pdf,The read operation timed out,2026-05-20 17:32:35
2605.12895.pdf,The read operation timed out,2026-05-20 17:32:35
2605.13043.pdf,The read operation timed out,2026-05-20 17:32:35
2605.12991.pdf,The read operation timed out,2026-05-20 17:32:35
2605.12876.pdf,The read operation timed out,2026-05-20 17:32:35
2605.12869.pdf,"400 INVALID_ARGUMENT. {'error': {'code': 400, 'message': 'Manually set deadline 1s is too short. Minimum allowed deadline is 10s.', 'status': 'INVALID_ARGUMENT'}}",2026-05-20 17:32:35
2605.12856.pdf,The read operation timed out,2026-05-20 17:32:36
2605.12850.pdf,The read operation timed out,2026-05-20 17:32:36
2605.12780.pdf,The read operation timed out,2026-05-20 17:32:36
2605.12814.pdf,The read operation timed out,2026-05-20 17:32:36
2605.12772.pdf,The read operation timed out,2026-05-20 17:32:36
2605.12798.pdf,The read operation timed out,2026-05-20 17:32:36
2605.12748.pdf,The read operation timed out,2026-05-20 17:32:36
2605.12682.pdf,The read operation timed out,2026-05-20 17:33:35
2605.12718.pdf,The read operation timed out,2026-05-20 17:33:35
2605.12701.pdf,The read operation timed out,2026-05-20 17:33:35
2605.12726.pdf,The read operation timed out,2026-05-20 17:33:35
2605.12717.pdf,The read operation timed out,2026-05-20 17:33:35
2605.12643.pdf,The read operation timed out,2026-05-20 17:33:35
2605.12702.pdf,The read operation timed out,2026-05-20 17:33:35
2605.12765.pdf,"400 INVALID_ARGUMENT. {'error': {'code': 400, 'message': 'Manually set deadline 1s is too short. Minimum allowed deadline is 10s.', 'status': 'INVALID_ARGUMENT'}}",2026-05-20 17:33:35
2605.12623.pdf,The read operation timed out,2026-05-20 17:33:36
2605.12613.pdf,The read operation timed out,2026-05-20 17:33:36
2605.12382.pdf,The read operation timed out,2026-05-20 17:33:36
2605.12299.pdf,The read operation timed out,2026-05-20 17:33:36
2605.12406.pdf,The read operation timed out,2026-05-20 17:33:36
2605.12452.pdf,"400 INVALID_ARGUMENT. {'error': {'code': 400, 'message': 'Manually set deadline 1s is too short. Minimum allowed deadline is 10s.', 'status': 'INVALID_ARGUMENT'}}",2026-05-20 17:33:36
2605.12339.pdf,The read operation timed out,2026-05-20 17:33:37
2605.12255.pdf,The read operation timed out,2026-05-20 17:34:35
2605.12195.pdf,The read operation timed out,2026-05-20 17:34:35
2605.12147.pdf,The read operation timed out,2026-05-20 17:34:35
2605.12199.pdf,The read operation timed out,2026-05-20 17:34:35
2605.12290.pdf,The read operation timed out,2026-05-20 17:34:35
2605.12251.pdf,The read operation timed out,2026-05-20 17:34:35
2605.12273.pdf,The read operation timed out,2026-05-20 17:34:35
2605.12128.pdf,"400 INVALID_ARGUMENT. {'error': {'code': 400, 'message': 'Manually set deadline 1s is too short. Minimum allowed deadline is 10s.', 'status': 'INVALID_ARGUMENT'}}",2026-05-20 17:34:35
2605.12075.pdf,The read operation timed out,2026-05-20 17:34:36
2605.12120.pdf,The read operation timed out,2026-05-20 17:34:36
2605.12015.pdf,The read operation timed out,2026-05-20 17:34:36
2605.11997.pdf,The read operation timed out,2026-05-20 17:34:36
2605.11882.pdf,The read operation timed out,2026-05-20 17:34:36
2605.11887.pdf,"400 INVALID_ARGUMENT. {'error': {'code': 400, 'message': 'Manually set deadline 1s is too short. Minimum allowed deadline is 10s.', 'status': 'INVALID_ARGUMENT'}}",2026-05-20 17:34:37
2605.11865.pdf,The read operation timed out,2026-05-20 17:34:37
2605.11712.pdf,The read operation timed out,2026-05-20 17:35:35
2605.11664.pdf,The read operation timed out,2026-05-20 17:35:35
2605.11679.pdf,The read operation timed out,2026-05-20 17:35:35
2605.11483.pdf,The read operation timed out,2026-05-20 17:35:35
2605.11672.pdf,The read operation timed out,2026-05-20 17:35:35
2605.11789.pdf,"400 INVALID_ARGUMENT. {'error': {'code': 400, 'message': 'Manually set deadline 1s is too short. Minimum allowed deadline is 10s.', 'status': 'INVALID_ARGUMENT'}}",2026-05-20 17:35:36
2605.11614.pdf,"400 INVALID_ARGUMENT. {'error': {'code': 400, 'message': 'Manually set deadline 1s is too short. Minimum allowed deadline is 10s.', 'status': 'INVALID_ARGUMENT'}}",2026-05-20 17:35:36
2605.11426.pdf,"400 INVALID_ARGUMENT. {'error': {'code': 400, 'message': 'Manually set deadline 1s is too short. Minimum allowed deadline is 10s.', 'status': 'INVALID_ARGUMENT'}}",2026-05-20 17:35:36
2605.11345.pdf,The read operation timed out,2026-05-20 17:35:36
2605.11365.pdf,The read operation timed out,2026-05-20 17:35:36
2605.11303.pdf,The read operation timed out,2026-05-20 17:35:36
2605.11373.pdf,"400 INVALID_ARGUMENT. {'error': {'code': 400, 'message': 'Manually set deadline 1s is too short. Minimum allowed deadline is 10s.', 'status': 'INVALID_ARGUMENT'}}",2026-05-20 17:35:37
2605.11362.pdf,"400 INVALID_ARGUMENT. {'error': {'code': 400, 'message': 'Manually set deadline 1s is too short. Minimum allowed deadline is 10s.', 'status': 'INVALID_ARGUMENT'}}",2026-05-20 17:35:37
2605.11405.pdf,"400 INVALID_ARGUMENT. {'error': {'code': 400, 'message': 'Manually set deadline 1s is too short. Minimum allowed deadline is 10s.', 'status': 'INVALID_ARGUMENT'}}",2026-05-20 17:35:37
2605.11341.pdf,The read operation timed out,2026-05-20 17:35:37
2605.06390.pdf,The read operation timed out,2026-05-20 17:36:35
2604.15343.pdf,The read operation timed out,2026-05-20 17:36:35
2603.13452.pdf,The read operation timed out,2026-05-20 17:36:35
2605.11240.pdf,The read operation timed out,2026-05-20 17:36:35
2605.11272.pdf,The read operation timed out,2026-05-20 17:36:35
2605.11195.pdf,"400 INVALID_ARGUMENT. {'error': {'code': 400, 'message': 'Manually set deadline 1s is too short. Minimum allowed deadline is 10s.', 'status': 'INVALID_ARGUMENT'}}",2026-05-20 17:36:36
2605.17598.pdf,"400 Bad Request. {'message': 'Upload has already been terminated.', 'status': 'Bad Request'}",2026-05-20 18:43:23
2605.13329.pdf,The read operation timed out,2026-05-20 18:58:57
2605.26070.pdf,"503 UNAVAILABLE. {'error': {'code': 503, 'message': 'This model is currently experiencing high demand. Spikes in demand are usually temporary. Please try again later.', 'status': 'UNAVAILABLE'}}",2026-05-26 12:05:43
2605.27313.pdf,"503 UNAVAILABLE. {'error': {'code': 503, 'message': 'This model is currently experiencing high demand. Spikes in demand are usually temporary. Please try again later.', 'status': 'UNAVAILABLE'}}",2026-05-27 12:08:26
2605.26955.pdf,"503 UNAVAILABLE. {'error': {'code': 503, 'message': 'This model is currently experiencing high demand. Spikes in demand are usually temporary. Please try again later.', 'status': 'UNAVAILABLE'}}",2026-05-27 12:08:46
2605.26878.pdf,"503 UNAVAILABLE. {'error': {'code': 503, 'message': 'This model is currently experiencing high demand. Spikes in demand are usually temporary. Please try again later.', 'status': 'UNAVAILABLE'}}",2026-05-27 12:10:19
2605.26772.pdf,"503 UNAVAILABLE. {'error': {'code': 503, 'message': 'This model is currently experiencing high demand. Spikes in demand are usually temporary. Please try again later.', 'status': 'UNAVAILABLE'}}",2026-05-27 12:11:01
2605.28626.pdf,"503 UNAVAILABLE. {'error': {'code': 503, 'message': 'This model is currently experiencing high demand. Spikes in demand are usually temporary. Please try again later.', 'status': 'UNAVAILABLE'}}",2026-05-28 12:07:56
2605.29708.pdf,"503 UNAVAILABLE. {'error': {'code': 503, 'message': 'This model is currently experiencing high demand. Spikes in demand are usually temporary. Please try again later.', 'status': 'UNAVAILABLE'}}",2026-05-29 12:04:14
2605.31021.pdf,"503 UNAVAILABLE. {'error': {'code': 503, 'message': 'This model is currently experiencing high demand. Spikes in demand are usually temporary. Please try again later.', 'status': 'UNAVAILABLE'}}",2026-06-01 12:06:48
2605.30693.pdf,"503 UNAVAILABLE. {'error': {'code': 503, 'message': 'This model is currently experiencing high demand. Spikes in demand are usually temporary. Please try again later.', 'status': 'UNAVAILABLE'}}",2026-06-01 12:06:49
2605.30717.pdf,"503 UNAVAILABLE. {'error': {'code': 503, 'message': 'This model is currently experiencing high demand. Spikes in demand are usually temporary. Please try again later.', 'status': 'UNAVAILABLE'}}",2026-06-01 12:06:51
2606.02435.pdf,"503 UNAVAILABLE. {'error': {'code': 503, 'message': 'This model is currently experiencing high demand. Spikes in demand are usually temporary. Please try again later.', 'status': 'UNAVAILABLE'}}",2026-06-02 12:42:51
2606.02423.pdf,"503 UNAVAILABLE. {'error': {'code': 503, 'message': 'This model is currently experiencing high demand. Spikes in demand are usually temporary. Please try again later.', 'status': 'UNAVAILABLE'}}",2026-06-02 12:42:53
2606.02037.pdf,"503 UNAVAILABLE. {'error': {'code': 503, 'message': 'This model is currently experiencing high demand. Spikes in demand are usually temporary. Please try again later.', 'status': 'UNAVAILABLE'}}",2026-06-02 12:44:19
2606.02402.pdf,"503 UNAVAILABLE. {'error': {'code': 503, 'message': 'This model is currently experiencing high demand. Spikes in demand are usually temporary. Please try again later.', 'status': 'UNAVAILABLE'}}",2026-06-02 12:45:38
2606.02041.pdf,"503 UNAVAILABLE. {'error': {'code': 503, 'message': 'This model is currently experiencing high demand. Spikes in demand are usually temporary. Please try again later.', 'status': 'UNAVAILABLE'}}",2026-06-02 12:45:51
2606.04150.pdf,"503 UNAVAILABLE. {'error': {'code': 503, 'message': 'This model is currently experiencing high demand. Spikes in demand are usually temporary. Please try again later.', 'status': 'UNAVAILABLE'}}",2026-06-04 12:04:53
2606.10487.pdf,"503 UNAVAILABLE. {'error': {'code': 503, 'message': 'This model is currently experiencing high demand. Spikes in demand are usually temporary. Please try again later.', 'status': 'UNAVAILABLE'}}",2026-06-11 00:06:23
2606.11082.pdf,"503 UNAVAILABLE. {'error': {'code': 503, 'message': 'This model is currently experiencing high demand. Spikes in demand are usually temporary. Please try again later.', 'status': 'UNAVAILABLE'}}",2026-06-11 00:06:23
2606.10931.pdf,"503 UNAVAILABLE. {'error': {'code': 503, 'message': 'This model is currently experiencing high demand. Spikes in demand are usually temporary. Please try again later.', 'status': 'UNAVAILABLE'}}",2026-06-11 00:06:37
2606.10154.pdf,"503 UNAVAILABLE. {'error': {'code': 503, 'message': 'This model is currently experiencing high demand. Spikes in demand are usually temporary. Please try again later.', 'status': 'UNAVAILABLE'}}",2026-06-11 00:07:34
2606.09890.pdf,"503 UNAVAILABLE. {'error': {'code': 503, 'message': 'This model is currently experiencing high demand. Spikes in demand are usually temporary. Please try again later.', 'status': 'UNAVAILABLE'}}",2026-06-11 00:08:04
2606.10091.pdf,"503 UNAVAILABLE. {'error': {'code': 503, 'message': 'This model is currently experiencing high demand. Spikes in demand are usually temporary. Please try again later.', 'status': 'UNAVAILABLE'}}",2026-06-11 00:08:34
2606.09635.pdf,"503 UNAVAILABLE. {'error': {'code': 503, 'message': 'This model is currently experiencing high demand. Spikes in demand are usually temporary. Please try again later.', 'status': 'UNAVAILABLE'}}",2026-06-11 00:08:43
2606.09178.pdf,"503 UNAVAILABLE. {'error': {'code': 503, 'message': 'This model is currently experiencing high demand. Spikes in demand are usually temporary. Please try again later.', 'status': 'UNAVAILABLE'}}",2026-06-11 00:09:36
2606.09039.pdf,"503 UNAVAILABLE. {'error': {'code': 503, 'message': 'This model is currently experiencing high demand. Spikes in demand are usually temporary. Please try again later.', 'status': 'UNAVAILABLE'}}",2026-06-11 00:10:58
2606.09866.pdf,"503 UNAVAILABLE. {'error': {'code': 503, 'message': 'This model is currently experiencing high demand. Spikes in demand are usually temporary. Please try again later.', 'status': 'UNAVAILABLE'}}",2026-06-11 00:11:04
2606.09165.pdf,"503 UNAVAILABLE. {'error': {'code': 503, 'message': 'This model is currently experiencing high demand. Spikes in demand are usually temporary. Please try again later.', 'status': 'UNAVAILABLE'}}",2026-06-11 00:11:42
2606.08932.pdf,"503 UNAVAILABLE. {'error': {'code': 503, 'message': 'This model is currently experiencing high demand. Spikes in demand are usually temporary. Please try again later.', 'status': 'UNAVAILABLE'}}",2026-06-11 00:12:00
2606.08723.pdf,"503 UNAVAILABLE. {'error': {'code': 503, 'message': 'This model is currently experiencing high demand. Spikes in demand are usually temporary. Please try again later.', 'status': 'UNAVAILABLE'}}",2026-06-11 00:12:27
2606.09151.pdf,"503 UNAVAILABLE. {'error': {'code': 503, 'message': 'This model is currently experiencing high demand. Spikes in demand are usually temporary. Please try again later.', 'status': 'UNAVAILABLE'}}",2026-06-11 00:12:27
2606.08376.pdf,"503 UNAVAILABLE. {'error': {'code': 503, 'message': 'This model is currently experiencing high demand. Spikes in demand are usually temporary. Please try again later.', 'status': 'UNAVAILABLE'}}",2026-06-11 00:12:49
2606.08249.pdf,"503 UNAVAILABLE. {'error': {'code': 503, 'message': 'This model is currently experiencing high demand. Spikes in demand are usually temporary. Please try again later.', 'status': 'UNAVAILABLE'}}",2026-06-11 00:13:30
2606.08243.pdf,"503 UNAVAILABLE. {'error': {'code': 503, 'message': 'This model is currently experiencing high demand. Spikes in demand are usually temporary. Please try again later.', 'status': 'UNAVAILABLE'}}",2026-06-11 00:13:44
2606.07964.pdf,"503 UNAVAILABLE. {'error': {'code': 503, 'message': 'This model is currently experiencing high demand. Spikes in demand are usually temporary. Please try again later.', 'status': 'UNAVAILABLE'}}",2026-06-11 00:15:05
2606.07948.pdf,"503 UNAVAILABLE. {'error': {'code': 503, 'message': 'This model is currently experiencing high demand. Spikes in demand are usually temporary. Please try again later.', 'status': 'UNAVAILABLE'}}",2026-06-11 00:15:26
2606.07833.pdf,"503 UNAVAILABLE. {'error': {'code': 503, 'message': 'This model is currently experiencing high demand. Spikes in demand are usually temporary. Please try again later.', 'status': 'UNAVAILABLE'}}",2026-06-11 00:15:45
2606.07874.pdf,"503 UNAVAILABLE. {'error': {'code': 503, 'message': 'This model is currently experiencing high demand. Spikes in demand are usually temporary. Please try again later.', 'status': 'UNAVAILABLE'}}",2026-06-11 00:16:28
2606.07963.pdf,"503 UNAVAILABLE. {'error': {'code': 503, 'message': 'This model is currently experiencing high demand. Spikes in demand are usually temporary. Please try again later.', 'status': 'UNAVAILABLE'}}",2026-06-11 00:17:32
2606.07877.pdf,"503 UNAVAILABLE. {'error': {'code': 503, 'message': 'This model is currently experiencing high demand. Spikes in demand are usually temporary. Please try again later.', 'status': 'UNAVAILABLE'}}",2026-06-11 00:17:53
2606.07678.pdf,"503 UNAVAILABLE. {'error': {'code': 503, 'message': 'This model is currently experiencing high demand. Spikes in demand are usually temporary. Please try again later.', 'status': 'UNAVAILABLE'}}",2026-06-11 00:18:35
2606.06971.pdf,"503 UNAVAILABLE. {'error': {'code': 503, 'message': 'This model is currently experiencing high demand. Spikes in demand are usually temporary. Please try again later.', 'status': 'UNAVAILABLE'}}",2026-06-11 00:18:51
2606.07462.pdf,"503 UNAVAILABLE. {'error': {'code': 503, 'message': 'This model is currently experiencing high demand. Spikes in demand are usually temporary. Please try again later.', 'status': 'UNAVAILABLE'}}",2026-06-11 00:19:07
2606.07020.pdf,"503 UNAVAILABLE. {'error': {'code': 503, 'message': 'This model is currently experiencing high demand. Spikes in demand are usually temporary. Please try again later.', 'status': 'UNAVAILABLE'}}",2026-06-11 00:19:14
2606.06879.pdf,"503 UNAVAILABLE. {'error': {'code': 503, 'message': 'This model is currently experiencing high demand. Spikes in demand are usually temporary. Please try again later.', 'status': 'UNAVAILABLE'}}",2026-06-11 00:19:15
2606.06715.pdf,"503 UNAVAILABLE. {'error': {'code': 503, 'message': 'This model is currently experiencing high demand. Spikes in demand are usually temporary. Please try again later.', 'status': 'UNAVAILABLE'}}",2026-06-11 00:19:22
2606.06667.pdf,"503 UNAVAILABLE. {'error': {'code': 503, 'message': 'This model is currently experiencing high demand. Spikes in demand are usually temporary. Please try again later.', 'status': 'UNAVAILABLE'}}",2026-06-11 00:19:32
2606.06177.pdf,"503 UNAVAILABLE. {'error': {'code': 503, 'message': 'This model is currently experiencing high demand. Spikes in demand are usually temporary. Please try again later.', 'status': 'UNAVAILABLE'}}",2026-06-11 00:19:51
2606.06941.pdf,"503 UNAVAILABLE. {'error': {'code': 503, 'message': 'This model is currently experiencing high demand. Spikes in demand are usually temporary. Please try again later.', 'status': 'UNAVAILABLE'}}",2026-06-11 00:20:10
2606.06114.pdf,"503 UNAVAILABLE. {'error': {'code': 503, 'message': 'This model is currently experiencing high demand. Spikes in demand are usually temporary. Please try again later.', 'status': 'UNAVAILABLE'}}",2026-06-11 00:20:32
2606.06099.pdf,"503 UNAVAILABLE. {'error': {'code': 503, 'message': 'This model is currently experiencing high demand. Spikes in demand are usually temporary. Please try again later.', 'status': 'UNAVAILABLE'}}",2026-06-11 00:20:36
2606.04777.pdf,"503 UNAVAILABLE. {'error': {'code': 503, 'message': 'This model is currently experiencing high demand. Spikes in demand are usually temporary. Please try again later.', 'status': 'UNAVAILABLE'}}",2026-06-11 00:20:55
2606.04750.pdf,"503 UNAVAILABLE. {'error': {'code': 503, 'message': 'This model is currently experiencing high demand. Spikes in demand are usually temporary. Please try again later.', 'status': 'UNAVAILABLE'}}",2026-06-11 00:21:15
2606.06546.pdf,"503 UNAVAILABLE. {'error': {'code': 503, 'message': 'This model is currently experiencing high demand. Spikes in demand are usually temporary. Please try again later.', 'status': 'UNAVAILABLE'}}",2026-06-11 00:21:22
2606.06140.pdf,"503 UNAVAILABLE. {'error': {'code': 503, 'message': 'This model is currently experiencing high demand. Spikes in demand are usually temporary. Please try again later.', 'status': 'UNAVAILABLE'}}",2026-06-11 00:21:49
2606.03601.pdf,"503 UNAVAILABLE. {'error': {'code': 503, 'message': 'This model is currently experiencing high demand. Spikes in demand are usually temporary. Please try again later.', 'status': 'UNAVAILABLE'}}",2026-06-11 00:22:59
2606.03326.pdf,"503 UNAVAILABLE. {'error': {'code': 503, 'message': 'This model is currently experiencing high demand. Spikes in demand are usually temporary. Please try again later.', 'status': 'UNAVAILABLE'}}",2026-06-11 00:23:13
2606.03090.pdf,"503 UNAVAILABLE. {'error': {'code': 503, 'message': 'This model is currently experiencing high demand. Spikes in demand are usually temporary. Please try again later.', 'status': 'UNAVAILABLE'}}",2026-06-11 00:23:21
2606.03312.pdf,"503 UNAVAILABLE. {'error': {'code': 503, 'message': 'This model is currently experiencing high demand. Spikes in demand are usually temporary. Please try again later.', 'status': 'UNAVAILABLE'}}",2026-06-11 00:23:23
2606.03036.pdf,"503 UNAVAILABLE. {'error': {'code': 503, 'message': 'This model is currently experiencing high demand. Spikes in demand are usually temporary. Please try again later.', 'status': 'UNAVAILABLE'}}",2026-06-11 00:24:41
2606.03486.pdf,"503 UNAVAILABLE. {'error': {'code': 503, 'message': 'This model is currently experiencing high demand. Spikes in demand are usually temporary. Please try again later.', 'status': 'UNAVAILABLE'}}",2026-06-11 00:24:47
2606.03032.pdf,"503 UNAVAILABLE. {'error': {'code': 503, 'message': 'This model is currently experiencing high demand. Spikes in demand are usually temporary. Please try again later.', 'status': 'UNAVAILABLE'}}",2026-06-11 00:24:51
2606.02883.pdf,"503 UNAVAILABLE. {'error': {'code': 503, 'message': 'This model is currently experiencing high demand. Spikes in demand are usually temporary. Please try again later.', 'status': 'UNAVAILABLE'}}",2026-06-11 00:24:53
2606.02867.pdf,"503 UNAVAILABLE. {'error': {'code': 503, 'message': 'This model is currently experiencing high demand. Spikes in demand are usually temporary. Please try again later.', 'status': 'UNAVAILABLE'}}",2026-06-11 00:25:05
2606.01658.pdf,"503 UNAVAILABLE. {'error': {'code': 503, 'message': 'This model is currently experiencing high demand. Spikes in demand are usually temporary. Please try again later.', 'status': 'UNAVAILABLE'}}",2026-06-11 00:25:39
2606.01719.pdf,"503 UNAVAILABLE. {'error': {'code': 503, 'message': 'This model is currently experiencing high demand. Spikes in demand are usually temporary. Please try again later.', 'status': 'UNAVAILABLE'}}",2026-06-11 00:26:52
2606.01584.pdf,"503 UNAVAILABLE. {'error': {'code': 503, 'message': 'This model is currently experiencing high demand. Spikes in demand are usually temporary. Please try again later.', 'status': 'UNAVAILABLE'}}",2026-06-11 00:26:53
2606.01552.pdf,"503 UNAVAILABLE. {'error': {'code': 503, 'message': 'This model is currently experiencing high demand. Spikes in demand are usually temporary. Please try again later.', 'status': 'UNAVAILABLE'}}",2026-06-11 00:27:00
2606.03334.pdf,"503 UNAVAILABLE. {'error': {'code': 503, 'message': 'This model is currently experiencing high demand. Spikes in demand are usually temporary. Please try again later.', 'status': 'UNAVAILABLE'}}",2026-06-11 00:27:12
2606.01298.pdf,"503 UNAVAILABLE. {'error': {'code': 503, 'message': 'This model is currently experiencing high demand. Spikes in demand are usually temporary. Please try again later.', 'status': 'UNAVAILABLE'}}",2026-06-11 00:27:15
2606.01260.pdf,"503 UNAVAILABLE. {'error': {'code': 503, 'message': 'This model is currently experiencing high demand. Spikes in demand are usually temporary. Please try again later.', 'status': 'UNAVAILABLE'}}",2026-06-11 00:27:48
2606.01317.pdf,"503 UNAVAILABLE. {'error': {'code': 503, 'message': 'This model is currently experiencing high demand. Spikes in demand are usually temporary. Please try again later.', 'status': 'UNAVAILABLE'}}",2026-06-11 00:27:56
2606.01322.pdf,"503 UNAVAILABLE. {'error': {'code': 503, 'message': 'This model is currently experiencing high demand. Spikes in demand are usually temporary. Please try again later.', 'status': 'UNAVAILABLE'}}",2026-06-11 00:27:58
2606.01136.pdf,"503 UNAVAILABLE. {'error': {'code': 503, 'message': 'This model is currently experiencing high demand. Spikes in demand are usually temporary. Please try again later.', 'status': 'UNAVAILABLE'}}",2026-06-11 00:28:14
2606.01710.pdf,"503 UNAVAILABLE. {'error': {'code': 503, 'message': 'This model is currently experiencing high demand. Spikes in demand are usually temporary. Please try again later.', 'status': 'UNAVAILABLE'}}",2026-06-11 00:28:46
2606.01481.pdf,"503 UNAVAILABLE. {'error': {'code': 503, 'message': 'This model is currently experiencing high demand. Spikes in demand are usually temporary. Please try again later.', 'status': 'UNAVAILABLE'}}",2026-06-11 00:28:49
2606.00975.pdf,"503 UNAVAILABLE. {'error': {'code': 503, 'message': 'This model is currently experiencing high demand. Spikes in demand are usually temporary. Please try again later.', 'status': 'UNAVAILABLE'}}",2026-06-11 00:29:45
2606.01196.pdf,"503 UNAVAILABLE. {'error': {'code': 503, 'message': 'This model is currently experiencing high demand. Spikes in demand are usually temporary. Please try again later.', 'status': 'UNAVAILABLE'}}",2026-06-11 00:29:49
2606.01016.pdf,"503 UNAVAILABLE. {'error': {'code': 503, 'message': 'This model is currently experiencing high demand. Spikes in demand are usually temporary. Please try again later.', 'status': 'UNAVAILABLE'}}",2026-06-11 00:30:10
2606.09635.pdf,"503 UNAVAILABLE. {'error': {'code': 503, 'message': 'This model is currently experiencing high demand. Spikes in demand are usually temporary. Please try again later.', 'status': 'UNAVAILABLE'}}",2026-06-11 13:05:24
2606.10487.pdf,"503 UNAVAILABLE. {'error': {'code': 503, 'message': 'This model is currently experiencing high demand. Spikes in demand are usually temporary. Please try again later.', 'status': 'UNAVAILABLE'}}",2026-06-11 13:05:51
2606.09178.pdf,"503 UNAVAILABLE. {'error': {'code': 503, 'message': 'This model is currently experiencing high demand. Spikes in demand are usually temporary. Please try again later.', 'status': 'UNAVAILABLE'}}",2026-06-11 13:06:16
2606.09890.pdf,"503 UNAVAILABLE. {'error': {'code': 503, 'message': 'This model is currently experiencing high demand. Spikes in demand are usually temporary. Please try again later.', 'status': 'UNAVAILABLE'}}",2026-06-11 13:07:45
2606.09165.pdf,"503 UNAVAILABLE. {'error': {'code': 503, 'message': 'This model is currently experiencing high demand. Spikes in demand are usually temporary. Please try again later.', 'status': 'UNAVAILABLE'}}",2026-06-11 13:08:13
2606.09151.pdf,"503 UNAVAILABLE. {'error': {'code': 503, 'message': 'This model is currently experiencing high demand. Spikes in demand are usually temporary. Please try again later.', 'status': 'UNAVAILABLE'}}",2026-06-11 13:08:25
2606.07948.pdf,"503 UNAVAILABLE. {'error': {'code': 503, 'message': 'This model is currently experiencing high demand. Spikes in demand are usually temporary. Please try again later.', 'status': 'UNAVAILABLE'}}",2026-06-11 13:09:14
2606.07833.pdf,"503 UNAVAILABLE. {'error': {'code': 503, 'message': 'This model is currently experiencing high demand. Spikes in demand are usually temporary. Please try again later.', 'status': 'UNAVAILABLE'}}",2026-06-11 13:10:25
2606.06715.pdf,"503 UNAVAILABLE. {'error': {'code': 503, 'message': 'This model is currently experiencing high demand. Spikes in demand are usually temporary. Please try again later.', 'status': 'UNAVAILABLE'}}",2026-06-11 13:10:29
2606.06546.pdf,"503 UNAVAILABLE. {'error': {'code': 503, 'message': 'This model is currently experiencing high demand. Spikes in demand are usually temporary. Please try again later.', 'status': 'UNAVAILABLE'}}",2026-06-11 13:10:41
2606.06971.pdf,"503 UNAVAILABLE. {'error': {'code': 503, 'message': 'This model is currently experiencing high demand. Spikes in demand are usually temporary. Please try again later.', 'status': 'UNAVAILABLE'}}",2026-06-11 13:11:22
2606.06099.pdf,"503 UNAVAILABLE. {'error': {'code': 503, 'message': 'This model is currently experiencing high demand. Spikes in demand are usually temporary. Please try again later.', 'status': 'UNAVAILABLE'}}",2026-06-11 13:11:38
2606.04777.pdf,"503 UNAVAILABLE. {'error': {'code': 503, 'message': 'This model is currently experiencing high demand. Spikes in demand are usually temporary. Please try again later.', 'status': 'UNAVAILABLE'}}",2026-06-11 13:11:44
2606.03486.pdf,"503 UNAVAILABLE. {'error': {'code': 503, 'message': 'This model is currently experiencing high demand. Spikes in demand are usually temporary. Please try again later.', 'status': 'UNAVAILABLE'}}",2026-06-11 13:12:08
2606.03334.pdf,"503 UNAVAILABLE. {'error': {'code': 503, 'message': 'This model is currently experiencing high demand. Spikes in demand are usually temporary. Please try again later.', 'status': 'UNAVAILABLE'}}",2026-06-11 13:13:51
2606.03036.pdf,"503 UNAVAILABLE. {'error': {'code': 503, 'message': 'This model is currently experiencing high demand. Spikes in demand are usually temporary. Please try again later.', 'status': 'UNAVAILABLE'}}",2026-06-11 13:14:49
2606.06114.pdf,"503 UNAVAILABLE. {'error': {'code': 503, 'message': 'This model is currently experiencing high demand. Spikes in demand are usually temporary. Please try again later.', 'status': 'UNAVAILABLE'}}",2026-06-11 13:15:23
2606.03090.pdf,"503 UNAVAILABLE. {'error': {'code': 503, 'message': 'This model is currently experiencing high demand. Spikes in demand are usually temporary. Please try again later.', 'status': 'UNAVAILABLE'}}",2026-06-11 13:16:08
2606.01710.pdf,"503 UNAVAILABLE. {'error': {'code': 503, 'message': 'This model is currently experiencing high demand. Spikes in demand are usually temporary. Please try again later.', 'status': 'UNAVAILABLE'}}",2026-06-11 13:16:57
2606.03032.pdf,"503 UNAVAILABLE. {'error': {'code': 503, 'message': 'This model is currently experiencing high demand. Spikes in demand are usually temporary. Please try again later.', 'status': 'UNAVAILABLE'}}",2026-06-11 13:17:01
2606.02867.pdf,"503 UNAVAILABLE. {'error': {'code': 503, 'message': 'This model is currently experiencing high demand. Spikes in demand are usually temporary. Please try again later.', 'status': 'UNAVAILABLE'}}",2026-06-11 13:17:15
2606.01584.pdf,"503 UNAVAILABLE. {'error': {'code': 503, 'message': 'This model is currently experiencing high demand. Spikes in demand are usually temporary. Please try again later.', 'status': 'UNAVAILABLE'}}",2026-06-11 13:17:15
2606.06177.pdf,"503 UNAVAILABLE. {'error': {'code': 503, 'message': 'This model is currently experiencing high demand. Spikes in demand are usually temporary. Please try again later.', 'status': 'UNAVAILABLE'}}",2026-06-11 13:17:24
2606.01481.pdf,"503 UNAVAILABLE. {'error': {'code': 503, 'message': 'This model is currently experiencing high demand. Spikes in demand are usually temporary. Please try again later.', 'status': 'UNAVAILABLE'}}",2026-06-11 13:17:31
2606.01322.pdf,"503 UNAVAILABLE. {'error': {'code': 503, 'message': 'This model is currently experiencing high demand. Spikes in demand are usually temporary. Please try again later.', 'status': 'UNAVAILABLE'}}",2026-06-11 13:18:17
2606.01260.pdf,"503 UNAVAILABLE. {'error': {'code': 503, 'message': 'This model is currently experiencing high demand. Spikes in demand are usually temporary. Please try again later.', 'status': 'UNAVAILABLE'}}",2026-06-11 13:18:33
2606.01298.pdf,"503 UNAVAILABLE. {'error': {'code': 503, 'message': 'This model is currently experiencing high demand. Spikes in demand are usually temporary. Please try again later.', 'status': 'UNAVAILABLE'}}",2026-06-11 13:18:38
2606.01016.pdf,"503 UNAVAILABLE. {'error': {'code': 503, 'message': 'This model is currently experiencing high demand. Spikes in demand are usually temporary. Please try again later.', 'status': 'UNAVAILABLE'}}",2026-06-11 13:18:52
2606.00975.pdf,"503 UNAVAILABLE. {'error': {'code': 503, 'message': 'This model is currently experiencing high demand. Spikes in demand are usually temporary. Please try again later.', 'status': 'UNAVAILABLE'}}",2026-06-11 13:19:12
2606.02041.pdf,"503 UNAVAILABLE. {'error': {'code': 503, 'message': 'This model is currently experiencing high demand. Spikes in demand are usually temporary. Please try again later.', 'status': 'UNAVAILABLE'}}",2026-06-11 13:19:33
2606.01317.pdf,"503 UNAVAILABLE. {'error': {'code': 503, 'message': 'This model is currently experiencing high demand. Spikes in demand are usually temporary. Please try again later.', 'status': 'UNAVAILABLE'}}",2026-06-11 13:20:24
2605.29708.pdf,"503 UNAVAILABLE. {'error': {'code': 503, 'message': 'This model is currently experiencing high demand. Spikes in demand are usually temporary. Please try again later.', 'status': 'UNAVAILABLE'}}",2026-06-11 13:20:36
2605.27313.pdf,"503 UNAVAILABLE. {'error': {'code': 503, 'message': 'This model is currently experiencing high demand. Spikes in demand are usually temporary. Please try again later.', 'status': 'UNAVAILABLE'}}",2026-06-11 13:20:44
2605.26955.pdf,"503 UNAVAILABLE. {'error': {'code': 503, 'message': 'This model is currently experiencing high demand. Spikes in demand are usually temporary. Please try again later.', 'status': 'UNAVAILABLE'}}",2026-06-11 13:22:03
2512.07608.pdf,"503 UNAVAILABLE. {'error': {'code': 503, 'message': 'This model is currently experiencing high demand. Spikes in demand are usually temporary. Please try again later.', 'status': 'UNAVAILABLE'}}",2026-06-11 13:22:18
2502.03393.pdf,"503 UNAVAILABLE. {'error': {'code': 503, 'message': 'This model is currently experiencing high demand. Spikes in demand are usually temporary. Please try again later.', 'status': 'UNAVAILABLE'}}",2026-06-11 13:22:42
2606.09178.pdf,"503 UNAVAILABLE. {'error': {'code': 503, 'message': 'This model is currently experiencing high demand. Spikes in demand are usually temporary. Please try again later.', 'status': 'UNAVAILABLE'}}",2026-06-11 20:05:37
2606.11678.pdf,"503 UNAVAILABLE. {'error': {'code': 503, 'message': 'This model is currently experiencing high demand. Spikes in demand are usually temporary. Please try again later.', 'status': 'UNAVAILABLE'}}",2026-06-11 20:06:35
2606.11639.pdf,"503 UNAVAILABLE. {'error': {'code': 503, 'message': 'This model is currently experiencing high demand. Spikes in demand are usually temporary. Please try again later.', 'status': 'UNAVAILABLE'}}",2026-06-11 20:06:38
2606.11635.pdf,"503 UNAVAILABLE. {'error': {'code': 503, 'message': 'This model is currently experiencing high demand. Spikes in demand are usually temporary. Please try again later.', 'status': 'UNAVAILABLE'}}",2026-06-11 20:06:47
2606.07833.pdf,"503 UNAVAILABLE. {'error': {'code': 503, 'message': 'This model is currently experiencing high demand. Spikes in demand are usually temporary. Please try again later.', 'status': 'UNAVAILABLE'}}",2026-06-11 20:08:26
2606.06177.pdf,"503 UNAVAILABLE. {'error': {'code': 503, 'message': 'This model is currently experiencing high demand. Spikes in demand are usually temporary. Please try again later.', 'status': 'UNAVAILABLE'}}",2026-06-11 20:08:51
2606.06715.pdf,"503 UNAVAILABLE. {'error': {'code': 503, 'message': 'This model is currently experiencing high demand. Spikes in demand are usually temporary. Please try again later.', 'status': 'UNAVAILABLE'}}",2026-06-11 20:09:02
2606.06099.pdf,"503 UNAVAILABLE. {'error': {'code': 503, 'message': 'This model is currently experiencing high demand. Spikes in demand are usually temporary. Please try again later.', 'status': 'UNAVAILABLE'}}",2026-06-11 20:09:06
2606.03036.pdf,"503 UNAVAILABLE. {'error': {'code': 503, 'message': 'This model is currently experiencing high demand. Spikes in demand are usually temporary. Please try again later.', 'status': 'UNAVAILABLE'}}",2026-06-11 20:09:22
2606.09890.pdf,"503 UNAVAILABLE. {'error': {'code': 503, 'message': 'This model is currently experiencing high demand. Spikes in demand are usually temporary. Please try again later.', 'status': 'UNAVAILABLE'}}",2026-06-11 20:09:55
2606.01710.pdf,"503 UNAVAILABLE. {'error': {'code': 503, 'message': 'This model is currently experiencing high demand. Spikes in demand are usually temporary. Please try again later.', 'status': 'UNAVAILABLE'}}",2026-06-11 20:10:10
2606.03486.pdf,"503 UNAVAILABLE. {'error': {'code': 503, 'message': 'This model is currently experiencing high demand. Spikes in demand are usually temporary. Please try again later.', 'status': 'UNAVAILABLE'}}",2026-06-11 20:10:12
2606.03032.pdf,"503 UNAVAILABLE. {'error': {'code': 503, 'message': 'This model is currently experiencing high demand. Spikes in demand are usually temporary. Please try again later.', 'status': 'UNAVAILABLE'}}",2026-06-11 20:10:29
2606.02867.pdf,"503 UNAVAILABLE. {'error': {'code': 503, 'message': 'This model is currently experiencing high demand. Spikes in demand are usually temporary. Please try again later.', 'status': 'UNAVAILABLE'}}",2026-06-11 20:11:10
2606.01317.pdf,"503 UNAVAILABLE. {'error': {'code': 503, 'message': 'This model is currently experiencing high demand. Spikes in demand are usually temporary. Please try again later.', 'status': 'UNAVAILABLE'}}",2026-06-11 20:11:14
2606.01298.pdf,"503 UNAVAILABLE. {'error': {'code': 503, 'message': 'This model is currently experiencing high demand. Spikes in demand are usually temporary. Please try again later.', 'status': 'UNAVAILABLE'}}",2026-06-11 20:11:21
2606.01322.pdf,"503 UNAVAILABLE. {'error': {'code': 503, 'message': 'This model is currently experiencing high demand. Spikes in demand are usually temporary. Please try again later.', 'status': 'UNAVAILABLE'}}",2026-06-11 20:11:28
2606.00975.pdf,"503 UNAVAILABLE. {'error': {'code': 503, 'message': 'This model is currently experiencing high demand. Spikes in demand are usually temporary. Please try again later.', 'status': 'UNAVAILABLE'}}",2026-06-11 20:11:40
2605.27313.pdf,"503 UNAVAILABLE. {'error': {'code': 503, 'message': 'This model is currently experiencing high demand. Spikes in demand are usually temporary. Please try again later.', 'status': 'UNAVAILABLE'}}",2026-06-11 20:11:49
2606.01016.pdf,"503 UNAVAILABLE. {'error': {'code': 503, 'message': 'This model is currently experiencing high demand. Spikes in demand are usually temporary. Please try again later.', 'status': 'UNAVAILABLE'}}",2026-06-11 20:12:14
2606.01260.pdf,"503 UNAVAILABLE. {'error': {'code': 503, 'message': 'This model is currently experiencing high demand. Spikes in demand are usually temporary. Please try again later.', 'status': 'UNAVAILABLE'}}",2026-06-11 20:12:52
2606.03334.pdf,"503 UNAVAILABLE. {'error': {'code': 503, 'message': 'This model is currently experiencing high demand. Spikes in demand are usually temporary. Please try again later.', 'status': 'UNAVAILABLE'}}",2026-06-11 20:12:52
2502.03393.pdf,"503 UNAVAILABLE. {'error': {'code': 503, 'message': 'This model is currently experiencing high demand. Spikes in demand are usually temporary. Please try again later.', 'status': 'UNAVAILABLE'}}",2026-06-11 20:13:20
2606.11678.pdf,"503 UNAVAILABLE. {'error': {'code': 503, 'message': 'This model is currently experiencing high demand. Spikes in demand are usually temporary. Please try again later.', 'status': 'UNAVAILABLE'}}",2026-06-12 12:06:14
2606.13310.pdf,"503 UNAVAILABLE. {'error': {'code': 503, 'message': 'This model is currently experiencing high demand. Spikes in demand are usually temporary. Please try again later.', 'status': 'UNAVAILABLE'}}",2026-06-12 12:06:16
2606.11635.pdf,"503 UNAVAILABLE. {'error': {'code': 503, 'message': 'This model is currently experiencing high demand. Spikes in demand are usually temporary. Please try again later.', 'status': 'UNAVAILABLE'}}",2026-06-12 12:06:18
2606.13314.pdf,"503 UNAVAILABLE. {'error': {'code': 503, 'message': 'This model is currently experiencing high demand. Spikes in demand are usually temporary. Please try again later.', 'status': 'UNAVAILABLE'}}",2026-06-12 12:06:28
2606.09890.pdf,"503 UNAVAILABLE. {'error': {'code': 503, 'message': 'This model is currently experiencing high demand. Spikes in demand are usually temporary. Please try again later.', 'status': 'UNAVAILABLE'}}",2026-06-12 12:06:35
2606.06099.pdf,"503 UNAVAILABLE. {'error': {'code': 503, 'message': 'This model is currently experiencing high demand. Spikes in demand are usually temporary. Please try again later.', 'status': 'UNAVAILABLE'}}",2026-06-12 12:07:12
2606.03486.pdf,"503 UNAVAILABLE. {'error': {'code': 503, 'message': 'This model is currently experiencing high demand. Spikes in demand are usually temporary. Please try again later.', 'status': 'UNAVAILABLE'}}",2026-06-12 12:07:14
2606.07833.pdf,"503 UNAVAILABLE. {'error': {'code': 503, 'message': 'This model is currently experiencing high demand. Spikes in demand are usually temporary. Please try again later.', 'status': 'UNAVAILABLE'}}",2026-06-12 12:07:35
2606.03032.pdf,"503 UNAVAILABLE. {'error': {'code': 503, 'message': 'This model is currently experiencing high demand. Spikes in demand are usually temporary. Please try again later.', 'status': 'UNAVAILABLE'}}",2026-06-12 12:07:44
2606.03036.pdf,"503 UNAVAILABLE. {'error': {'code': 503, 'message': 'This model is currently experiencing high demand. Spikes in demand are usually temporary. Please try again later.', 'status': 'UNAVAILABLE'}}",2026-06-12 12:07:50
2606.02867.pdf,"503 UNAVAILABLE. {'error': {'code': 503, 'message': 'This model is currently experiencing high demand. Spikes in demand are usually temporary. Please try again later.', 'status': 'UNAVAILABLE'}}",2026-06-12 12:08:13
2606.01710.pdf,"503 UNAVAILABLE. {'error': {'code': 503, 'message': 'This model is currently experiencing high demand. Spikes in demand are usually temporary. Please try again later.', 'status': 'UNAVAILABLE'}}",2026-06-12 12:08:35
2606.01322.pdf,"503 UNAVAILABLE. {'error': {'code': 503, 'message': 'This model is currently experiencing high demand. Spikes in demand are usually temporary. Please try again later.', 'status': 'UNAVAILABLE'}}",2026-06-12 12:08:35
2606.01317.pdf,"503 UNAVAILABLE. {'error': {'code': 503, 'message': 'This model is currently experiencing high demand. Spikes in demand are usually temporary. Please try again later.', 'status': 'UNAVAILABLE'}}",2026-06-12 12:08:38
2605.27313.pdf,"503 UNAVAILABLE. {'error': {'code': 503, 'message': 'This model is currently experiencing high demand. Spikes in demand are usually temporary. Please try again later.', 'status': 'UNAVAILABLE'}}",2026-06-12 12:09:12
2606.11639.pdf,"503 UNAVAILABLE. {'error': {'code': 503, 'message': 'This model is currently experiencing high demand. Spikes in demand are usually temporary. Please try again later.', 'status': 'UNAVAILABLE'}}",2026-06-12 12:13:39
2606.01260.pdf,"503 UNAVAILABLE. {'error': {'code': 503, 'message': 'This model is currently experiencing high demand. Spikes in demand are usually temporary. Please try again later.', 'status': 'UNAVAILABLE'}}",2026-06-12 12:18:13
2606.07833.pdf,"503 UNAVAILABLE. {'error': {'code': 503, 'message': 'This model is currently experiencing high demand. Spikes in demand are usually temporary. Please try again later.', 'status': 'UNAVAILABLE'}}",2026-06-12 21:08:07
2606.09890.pdf,"503 UNAVAILABLE. {'error': {'code': 503, 'message': 'This model is currently experiencing high demand. Spikes in demand are usually temporary. Please try again later.', 'status': 'UNAVAILABLE'}}",2026-06-12 21:08:09
2606.11635.pdf,"503 UNAVAILABLE. {'error': {'code': 503, 'message': 'This model is currently experiencing high demand. Spikes in demand are usually temporary. Please try again later.', 'status': 'UNAVAILABLE'}}",2026-06-12 21:08:11
2606.11639.pdf,"503 UNAVAILABLE. {'error': {'code': 503, 'message': 'This model is currently experiencing high demand. Spikes in demand are usually temporary. Please try again later.', 'status': 'UNAVAILABLE'}}",2026-06-12 21:08:13
2606.13310.pdf,"503 UNAVAILABLE. {'error': {'code': 503, 'message': 'This model is currently experiencing high demand. Spikes in demand are usually temporary. Please try again later.', 'status': 'UNAVAILABLE'}}",2026-06-12 21:08:14
2606.11678.pdf,"503 UNAVAILABLE. {'error': {'code': 503, 'message': 'This model is currently experiencing high demand. Spikes in demand are usually temporary. Please try again later.', 'status': 'UNAVAILABLE'}}",2026-06-12 21:08:16
2606.03486.pdf,"503 UNAVAILABLE. {'error': {'code': 503, 'message': 'This model is currently experiencing high demand. Spikes in demand are usually temporary. Please try again later.', 'status': 'UNAVAILABLE'}}",2026-06-12 21:08:24
2606.02867.pdf,"503 UNAVAILABLE. {'error': {'code': 503, 'message': 'This model is currently experiencing high demand. Spikes in demand are usually temporary. Please try again later.', 'status': 'UNAVAILABLE'}}",2026-06-12 21:08:27
2606.03036.pdf,"503 UNAVAILABLE. {'error': {'code': 503, 'message': 'This model is currently experiencing high demand. Spikes in demand are usually temporary. Please try again later.', 'status': 'UNAVAILABLE'}}",2026-06-12 21:08:27
2605.27313.pdf,"503 UNAVAILABLE. {'error': {'code': 503, 'message': 'This model is currently experiencing high demand. Spikes in demand are usually temporary. Please try again later.', 'status': 'UNAVAILABLE'}}",2026-06-12 21:09:10
2606.01710.pdf,"503 UNAVAILABLE. {'error': {'code': 503, 'message': 'This model is currently experiencing high demand. Spikes in demand are usually temporary. Please try again later.', 'status': 'UNAVAILABLE'}}",2026-06-12 21:10:24
2606.06099.pdf,"503 UNAVAILABLE. {'error': {'code': 503, 'message': 'This model is currently experiencing high demand. Spikes in demand are usually temporary. Please try again later.', 'status': 'UNAVAILABLE'}}",2026-06-12 21:10:31
2606.03032.pdf,"503 UNAVAILABLE. {'error': {'code': 503, 'message': 'This model is currently experiencing high demand. Spikes in demand are usually temporary. Please try again later.', 'status': 'UNAVAILABLE'}}",2026-06-12 21:11:07
2606.01317.pdf,"503 UNAVAILABLE. {'error': {'code': 503, 'message': 'This model is currently experiencing high demand. Spikes in demand are usually temporary. Please try again later.', 'status': 'UNAVAILABLE'}}",2026-06-12 21:14:22
2606.13310.pdf,"503 UNAVAILABLE. {'error': {'code': 503, 'message': 'This model is currently experiencing high demand. Spikes in demand are usually temporary. Please try again later.', 'status': 'UNAVAILABLE'}}",2026-06-13 12:04:26
2606.06099.pdf,"503 UNAVAILABLE. {'error': {'code': 503, 'message': 'This model is currently experiencing high demand. Spikes in demand are usually temporary. Please try again later.', 'status': 'UNAVAILABLE'}}",2026-06-13 12:04:29
2606.07833.pdf,"503 UNAVAILABLE. {'error': {'code': 503, 'message': 'This model is currently experiencing high demand. Spikes in demand are usually temporary. Please try again later.', 'status': 'UNAVAILABLE'}}",2026-06-13 12:05:36
2606.03036.pdf,"503 UNAVAILABLE. {'error': {'code': 503, 'message': 'This model is currently experiencing high demand. Spikes in demand are usually temporary. Please try again later.', 'status': 'UNAVAILABLE'}}",2026-06-13 12:05:40
2606.02867.pdf,"503 UNAVAILABLE. {'error': {'code': 503, 'message': 'This model is currently experiencing high demand. Spikes in demand are usually temporary. Please try again later.', 'status': 'UNAVAILABLE'}}",2026-06-13 12:05:41
2606.11635.pdf,"503 UNAVAILABLE. {'error': {'code': 503, 'message': 'This model is currently experiencing high demand. Spikes in demand are usually temporary. Please try again later.', 'status': 'UNAVAILABLE'}}",2026-06-13 12:05:42
2606.01710.pdf,"503 UNAVAILABLE. {'error': {'code': 503, 'message': 'This model is currently experiencing high demand. Spikes in demand are usually temporary. Please try again later.', 'status': 'UNAVAILABLE'}}",2026-06-13 12:05:43
2606.03032.pdf,"503 UNAVAILABLE. {'error': {'code': 503, 'message': 'This model is currently experiencing high demand. Spikes in demand are usually temporary. Please try again later.', 'status': 'UNAVAILABLE'}}",2026-06-13 12:05:46
2606.11639.pdf,"503 UNAVAILABLE. {'error': {'code': 503, 'message': 'This model is currently experiencing high demand. Spikes in demand are usually temporary. Please try again later.', 'status': 'UNAVAILABLE'}}",2026-06-13 12:06:38
2605.27313.pdf,"503 UNAVAILABLE. {'error': {'code': 503, 'message': 'This model is currently experiencing high demand. Spikes in demand are usually temporary. Please try again later.', 'status': 'UNAVAILABLE'}}",2026-06-13 12:06:57
2606.17257.pdf,"503 UNAVAILABLE. {'error': {'code': 503, 'message': 'This model is currently experiencing high demand. Spikes in demand are usually temporary. Please try again later.', 'status': 'UNAVAILABLE'}}",2026-06-17 12:05:20
2606.17257.pdf,"503 UNAVAILABLE. {'error': {'code': 503, 'message': 'This model is currently experiencing high demand. Spikes in demand are usually temporary. Please try again later.', 'status': 'UNAVAILABLE'}}",2026-06-18 12:04:37
2606.19727.pdf,"503 UNAVAILABLE. {'error': {'code': 503, 'message': 'This model is currently experiencing high demand. Spikes in demand are usually temporary. Please try again later.', 'status': 'UNAVAILABLE'}}",2026-06-19 12:05:52
2606.19747.pdf,"503 UNAVAILABLE. {'error': {'code': 503, 'message': 'This model is currently experiencing high demand. Spikes in demand are usually temporary. Please try again later.', 'status': 'UNAVAILABLE'}}",2026-06-19 12:07:53
2606.19755.pdf,"503 UNAVAILABLE. {'error': {'code': 503, 'message': 'This model is currently experiencing high demand. Spikes in demand are usually temporary. Please try again later.', 'status': 'UNAVAILABLE'}}",2026-06-19 12:10:16
2606.19797.pdf,"503 UNAVAILABLE. {'error': {'code': 503, 'message': 'This model is currently experiencing high demand. Spikes in demand are usually temporary. Please try again later.', 'status': 'UNAVAILABLE'}}",2026-06-20 12:08:43
2606.19625.pdf,"503 UNAVAILABLE. {'error': {'code': 503, 'message': 'This model is currently experiencing high demand. Spikes in demand are usually temporary. Please try again later.', 'status': 'UNAVAILABLE'}}",2026-06-21 12:07:24
2606.25899.pdf,"503 UNAVAILABLE. {'error': {'code': 503, 'message': 'This model is currently experiencing high demand. Spikes in demand are usually temporary. Please try again later.', 'status': 'UNAVAILABLE'}}",2026-06-25 12:06:49
2606.26936.pdf,"503 UNAVAILABLE. {'error': {'code': 503, 'message': 'This model is currently experiencing high demand. Spikes in demand are usually temporary. Please try again later.', 'status': 'UNAVAILABLE'}}",2026-06-29 01:28:57
2606.26200.pdf,"503 UNAVAILABLE. {'error': {'code': 503, 'message': 'This model is currently experiencing high demand. Spikes in demand are usually temporary. Please try again later.', 'status': 'UNAVAILABLE'}}",2026-06-29 01:31:45
2606.25836.pdf,"503 UNAVAILABLE. {'error': {'code': 503, 'message': 'This model is currently experiencing high demand. Spikes in demand are usually temporary. Please try again later.', 'status': 'UNAVAILABLE'}}",2026-06-29 01:33:47
2606.24870.pdf,"503 UNAVAILABLE. {'error': {'code': 503, 'message': 'This model is currently experiencing high demand. Spikes in demand are usually temporary. Please try again later.', 'status': 'UNAVAILABLE'}}",2026-06-29 01:34:09
2606.24166.pdf,"503 UNAVAILABLE. {'error': {'code': 503, 'message': 'This model is currently experiencing high demand. Spikes in demand are usually temporary. Please try again later.', 'status': 'UNAVAILABLE'}}",2026-06-29 01:36:19
2606.24042.pdf,"503 UNAVAILABLE. {'error': {'code': 503, 'message': 'This model is currently experiencing high demand. Spikes in demand are usually temporary. Please try again later.', 'status': 'UNAVAILABLE'}}",2026-06-29 01:37:27
2606.26200.pdf,"503 UNAVAILABLE. {'error': {'code': 503, 'message': 'This model is currently experiencing high demand. Spikes in demand are usually temporary. Please try again later.', 'status': 'UNAVAILABLE'}}",2026-06-29 02:18:06
2608.24767.pdf,"401 UNAUTHENTICATED. {'error': {'code': 401, 'message': 'The bound service account is deleted or disabled. The service account bound to the API key must be active.', 'status': 'UNAUTHENTICATED', 'details': [{'@type': 'type.googleapis.com/google.rpc.ErrorInfo', 'reason': 'ACCOUNT_STATE_INVALID', 'metadata': {'method': 'google.ai.generativelanguage.v1beta.FileService.CreateFile', 'service': 'generativelanguage.googleapis.com'}}]}}",2026-08-26 13:21:10
2608.23780.pdf,"401 UNAUTHENTICATED. {'error': {'code': 401, 'message': 'The bound service account is deleted or disabled. The service account bound to the API key must be active.', 'status': 'UNAUTHENTICATED', 'details': [{'@type': 'type.googleapis.com/google.rpc.ErrorInfo', 'reason': 'ACCOUNT_STATE_INVALID', 'metadata': {'method': 'google.ai.generativelanguage.v1beta.FileService.CreateFile', 'service': 'generativelanguage.googleapis.com'}}]}}",2026-08-26 13:21:10
2608.24191.pdf,"401 UNAUTHENTICATED. {'error': {'code': 401, 'message': 'The bound service account is deleted or disabled. The service account bound to the API key must be active.', 'status': 'UNAUTHENTICATED', 'details': [{'@type': 'type.googleapis.com/google.rpc.ErrorInfo', 'reason': 'ACCOUNT_STATE_INVALID', 'metadata': {'method': 'google.ai.generativelanguage.v1beta.FileService.CreateFile', 'service': 'generativelanguage.googleapis.com'}}]}}",2026-08-26 13:21:10
2608.24662.pdf,"401 UNAUTHENTICATED. {'error': {'code': 401, 'message': 'The bound service account is deleted or disabled. The service account bound to the API key must be active.', 'status': 'UNAUTHENTICATED', 'details': [{'@type': 'type.googleapis.com/google.rpc.ErrorInfo', 'reason': 'ACCOUNT_STATE_INVALID', 'metadata': {'method': 'google.ai.generativelanguage.v1beta.FileService.CreateFile', 'service': 'generativelanguage.googleapis.com'}}]}}",2026-08-26 13:21:10
2608.24748.pdf,"401 UNAUTHENTICATED. {'error': {'code': 401, 'message': 'The bound service account is deleted or disabled. The service account bound to the API key must be active.', 'status': 'UNAUTHENTICATED', 'details': [{'@type': 'type.googleapis.com/google.rpc.ErrorInfo', 'reason': 'ACCOUNT_STATE_INVALID', 'metadata': {'service': 'generativelanguage.googleapis.com', 'method': 'google.ai.generativelanguage.v1beta.FileService.CreateFile'}}]}}",2026-08-26 13:21:10
2608.23999.pdf,"401 UNAUTHENTICATED. {'error': {'code': 401, 'message': 'The bound service account is deleted or disabled. The service account bound to the API key must be active.', 'status': 'UNAUTHENTICATED', 'details': [{'@type': 'type.googleapis.com/google.rpc.ErrorInfo', 'reason': 'ACCOUNT_STATE_INVALID', 'metadata': {'service': 'generativelanguage.googleapis.com', 'method': 'google.ai.generativelanguage.v1beta.FileService.CreateFile'}}]}}",2026-08-26 13:21:10
2608.24046.pdf,"401 UNAUTHENTICATED. {'error': {'code': 401, 'message': 'The bound service account is deleted or disabled. The service account bound to the API key must be active.', 'status': 'UNAUTHENTICATED', 'details': [{'@type': 'type.googleapis.com/google.rpc.ErrorInfo', 'reason': 'ACCOUNT_STATE_INVALID', 'metadata': {'method': 'google.ai.generativelanguage.v1beta.FileService.CreateFile', 'service': 'generativelanguage.googleapis.com'}}]}}",2026-08-26 13:21:10
2608.29478.pdf,"504 DEADLINE_EXCEEDED. {'error': {'code': 504, 'message': 'Deadline expired before operation could complete.', 'status': 'DEADLINE_EXCEEDED'}}",2026-09-01 14:36:37
