1503.02388
1503.06410
1510.02377
1511.00830
1601.03896
1601.04890
1604.06959
1605.09653
1606.06121
1607.06520
1608.05794
1608.07187
1608.07836
1610.01465
1610.08336
1611.07156
1611.08292
1611.08669
1612.02095
1612.08727
1701.02829
1701.08419
1702.00829
1702.05437
1702.05967
1703.03107
1703.04115
1703.10196
1704.00139
1704.02223
1704.06729
1704.07121
1705.03557
1705.03633
1705.07632
1705.10728
1706.01322
1706.03470
1706.03848
1706.09742
1707.00061
1707.02353
1707.04027
1707.04960
1707.08120
1707.09457
1708.03152
1708.05125
1709.00587
1709.07502
1710.06481
1710.06921
1711.05573
1711.07111
1711.09050
1711.09408
1711.11521
1801.07593
1802.00230
1802.03086
1802.04302
1803.02852
1803.06535
1803.06936
1803.07233
1803.09288
1803.09797
1803.11175
1804.03839
1804.06876
1804.09000
1804.09301
1804.11254
1805.02109
1805.04508
1805.06939
1805.07685
1805.08718
1806.00358
1806.01444
1806.08010
1807.00028
1807.00517
1807.00787
1807.02202
1807.07049
1807.07217
1807.09902
1807.11714
1808.00089
1808.01838
1808.02212
1808.05326
1808.05508
1808.05561
1808.06640
1808.07151
1808.07231
1808.07235
1808.07644
1808.07793
1808.08356
1808.09016
1808.09031
1809.01496
1809.02208
1809.02789
1809.02922
1809.03260
1809.04199
1809.04344
1809.04797
1809.05733
1809.05771
1809.05807
1809.05916
1809.06200
1809.06227
1809.06396
1809.07586
1809.07842
1809.07845
1809.08328
1809.09684
1809.10610
1809.10999
1810.00462
1810.01619
1810.01943
1810.02426
1810.02689
1810.03067
1810.03611
1810.03993
1810.04040
1810.04142
1810.04528
1810.05201
1810.06742
1810.07155
1810.09044
1810.09774
1810.10002
1810.11112
1810.11116
1810.11612
1810.11895
1810.12170
1810.12368
1811.00692
1811.00907
1811.00982
1811.01747
1811.01765
1811.01807
1811.03707
1811.05577
1811.05740
1811.06446
1811.07998
1811.08489
1811.08520
1811.08565
1811.08592
1811.09458
1811.09529
1811.10561
1811.10658
1811.10984
1811.11277
1811.11310
1811.11839
1811.12808
1812.00210
1812.01716
1812.01880
1812.02378
1812.03030
1812.04514
1812.04597
1812.05239
1812.05370
1812.07283
1812.07352
1812.08769
1812.08951
1812.08974
1812.09410
1812.10234
1812.10424
1812.10576
1901.00398
1901.00756
1901.00794
1901.01621
1901.02858
1901.03116
1901.03735
1901.04966
1901.05320
1901.05447
1901.07441
1901.07876
1901.07915
1901.07973
1901.07999
1901.08558
1901.08665
1901.08901
1901.09270
1901.09565
1901.09699
1901.09735
1901.10002
1901.10437
1902.00245
1902.00475
1902.00496
1902.00508
1902.02783
1902.03785
1902.07830
1902.08123
1902.09506
1903.00690
1903.02088
1903.02134
1903.02548
1903.03300
1903.03425
1903.03467
1903.03862
1903.04297
1903.04561
1903.05179
1903.06542
1903.06875
1903.07562
1903.08755
1903.09102
1903.09209
1903.10187
1903.10267
1903.10561
1904.00365
1904.00623
1904.01172
1904.01546
1904.02301
1904.02679
1904.03035
1904.03310
1904.03352
1904.03371
1904.03568
1904.04047
1904.04790
1904.05152
1904.05419
1904.07512
1904.07773
1904.07911
1904.08331
1904.08504
1904.08654
1904.08783
1904.08818
1904.09720
1904.11783
1904.12166
1905.00537
1905.01347
1905.01780
1905.01966
1905.01989
1905.01997
1905.02535
1905.02947
1905.03461
1905.03702
1905.04749
1905.04877
1905.05704
1905.05824
1905.06221
1905.06417
1905.07286
1905.08767
1905.08868
1905.08871
1905.09866
1905.10886
1905.11672
1905.11684
1905.11985
1905.12101
1905.12516
1905.12666
1905.12774
1905.12801
1905.12853
1905.13167
1905.13289
1905.13364
1906.00067
1906.00156
1906.00442
1906.00591
1906.00742
1906.00768
1906.00839
1906.01012
1906.01161
1906.01361
1906.01393
1906.01762
1906.02045
1906.02059
1906.02164
1906.02314
1906.02899
1906.03184
1906.03292
1906.03518
1906.03695
1906.03735
1906.03829
1906.04571
1906.04643
1906.04760
1906.04761
1906.05271
1906.05714
1906.05993
1906.06390
1906.06425
1906.06613
1906.07046
1906.07132
1906.07337
1906.07413
1906.07839
1906.07987
1906.08170
1906.08286
1906.08291
1906.08379
1906.08576
1906.08976
1906.09208
1906.09635
1906.09833
1906.10256
1906.10845
1906.12068
1907.00810
1907.01671
1907.01845
1907.02227
1907.03483
1907.03644
1907.04102
1907.06130
1907.06781
1907.06999
1907.08456
1907.08687
1907.09328
1907.09340
1907.10331
1907.10641
1907.10701
1907.12271
1907.12305
1907.12347
1907.12700
1907.12720
1907.12917
1907.13601
1908.00308
1908.00403
1908.00831
1908.02322
1908.02660
1908.02810
1908.04348
1908.04913
1908.05005
1908.05757
1908.05803
1908.05901
1908.06024
1908.06083
1908.06165
1908.06361
1908.06708
1908.07125
1908.07336
1908.07448
1908.07898
1908.08025
1908.08328
1908.08717
1908.08960
1908.09091
1908.09203
1908.09369
1908.09635
1908.10763
1908.11030
1908.11141
1908.11474
1909.00066
1909.00091
1909.00098
1909.00161
1909.00594
1909.00982
1909.01326
1909.01866
1909.02027
1909.02217
1909.02224
1909.02800
1909.03290
1909.03683
1909.03739
1909.04242
1909.04349
1909.04386
1909.04387
1909.04496
1909.06030
1909.06092
1909.06429
1909.06564
1909.07547
1909.07913
1909.08081
1909.08159
1909.08975
1909.09065
1909.09285
1909.09543
1909.09633
1909.09758
1909.10122
1909.10128
1910.00411
1910.00444
1910.00618
1910.00757
1910.03747
1910.04210
1910.04214
1910.04601
1910.05591
1910.06745
1910.07604
1910.09302
1910.10486
1910.10871
1910.10872
1910.11922
1910.12574
1910.12586
1910.13268
1910.13934
1910.14120
1910.14497
1910.14599
1911.00461
1911.00569
1911.01485
1911.01746
1911.02471
1911.02725
1911.03058
1911.03064
1911.03123
1911.03642
1911.03681
1911.03842
1911.03891
1911.06298
1911.06679
1911.06915
1911.08731
1911.08816
1911.09241
1911.09709
1911.10038
1911.10683
1912.00578
1912.00651
1912.01094
1912.02736
1912.02761
1912.04778
1912.05238
1912.06166
1912.06933
1912.07376
1912.07398
1912.07661
1912.08290
1912.10389
1912.10818
1912.11078
1912.12345
1912.12463
2001.00089
2001.01266
2001.01385
2001.01565
2001.01819
2001.02271
2001.03618
2001.04348
2001.04693
2001.05414
2001.06286
2001.06693
2001.07578
2001.08764
2001.09762
2001.09784
2001.09899
2001.11821
2002.00922
2002.01077
2002.02445
2002.02855
2002.03779
2002.04108
2002.04326
2002.04793
2002.05049
2002.05819
2002.06644
2002.06961
2002.07927
2002.08512
2002.08608
2002.08911
2002.08973
2002.09831
2002.10361
2002.11836
2003.00393
2003.00403
2003.02359
2003.03875
2003.05136
2003.06920
2003.08132
2003.08444
2003.09280
2003.09574
2003.11515
2003.11618
2003.13764
2003.13808
2003.13947
2003.14043
2004.00686
2004.01401
2004.01912
2004.02028
2004.02042
2004.02709
2004.02782
2004.03012
2004.03044
2004.03074
2004.03133
2004.03143
2004.03329
2004.03490
2004.03607
2004.04123
2004.04216
2004.04498
2004.04938
2004.05051
2004.06592
2004.07132
2004.07347
2004.07667
2004.08449
2004.08726
2004.09095
2004.09272
2004.09456
2004.09551
2004.09720
2004.10191
2004.10410
2004.10725
2004.11457
2004.12043
2004.12265
2004.12276
2004.12302
2004.12332
2004.12764
2004.12823
2004.13486
2004.13606
2004.13831
2004.13850
2004.13866
2004.13939
2004.14065
2004.14088
2004.14366
2004.14454
2004.14564
2004.14870
2005.00268
2005.00333
2005.00372
2005.00460
2005.00547
2005.00614
2005.00635
2005.00699
2005.00771
2005.00782
2005.00789
2005.00813
2005.00816
2005.00965
2005.01348
2005.02264
2005.02367
2005.02439
2005.03912
2005.04118
2005.04364
2005.04518
2005.04732
2005.05921
2005.06251
2005.06618
2005.06625
2005.06898
2005.07007
2005.07302
2005.07934
2005.07954
2005.08033
2005.08864
2005.09619
2005.10067
2005.10228
2005.10716
2005.11756
2005.11817
2005.12246
2005.12503
2005.13041
2005.13156
2005.13213
2005.13407
2005.13981
2005.14024
2005.14050
2005.14165
2005.14713
2006.01938
2006.02046
2006.02174
2006.03950
2006.03955
2006.05754
2006.06082
2006.08315
2006.08328
2006.08564
2006.08669
2006.08881
2006.09000
2006.10304
2006.10437
2006.10531
2006.11130
2006.11439
2006.11642
2006.11880
2006.12442
2006.14168
2006.14621
2006.14799
2006.16309
2006.16402
2006.16923
2007.00049
2007.00088
2007.00968
2007.03278
2007.03616
2007.03626
2007.04178
2007.04181
2007.04226
2007.04250
2007.04508
2007.05039
2007.05872
2007.05916
2007.06570
2007.06897
2007.06898
2007.07399
2007.07860
2007.08100
2007.08124
2007.09554
2007.10609
2008.00371
2008.00525
2008.00923
2008.01194
2008.01548
2008.02275
2008.02754
2008.03082
2008.03415
2008.03425
2008.03507
2008.03844
2008.03964
2008.04541
2008.04859
2008.05122
2008.05524
2008.06133
2008.06376
2008.06460
2008.07276
2008.07309
2008.07360
2008.07433
2008.08143
2008.08854
2008.09094
2008.09209
2008.09656
2008.09703
2008.09706
2008.09772
2008.11289
2008.11463
2008.11572
2008.11608
2008.11721
2008.11772
2008.12009
2009.01311
2009.01334
2009.04640
2009.04972
2009.05021
2009.05349
2009.05664
2009.06171
2009.06367
2009.06389
2009.06433
2009.06807
2009.07025
2009.08270
2009.08820
2009.09026
2009.09071
2009.09308
2009.09331
2009.09359
2009.09435
2009.09961
2009.09984
2009.10050
2009.10277
2009.11027
2009.11462
2009.11982
2009.13028
2009.13509
2009.13650
2009.13888
2010.00038
2010.00110
2010.00121
2010.00133
2010.01061
2010.01082
2010.01285
2010.01410
2010.01470
2010.01773
2010.01786
2010.01979
2010.02150
2010.02428
2010.02510
2010.02542
2010.02605
2010.02684
2010.02867
2010.02976
2010.03061
2010.03154
2010.03183
2010.03249
2010.03636
2010.04543
2010.04658
2010.04706
2010.04736
2010.04987
2010.05139
2010.05332
2010.05988
2010.05995
2010.06000
2010.06018
2010.06032
2010.06203
2010.06654
2010.07035
2010.07079
2010.07249
2010.07410
2010.07414
2010.07676
2010.07913
2010.07979
2010.08162
2010.08743
2010.08777
2010.09670
2010.10409
2010.10820
2010.11125
2010.11666
2010.12421
2010.12540
2010.12707
2010.12779
2010.12800
2010.12820
2010.12864
2010.12949
2010.13168
2010.13561
2010.13782
2010.13816
2010.14235
2010.14342
2010.14448
2010.14465
2010.14534
2010.14952
2010.15277
2010.15300
2010.16228
2010.16340
2011.00092
2011.00244
2011.00479
2011.00620
2011.01575
2011.01837
2011.02198
2011.02686
2011.02787
2011.03020
2011.03156
2011.03492
2011.03856
2011.03863
2011.04049
2011.04267
2011.04395
2011.04542
2011.04767
2011.05558
2011.06225
2011.06445
2011.06485
2011.07975
2011.08320
2011.08641
2011.08898
2011.09398
2011.09625
2011.10280
2011.11688
2011.12014
2011.12086
2011.12465
2011.12945
2011.13320
2011.13477
2011.13583
2011.14259
2011.14293
2011.14906
2012.00290
2012.00360
2012.00363
2012.00714
2012.01030
2012.01300
2012.01631
2012.01634
2012.01685
2012.02015
2012.02356
2012.02420
2012.02447
2012.02996
2012.04056
2012.04603
2012.04698
2012.05345
2012.07421
2012.07788
2012.08117
2012.08642
2012.09302
2012.09424
2012.09686
2012.10210
2012.10289
2012.10311
2012.10986
2012.11154
2012.11635
2012.11685
2012.12305
2012.12466
2012.12871
2012.13176
2012.13189
2012.14891
2012.15015
2012.15349
2012.15445
2012.15606
2012.15761
2012.15859
2101.00027
2101.00078
2101.00151
2101.00160
2101.00379
2101.00433
2101.01391
2101.01665
2101.02831
2101.03552
2101.04230
2101.04526
2101.04840
2101.05077
2101.05494
2101.05783
2101.05880
2101.06223
2101.06326
2101.07361
2101.07451
2101.07664
2101.09028
2101.09294
2101.09355
2101.09523
2101.09525
2101.09688
2101.09869
2101.10001
2101.10098
2101.11469
2101.11718
2101.11956
2101.11974
2101.12406
2102.00086
2102.00238
2102.00287
2102.00311
2102.00894
2102.01405
2102.01672
2102.01859
2102.04119
2102.04130
2102.04257
2102.04427
2102.04632
2102.04895
2102.05185
2102.05238
2102.05456
2102.05638
2102.05756
2102.06166
2102.06761
2102.06788
2102.08345
2102.08410
2102.08453
2102.08886
2102.09099
2102.09103
2102.09542
2102.09968
2102.11000
2102.11673
2102.11938
2102.11957
2102.12060
2102.12258
2102.12594
2102.13004
2102.13076
2102.13461
2103.00020
2103.00385
2103.00453
2103.00710
2103.00847
2103.01093
2103.01403
2103.01550
2103.02590
2103.03417
2103.03598
2103.03872
2103.04053
2103.05108
2103.05345
2103.05568
2103.05841
2103.06076
2103.06191
2103.06312
2103.06364
2103.06410
2103.06413
2103.06503
2103.06598
2103.06759
2103.06874
2103.07534
2103.07567
2103.07942
2103.08637
2103.08780
2103.09148
2103.09396
2103.09876
2103.10195
2103.10415
2103.10550
2103.11023
2103.11320
2103.11441
2103.11474
2103.11790
2103.11806
2103.12028
2103.12407
2103.12532
2103.13868
2103.13944
2103.14255
2103.14659
2103.14799
2103.14916
2103.15022
2103.15122
2103.15538
2103.15890
2103.15914
2103.15974
2103.16002
2103.16714
2103.16953
2103.17123
2103.17191
2104.00170
2104.00336
2104.00513
2104.00639
2104.00782
2104.01703
2104.01724
2104.01821
2104.02145
2104.02242
2104.02704
2104.02797
2104.02821
2104.03026
2104.03603
2104.04182
2104.04470
2104.04502
2104.04770
2104.04896
2104.05146
2104.05196
2104.05224
2104.05232
2104.05824
2104.05938
2104.05981
2104.06001
2104.06182
2104.06338
2104.06390
2104.06893
2104.06973
2104.06999
2104.07155
2104.07412
2104.07429
2104.07496
2104.07505
2104.07540
2104.07571
2104.07695
2104.07838
2104.07921
2104.08200
2104.08376
2104.08398
2104.08465
2104.08570
2104.08663
2104.08666
2104.08671
2104.08718
2104.08724
2104.08728
2104.08758
2104.08792
2104.08829
2104.08912
2104.09340
2104.09712
2104.09957
2104.09987
2104.10130
2104.10259
2104.10747
2104.10751
2104.10788
2104.11523
2104.11729
2104.11761
2104.11882
2104.11934
2104.12278
2104.12553
2104.13453
2104.13490
2104.13640
2104.14067
2104.14337
2104.14478
2104.14703
2104.14795
2105.00908
2105.01567
2105.02091
2105.02407
2105.02440
2105.02590
2105.02637
2105.02732
2105.02778
2105.02980
2105.03020
2105.03023
2105.03048
2105.03053
2105.03906
2105.04054
2105.04144
2105.04857
2105.05241
2105.05541
2105.06318
2105.06457
2105.06681
2105.07122
2105.08847
2105.09052
2105.09059
2105.09060
2105.09293
2105.09297
2105.09428
2105.09543
2105.09680
2105.09742
2105.09985
2105.11412
2105.11479
2105.11908
2105.11910
2105.13132
2105.13782
2105.13947
2105.13959
2105.14115
2105.14231
2105.14859
2105.14874
2106.00169
2106.00245
2106.00326
2106.00545
2106.00772
2106.00829
2106.00969
2106.01060
2106.01098
2106.01254
2106.01444
2106.01465
2106.01625
2106.01810
2106.02017
2106.02083
2106.02183
2106.02359
2106.02398
2106.02596
2106.02715
2106.02866
2106.03389
2106.03521
2106.03721
2106.03921
2106.04484
2106.04511
2106.04560
2106.04570
2106.04747
2106.04753
2106.04908
2106.05498
2106.05532
2106.05664
2106.05682
2106.05894
2106.05903
2106.05970
2106.06046
2106.06052
2106.06157
2106.06213
2106.06487
2106.06683
2106.06797
2106.06830
2106.06937
2106.07240
2106.07483
2106.07505
2106.07820
2106.07823
2106.07847
2106.07849
2106.08376
2106.08409
2106.08503
2106.08527
2106.08680
2106.08934
2106.09069
2106.09248
2106.09449
2106.09462
2106.09645
2106.09670
2106.09775
2106.10328
2106.10826
2106.11388
2106.11520
2106.11560
2106.11783
2106.12543
2106.12887
2106.13219
2106.14574
2106.14829
2106.14922
2106.15065
2106.15147
2106.15231
2106.15541
2106.15896
2106.16163
2107.00135
2107.00360
2107.00643
2107.00717
2107.00753
2107.00758
2107.00833
2107.01131
2107.01183
2107.02153
2107.02472
2107.02477
2107.02716
2107.03374
2107.03451
2107.04212
2107.04286
2107.04313
2107.05295
2107.05687
2107.05987
2107.06243
2107.06641
2107.07002
2107.07154
2107.07334
2107.07502
2107.07691
2107.07754
2107.07919
2107.08720
2107.08928
2107.09044
2107.09729
2107.10181
2107.10251
2107.11084
2107.11584
2107.11610
2107.11913
2107.11956
2107.12049
2107.12096
2107.12708
2107.12711
2107.12866
2107.13076
2107.13173
2108.00057
2108.00308
2108.00588
2108.00713
2108.00768
2108.01245
2108.01250
2108.01721
2108.01764
2108.01861
2108.02352
2108.02741
2108.02818
2108.02854
2108.02922
2108.02943
2108.03070
2108.03089
2108.03332
2108.03362
2108.03861
2108.03929
2108.04308
2108.04378
2108.04884
2108.05080
2108.05233
2108.05412
2108.05449
2108.05921
2108.05927
2108.05935
2108.06130
2108.06217
2108.06295
2108.06329
2108.06487
2108.06918
2108.07154
2108.07258
2108.07374
2108.07790
2108.07865
2108.07871
2108.08874
2108.09033
2108.09098
2108.10008
2108.10069
2108.10132
2108.10252
2108.10290
2108.10379
2108.10442
2108.10665
2108.10949
2108.10992
2108.11056
2108.11830
2108.12061
2108.12084
2108.12409
2108.12601
2108.12637
2108.12867
2108.12960
2108.13112
2109.00227
2109.00430
2109.00521
2109.00574
2109.00725
2109.00861
2109.01164
2109.01411
2109.01653
2109.02050
2109.02202
2109.02691
2109.02846
2109.02934
2109.02941
2109.02966
2109.03094
2109.03229
2109.03300
2109.03334
2109.03646
2109.03858
2109.03999
2109.04095
2109.04380
2109.04535
2109.04624
2109.04732
2109.04817
2109.04834
2109.05140
2109.05178
2109.05322
2109.05325
2109.05438
2109.05535
2109.05658
2109.05697
2109.05704
2109.06074
2109.06105
2109.06122
2109.06157
2109.06253
2109.06437
2109.06598
2109.06838
2109.06860
2109.07022
2109.07140
2109.07157
2109.07228
2109.07231
2109.07445
2109.07648
2109.07692
2109.07765
2109.07983
2109.07991
2109.08026
2109.08048
2109.08131
2109.08245
2109.08253
2109.08256
2109.08344
2109.08449
2109.08549
2109.08613
2109.08630
2109.09061
2109.09133
2109.09232
2109.09483
2109.09672
2109.09725
2109.10052
2109.10441
2109.10444
2109.10604
2109.10645
2109.10649
2109.11094
2109.11708
2109.12008
2109.12072
2109.12105
2109.13037
2109.13059
2109.13113
2109.13116
2109.13137
2109.13238
2109.13563
2109.13711
2109.13767
2109.13916
2109.14039
2109.14047
2109.14250
2110.00116
2110.00521
2110.00530
2110.00538
2110.00672
2110.00678
2110.00737
2110.00806
2110.01094
2110.01109
2110.01406
2110.01434
2110.01506
2110.01577
2110.01640
2110.01889
2110.02034
2110.02619
2110.02802
2110.02884
2110.03674
2110.03877
2110.04070
2110.04133
2110.04222
2110.04384
2110.04399
2110.04413
2110.04845
2110.05071
2110.05159
2110.05301
2110.05367
2110.05580
2110.05699
2110.05719
2110.06006
2110.06448
2110.06468
2110.07058
2110.07151
2110.07165
2110.07385
2110.07518
2110.07524
2110.07534
2110.07574
2110.07575
2110.07592
2110.07814
2110.07871
2110.07957
2110.07985
2110.08173
2110.08193
2110.08207
2110.08222
2110.08300
2110.08353
2110.08388
2110.08466
2110.08467
2110.08527
2110.08542
2110.08559
2110.08583
2110.08835
2110.08931
2110.09232
2110.09253
2110.09424
2110.09749
2110.09839
2110.09843
2110.10024
2110.10709
2110.11899
2110.12609
2110.12687
2110.13029
2110.13076
2110.13136
2110.13214
2110.13223
2110.13504
2110.13796
2110.14019
2110.14839
2110.15728
2110.15733
2111.00086
2111.00107
2111.00660
2111.00981
2111.02493
2111.03220
2111.03299
2111.03320
2111.03612
2111.03687
2111.04158
2111.04260
2111.04324
2111.05196
2111.05486
2111.05501
2111.05679
2111.06349
2111.06467
2111.07188
2111.07367
2111.07448
2111.07864
2111.07997
2111.08088
2111.08181
2111.08356
2111.08581
2111.08609
2111.08723
2111.08940
2111.09159
2111.09453
2111.09612
2111.09983
2111.10223
2111.10390
2111.10476
2111.10493
2111.10501
2111.10504
2111.10541
2111.10756
2111.11159
2111.11547
2111.11665
2111.12085
2111.12490
2111.12673
2111.12823
2111.12853
2111.12918
2111.13259
2111.13410
2111.13475
2111.13517
2111.13654
2111.13839
2111.14322
2111.14581
2111.14887
2111.14951
2111.15366
2111.15512
2111.15521
2112.00061
2112.00238
2112.00412
2112.00431
2112.00570
2112.00659
2112.00819
2112.00854
2112.00861
2112.01342
2112.01488
2112.01624
2112.02230
2112.02384
2112.02581
2112.02721
2112.03204
2112.03497
2112.03529
2112.03632
2112.03858
2112.03867
2112.04094
2112.04176
2112.04359
2112.04478
2112.04554
2112.04564
2112.04803
2112.05090
2112.05136
2112.05194
2112.05224
2112.05253
2112.05700
2112.05749
2112.05760
2112.06409
2112.06431
2112.06733
2112.06837
2112.07133
2112.07421
2112.07447
2112.07475
2112.07566
2112.07868
2112.07910
2112.07957
2112.08313
2112.08346
2112.08357
2112.08637
2112.08643
2112.08654
2112.08679
2112.08910
2112.09195
2112.09237
2112.09253
2112.09301
2112.09332
2112.09429
2112.09986
2112.10668
2112.10728
2112.11244
2112.11446
2112.11478
2112.12014
2112.12653
2112.12843
2112.12980
2112.13236
2112.13497
2112.13870
2112.13980
2112.14168
2112.14936
2112.15093
2112.15417
2112.15594
2201.00299
2201.01221
2201.01288
2201.01961
2201.02026
2201.02184
2201.02257
2201.02639
2201.03173
2201.03176
2201.03239
2201.03521
2201.03559
2201.04236
2201.04467
2201.04788
2201.05051
2201.05216
2201.05401
2201.05671
2201.05759
2201.05848
2201.05912
2201.05955
2201.06025
2201.06035
2201.06224
2201.06286
2201.06556
2201.06640
2201.06723
2201.06794
2201.06848
2201.07311
2201.07459
2201.07525
2201.07754
2201.07856
2201.07932
2201.08239
2201.08264
2201.08387
2201.08451
2201.08542
2201.08643
2201.08675
2201.09119
2201.09366
2201.09486
2201.09639
2201.09932
2201.10066
2201.10182
2201.10376
2201.10474
2201.11014
2201.11358
2201.11732
2201.11990
2201.12091
2201.12093
2201.12323
2201.12329
2201.12382
2201.12560
2201.12919
2201.13066
2201.13405
2201.13429
2202.00035
2202.00097
2202.00126
2202.00146
2202.00712
2202.01258
2202.01327
2202.01336
2202.01615
2202.01711
2202.01993
2202.02232
2202.02317
2202.02398
2202.02479
2202.02832
2202.02896
2202.02943
2202.02950
2202.03165
2202.03286
2202.03371
2202.03514
2202.03734
2202.03792
2202.03907
2202.04053
2202.04073
2202.04173
2202.04520
2202.04725
2202.04800
2202.05435
2202.05682
2202.05728
2202.06484
2202.06523
2202.06602
2202.06618
2202.06675
2202.06935
2202.07136
2202.07170
2202.07209
2202.07300
2202.07435
2202.07543
2202.07615
2202.07654
2202.07765
2202.07785
2202.07983
2202.08011
2202.08360
2202.08904
2202.08916
2202.08926
2202.09099
2202.09244
2202.09456
2202.09662
2202.10284
2202.10659
2202.10830
2202.10848
2202.11176
2202.11812
2202.11923
2202.12058
2202.12205
2202.12232
2202.12288
2202.12299
2202.12459
2202.12568
2202.12690
2202.12814
2202.12875
2202.12912
2202.13028
2202.13529
2203.00131
2203.00242
2203.00357
2203.00456
2203.00555
2203.01225
2203.01731
2203.02053
2203.02155
2203.02392
2203.02399
2203.02745
2203.03072
2203.03137
2203.03399
2203.03483
2203.03570
2203.03584
2203.04195
2203.04515
2203.04592
2203.04754
2203.04837
2203.05046
2203.05081
2203.05092
2203.05109
2203.05122
2203.05123
2203.05137
2203.05140
2203.05227
2203.05243
2203.05380
2203.05648
2203.05651
2203.05738
2203.05796
2203.05928
2203.05984
2203.06317
2203.06359
2203.06404
2203.06419
2203.06728
2203.06825
2203.07031
2203.07160
2203.07228
2203.07378
2203.07504
2203.07511
2203.07523
2203.07527
2203.07613
2203.07662
2203.07664
2203.07785
2203.07893
2203.08075
2203.08118
2203.08222
2203.08235
2203.08388
2203.08459
2203.08543
2203.08637
2203.08670
2203.09122
2203.09125
2203.09136
2203.09141
2203.09192
2203.09293
2203.09391
2203.09509
2203.09550
2203.09597
2203.09679
2203.09739
2203.09866
2203.09904
2203.09911
2203.09978
2203.10012
2203.10020
2203.10026
2203.10159
2203.10190
2203.10316
2203.10378
2203.10675
2203.10897
2203.10929
2203.11130
2203.11131
2203.11401
2203.11526
2203.11562
2203.11764
2203.11852
2203.11933
2203.12536
2203.12574
2203.12609
2203.12751
2203.12817
2203.12865
2203.12872
2203.12906
2203.12918
2203.12942
2203.13204
2203.13357
2203.13369
2203.13705
2203.13710
2203.13722
2203.13751
2203.13812
2203.13928
2203.13929
2203.13947
2203.14040
2203.14197
2203.14267
2203.14325
2203.14349
2203.14498
2203.14542
2203.14603
2203.14622
2203.14680
2203.14920
2203.15030
2203.15089
2203.15251
2203.15395
2203.15516
2203.15556
2203.15591
2203.15625
2203.15867
2203.16041
2203.16427
2203.16434
2203.16481
2203.16517
2203.16632
2203.16682
2203.16822
2203.16972
2203.17090
2203.17219
2204.00280
2204.00298
2204.00486
2204.00536
2204.00540
2204.00541
2204.01061
2204.01062
2204.01075
2204.01334
2204.01397
2204.01440
2204.01599
2204.01694
2204.01734
2204.01906
2204.02070
2204.02281
2204.02311
2204.02426
2204.02483
2204.02587
2204.02597
2204.02952
2204.02968
2204.02969
2204.03031
2204.03262
2204.03328
2204.03458
2204.03558
2204.03618
2204.03722
2204.03839
2204.03992
2204.04026
2204.04042
2204.04046
2204.04163
2204.04211
2204.04214
2204.04327
2204.04350
2204.04358
2204.04382
2204.04384
2204.04391
2204.04541
2204.04724
2204.04763
2204.04859
2204.04902
2204.04950
2204.05151
2204.05205
2204.05232
2204.05459
2204.05546
2204.05660
2204.05845
2204.05862
2204.05879
2204.05990
2204.06105
2204.06283
2204.06340
2204.06364
2204.06389
2204.06827
2204.06832
2204.07005
2204.07190
2204.07289
2204.07333
2204.07432
2204.07442
2204.07483
2204.07560
2204.07661
2204.07682
2204.07705
2204.07761
2204.08024
2204.08123
2204.08173
2204.08304
2204.08405
2204.08665
2204.08816
2204.08997
2204.09168
2204.09209
2204.09234
2204.09484
2204.09565
2204.09583
2204.09589
2204.09591
2204.09622
2204.09675
2204.09774
2204.09817
2204.09852
2204.09882
2204.10149
2204.10196
2204.10202
2204.10233
2204.10281
2204.10365
2204.10467
2204.10519
2204.10796
2204.10817
2204.10940
2204.11004
2204.11241
2204.11373
2204.11447
2204.11598
2204.11642
2204.11788
2204.12000
2204.12326
2204.12386
2204.12421
2204.12463
2204.12521
2204.12649
2204.12651
2204.12708
2204.12709
2204.13021
2204.13031
2204.13101
2204.13284
2204.13384
2204.13399
2204.13400
2204.13496
2204.13511
2204.13650
2204.13749
2204.13796
2204.13983
2204.14146
2204.14198
2204.14226
2204.14256
2204.14272
2205.00148
2205.00186
2205.00320
2205.00328
2205.00501
2205.00551
2205.00619
2205.00633
2205.00819
2205.00889
2205.00904
2205.00937
2205.00965
2205.01066
2205.01068
2205.01374
2205.01512
2205.01657
2205.01811
2205.01818
2205.01841
2205.01876
2205.01975
2205.02035
2205.02211
2205.02318
2205.02392
2205.02393
2205.02526
2205.02627
2205.02894
2205.03026
2205.03295
2205.03302
2205.03468
2205.03589
2205.03819
2205.03824
2205.03931
2205.03962
2205.03983
2205.04022
2205.04040
2205.04093
2205.04182
2205.04190
2205.04238
2205.04304
2205.04321
2205.04505
2205.04525
2205.04610
2205.04682
2205.04747
2205.05092
2205.05093
2205.05124
2205.05177
2205.05256
2205.05300
2205.05467
2205.05718
2205.05738
2205.05763
2205.05770
2205.05832
2205.05889
2205.05901
2205.06135
2205.06181
2205.06203
2205.06231
2205.06253
2205.06303
2205.06356
2205.06548
2205.06621
2205.06750
2205.06935
2205.07017
2205.07065
2205.07233
2205.07237
2205.07276
2205.07277
2205.08014
2205.08108
2205.08148
2205.08288
2205.08335
2205.08377
2205.08383
2205.08393
2205.08412
2205.08508
2205.08777
2205.08835
2205.08922
2205.09073
2205.09209
2205.09240
2205.09295
2205.09347
2205.09436
2205.09460
2205.09641
2205.09744
2205.09830
2205.09853
2205.09864
2205.09867
2205.09872
2205.09948
2205.10049
2205.10207
2205.10312
2205.10363
2205.10386
2205.10762
2205.10764
2205.10773
2205.10828
2205.10902
2205.11081
2205.11275
2205.11315
2205.11374
2205.11378
2205.11474
2205.11485
2205.11487
2205.11502
2205.11601
2205.11605
2205.11935
2205.12176
2205.12191
2205.12247
2205.12390
2205.12391
2205.12404
2205.12456
2205.12491
2205.12495
2205.12519
2205.12522
2205.12542
2205.12554
2205.12558
2205.12586
2205.12640
2205.12673
2205.12676
2205.12688
2205.12689
2205.12693
2205.12694
2205.12753
2205.12771
2205.13164
2205.13234
2205.13445
2205.13574
2205.13636
2205.13760
2205.13901
2205.14036
2205.14042
2205.14100
2205.14140
2205.14288
2205.14459
2205.14467
2205.14566
2205.14647
2205.14692
2205.14727
2205.14728
2205.14833
2205.15104
2205.15171
2205.15236
2205.15237
2205.15465
2205.15555
2205.15704
2205.15764
2205.15860
2205.15947
2205.15951
2205.15960
2205.16001
2206.00074
2206.00137
2206.00234
2206.00415
2206.00437
2206.00524
2206.00527
2206.00701
2206.00761
2206.00929
2206.01022
2206.01319
2206.01347
2206.01670
2206.01691
2206.01720
2206.01767
2206.01988
2206.02114
2206.02119
2206.02349
2206.02457
2206.02647
2206.02661
2206.02667
2206.02868
2206.02873
2206.03021
2206.03043
2206.03200
2206.03262
2206.03515
2206.03635
2206.03655
2206.03657
2206.03680
2206.03945
2206.04374
2206.04615
2206.04875
2206.04937
2206.05123
2206.05224
2206.05380
2206.05446
2206.05447
2206.05802
2206.06177
2206.06320
2206.06685
2206.06996
2206.07036
2206.07043
2206.07047
2206.07160
2206.07170
2206.07173
2206.07207
2206.07351
2206.07360
2206.07438
2206.07550
2206.07555
2206.07558
2206.07579
2206.07588
2206.07635
2206.07694
2206.08023
2206.08325
2206.08367
2206.08445
2206.08452
2206.08522
2206.08566
2206.08569
2206.08614
2206.08640
2206.08743
2206.08788
2206.08802
2206.08916
2206.08931
2206.08978
2206.09059
2206.09076
2206.09144
2206.09191
2206.09541
2206.09755
2206.09860
2206.09917
2206.09981
2206.09987
2206.10043
2206.10110
2206.10673
2206.10744
2206.10763
2206.10789
2206.10847
2206.10923
2206.11045
2206.11068
2206.11076
2206.11104
2206.11134
2206.11155
2206.11249
2206.11309
2206.11352
2206.11404
2206.11473
2206.11484
2206.11549
2206.11684
2206.11720
2206.11736
2206.11863
2206.11993
2206.12073
2206.12183
2206.12311
2206.12540
2206.12779
2206.12840
2206.12917
2206.13284
2206.13578
2206.13732
2206.13747
2206.13757
2206.13983
2206.14053
2206.14055
2206.14135
2206.14397
2206.14430
2206.14501
2206.14541
2206.14583
2206.14683
2206.14702
2206.14786
2206.14853
2206.14917
2206.14983
2206.15014
2206.15030
2206.15099
2206.15437
2206.15455
2206.15475
2207.00187
2207.00220
2207.00222
2207.00644
2207.00691
2207.00706
2207.00735
2207.00758
2207.00827
2207.00868
2207.00900
2207.00939
2207.01056
2207.01059
2207.01504
2207.01780
2207.02173
2207.02206
2207.02308
2207.02400
2207.02463
2207.02624
2207.02848
2207.02942
2207.03051
2207.03103
2207.03306
2207.03477
2207.03482
2207.03618
2207.03640
2207.03656
2207.03938
2207.04043
2207.04053
2207.04153
2207.04396
2207.04546
2207.04602
2207.04672
2207.04818
2207.04947
2207.05025
2207.05182
2207.05288
2207.05579
2207.05683
2207.05772
2207.05811
2207.06180
2207.06418
2207.06529
2207.06590
2207.06591
2207.06717
2207.06799
2207.06815
2207.07051
2207.07080
2207.07180
2207.07443
2207.07568
2207.07605
2207.07646
2207.07719
2207.07797
2207.07850
2207.07918
2207.08037
2207.08104
2207.08143
2207.08286
2207.08455
2207.08557
2207.08653
2207.08739
2207.08943
2207.08982
2207.09052
2207.09068
2207.09320
2207.09394
2207.09514
2207.09615
2207.09625
2207.09705
2207.09960
2207.10002
2207.10032
2207.10062
2207.10077
2207.10223
2207.10245
2207.10246
2207.10295
2207.10404
2207.10569
2207.10576
2207.10614
2207.11116
2207.11345
2207.11368
2207.11569
2207.11765
2207.11850
2207.12258
2207.12393
2207.12503
2207.12515
2207.12571
2207.12576
2207.12599
2207.12730
2207.12783
2207.13005
2207.13440
2207.13450
2207.13457
2207.13757
2207.13799
2207.14094
2207.14157
2207.14238
2207.14251
2207.14581
2208.00147
2208.00176
2208.00636
2208.00967
2208.01030
2208.01099
2208.01248
2208.01312
2208.01341
2208.01575
2208.01755
2208.01814
2208.01909
2208.02052
2208.02192
2208.02567
2208.02703
2208.02955
2208.03030
2208.03188
2208.03207
2208.03274
2208.03295
2208.03298
2208.03753
2208.03826
2208.03854
2208.04024
2208.04057
2208.04122
2208.04125
2208.04139
2208.04233
2208.04379
2208.04417
2208.04458
2208.04489
2208.04547
2208.04548
2208.05085
2208.05516
2208.05545
2208.05593
2208.05757
2208.05777
2208.07316
2208.07472
2208.07918
2208.08010
2208.08017
2208.08024
2208.08080
2208.08165
2208.08176
2208.08280
2208.08349
2208.08696
2208.08848
2208.09130
2208.09139
2208.09333
2208.09339
2208.09414
2208.09466
2208.09744
2208.09967
2208.10063
2208.10095
2208.10264
2208.10297
2208.10493
2208.10564
2208.10598
2208.10625
2208.10657
2208.10684
2208.10766
2208.10836
2208.11007
2208.11695
2208.11701
2208.11761
2208.11822
2208.12061
2208.12120
2208.12212
2208.12217
2208.12616
2208.12681
2208.12711
2208.12852
2208.13078
2208.13094
2208.13753
2208.13899
2208.13947
2208.14141
2208.14417
2208.14750
2209.00366
2209.00371
2209.00445
2209.00613
2209.00651
2209.00692
2209.00731
2209.00820
2209.01061
2209.01712
2209.01782
2209.01824
2209.01881
2209.01963
2209.01994
2209.02869
2209.02982
2209.03034
2209.03089
2209.03463
2209.03496
2209.03661
2209.03687
2209.03714
2209.03723
2209.03942
2209.03956
2209.04602
2209.04650
2209.04687
2209.04725
2209.04830
2209.05000
2209.05072
2209.05104
2209.05245
2209.05286
2209.05294
2209.05301
2209.05324
2209.05757
2209.05889
2209.06293
2209.06316
2209.06358
2209.06517
2209.06687
2209.06699
2209.06827
2209.06899
2209.07044
2209.07065
2209.07118
2209.07190
2209.07239
2209.07271
2209.07285
2209.07353
2209.07430
2209.07592
2209.07608
2209.07667
2209.07760
2209.07799
2209.07805
2209.07836
2209.07858
2209.07921
2209.08000
2209.08025
2209.08129
2209.08207
2209.08321
2209.08353
2209.08443
2209.08445
2209.08648
2209.08665
2209.08681
2209.08721
2209.08799
2209.08891
2209.09019
2209.09105
2209.09111
2209.09393
2209.09425
2209.09592
2209.09634
2209.09975
2209.10222
2209.10259
2209.10310
2209.10335
2209.10471
2209.10767
2209.10868
2209.10958
2209.11228
2209.11429
2209.11481
2209.11534
2209.11887
2209.12028
2209.12030
2209.12099
2209.12106
2209.12226
2209.12325
2209.12356
2209.12362
2209.12714
2209.12863
2209.13020
2209.13260
2209.13331
2209.13520
2209.13627
2209.13718
2209.13773
2209.13860
2209.13965
2209.14067
2209.14107
2209.14237
2209.14272
2209.14276
2209.14338
2209.14375
2209.14377
2209.14389
2209.14491
2209.14557
2209.14603
2209.14708
2209.14764
2209.14843
2209.14958
2209.14965
2209.15177
2209.15373
2210.00064
2210.00128
2210.00131
2210.00193
2210.00379
2210.01007
2210.01241
2210.01258
2210.01360
2210.01561
2210.01600
2210.01613
2210.01676
2210.01725
2210.01734
2210.01760
2210.01791
2210.01970
2210.02015
2210.02021
2210.02223
2210.02441
2210.02748
2210.02938
2210.02989
2210.03011
2210.03070
2210.03072
2210.03078
2210.03087
2210.03102
2210.03154
2210.03162
2210.03165
2210.03256
2210.03291
2210.03352
2210.03353
2210.03404
2210.03419
2210.03479
2210.03797
2210.03826
2210.03929
2210.03980
2210.04076
2210.04206
2210.04267
2210.04337
2210.04492
2210.04497
2210.04567
2210.04570
2210.04573
2210.04620
2210.04692
2210.04695
2210.04710
2210.04843
2210.04873
2210.04977
2210.05200
2210.05230
2210.05282
2210.05287
2210.05328
2210.05401
2210.05457
2210.05480
2210.05619
2210.05667
2210.05721
2210.05725
2210.05769
2210.05780
2210.05791
2210.05815
2210.05831
2210.05839
2210.05843
2210.05936
2210.06104
2210.06120
2210.06183
2210.06216
2210.06245
2210.06292
2210.06350
2210.06417
2210.06470
2210.06475
2210.06630
2210.06725
2210.06759
2210.06799
2210.06820
2210.06970
2210.07089
2210.07138
2210.07183
2210.07269
2210.07321
2210.07362
2210.07415
2210.07440
2210.07455
2210.07471
2210.07519
2210.07538
2210.07547
2210.07566
2210.07586
2210.07626
2210.07631
2210.07652
2210.07700
2210.07755
2210.07763
2210.07934
2210.08090
2210.08129
2210.08182
2210.08394
2210.08402
2210.08459
2210.08523
2210.08590
2210.08607
2210.08610
2210.08713
2210.08748
2210.08758
2210.08859
2210.08902
2210.09138
2210.09150
2210.09167
2210.09306
2210.09340
2210.09404
2210.09430
2210.09467
2210.09506
2210.09587
2210.09814
2210.09880
2210.10012
2210.10040
2210.10041
2210.10045
2210.10266
2210.10329
2210.10332
2210.10340
2210.10585
2210.10689
2210.10820
2210.10837
2210.10839
2210.10906
2210.11359
2210.11416
2210.11471
2210.11560
2210.11612
2210.11689
2210.11707
2210.11762
2210.11771
2210.11837
2210.11913
2210.11924
2210.12170
2210.12233
2210.12300
2210.12362
2210.12374
2210.12391
2210.12410
2210.12429
2210.12461
2210.12478
2210.12563
2210.12654
2210.12813
2210.12870
2210.12878
2210.13002
2210.13076
2210.13129
2210.13236
2210.13312
2210.13448
2210.13591
2210.13715
2210.13778
2210.13836
2210.13927
2210.13985
2210.14128
2210.14136
2210.14161
2210.14304
2210.14353
2210.14424
2210.14523
2210.14531
2210.14545
2210.14552
2210.14562
2210.14712
2210.14814
2210.14891
2210.14896
2210.14914
2210.14975
2210.15028
2210.15031
2210.15144
2210.15183
2210.15230
2210.15235
2210.15500
2210.15615
2210.15870
2210.16024
2210.16034
2210.16398
2210.16716
2210.16960
2210.17043
2210.17108
2210.17236
2210.17302
2210.17517
2211.00075
2211.00142
2211.00243
2211.00295
2211.00301
2211.00348
2211.00498
2211.00575
2211.00600
2211.00609
2211.00922
2211.01207
2211.01253
2211.01355
2211.01467
2211.01471
2211.01482
2211.01528
2211.01559
2211.01585
2211.01642
2211.01722
2211.01783
2211.01866
2211.01917
2211.01979
2211.02213
2211.02269
2211.02291
2211.02570
2211.02580
2211.02646
2211.02733
2211.02738
2211.02816
2211.02817
2211.02882
2211.02895
2211.02946
2211.03046
2211.03270
2211.03433
2211.03540
2211.03634
2211.03759
2211.04079
2211.04110
2211.04256
2211.04279
2211.04281
2211.04476
2211.04946
2211.05120
2211.05183
2211.05236
2211.05392
2211.05414
2211.05452
2211.05521
2211.05617
2211.05750
2211.05809
2211.05869
2211.05895
2211.06106
2211.06154
2211.06212
2211.06323
2211.06348
2211.06398
2211.06452
2211.06543
2211.06547
2211.06642
2211.06651
2211.06774
2211.06801
2211.06869
2211.06874
2211.06993
2211.07059
2211.07350
2211.07520
2211.07727
2211.07733
2211.07814
2211.07932
2211.07941
2211.08029
2211.08073
2211.08095
2211.08257
2211.08412
2211.08461
2211.08545
2211.08714
2211.08722
2211.08742
2211.08943
2211.09101
2211.09110
2211.09260
2211.09283
2211.09385
2211.09511
2211.09942
2211.10086
2211.10163
2211.10265
2211.10567
2211.10578
2211.10596
2211.10685
2211.10780
2211.10796
2211.11010
2211.11087
2211.11109
2211.11206
2211.11427
2211.11678
2211.11746
2211.11772
2211.11798
2211.11836
2211.11902
2211.11947
2211.12112
2211.12118
2211.12328
2211.12503
2211.12641
2211.12883
2211.13035
2211.13069
2211.13084
2211.13112
2211.13121
2211.13190
2211.13352
2211.13358
2211.13709
2211.13734
2211.13874
2211.13972
2211.13976
2211.14238
2211.14358
2211.14369
2211.14402
2211.14489
2211.14639
2211.14770
2211.14843
2211.14865
2211.14946
2211.15006
2211.15181
2211.15231
2211.15262
2211.15265
2211.15271
2211.15351
2211.15410
2211.15458
2211.15516
2211.15533
2211.15649
2211.15925
2211.15937
2211.15969
2211.16202
2211.16570
2211.16583
2211.17067
2211.17135
2212.00006
2212.00105
2212.00259
2212.00298
2212.00460
2212.00548
2212.00695
2212.00843
2212.00857
2212.00921
2212.01189
2212.01414
2212.01476
2212.01552
2212.01638
2212.01661
2212.01700
2212.01810
2212.02108
2212.02291
2212.02564
2212.02620
2212.02648
2212.02684
2212.02710
2212.02726
2212.02801
2212.02974
2212.03222
2212.03840
2212.03954
2212.04089
2212.04119
2212.04183
2212.04231
2212.04273
2212.04310
2212.04348
2212.04356
2212.04537
2212.04559
2212.04613
2212.04960
2212.04976
2212.05058
2212.05129
2212.05409
2212.05489
2212.05765
2212.06041
2212.06130
2212.06218
2212.06295
2212.06540
2212.06573
2212.06655
2212.06696
2212.06711
2212.06803
2212.06909
2212.06933
2212.07026
2212.07284
2212.07424
2212.07508
2212.07547
2212.07738
2212.07852
2212.07877
2212.07981
2212.08011
2212.08037
2212.08044
2212.08061
2212.08073
2212.08130
2212.08158
2212.08167
2212.08192
2212.08390
2212.08550
2212.08645
2212.08775
2212.08805
2212.08822
2212.08897
2212.08930
2212.09052
2212.09132
2212.09180
2212.09251
2212.09272
2212.09465
2212.09503
2212.09667
2212.09683
2212.09746
2212.09844
2212.09860
2212.09864
2212.10011
2212.10015
2212.10020
2212.10080
2212.10136
2212.10154
2212.10297
2212.10381
2212.10405
2212.10408
2212.10455
2212.10466
2212.10525
2212.10529
2212.10536
2212.10543
2212.10557
2212.10563
2212.10678
2212.10711
2212.10720
2212.10735
2212.10755
2212.10938
2212.10983
2212.11207
2212.11214
2212.11261
2212.11670
2212.11672
2212.11985
2212.12048
2212.12061
2212.12633
2212.12799
2212.13074
2212.13138
2212.13892
2212.13929
2212.13994
2212.14468
2301.00355
2301.00395
2301.00646
2301.00671
2301.00792
2301.00891
2301.00993
2301.01269
2301.01413
2301.01590
2301.01649
2301.01768
2301.01874
2301.01893
2301.02200
2301.02499
2301.02560
2301.03403
2301.03559
2301.04016
2301.04230
2301.04347
2301.04518
2301.04780
2301.05036
2301.05149
2301.05327
2301.05456
2301.05517
2301.05578
2301.05659
2301.05775
2301.05776
2301.05919
2301.05948
2301.06160
2301.06316
2301.06400
2301.06859
2301.06866
2301.07015
2301.07178
2301.07543
2301.07597
2301.07946
2301.08147
2301.08784
2301.08832
2301.08881
2301.09003
2301.09211
2301.09406
2301.10075
2301.10161
2301.10174
2301.10606
2301.10871
2301.11100
2301.11104
2301.11125
2301.11219
2301.11315
2301.11462
2301.11579
2301.11763
2301.11850
2301.11958
2301.12032
2301.12066
2301.12073
2301.12074
2301.12139
2301.12500
2301.12534
2301.12566
2301.12855
2301.12867
2301.12929
2301.13771
2302.00070
2302.00419
2302.00431
2302.00560
2302.00662
2302.00785
2302.00871
2302.01005
2302.01243
2302.01507
2302.01582
2302.01973
2302.02038
2302.02064
2302.02337
2302.02453
2302.02463
2302.02503
2302.02978
2302.02997
2302.03183
2302.03419
2302.03494
2302.03606
2302.03610
2302.03675
2302.03840
2302.03905
2302.04060
2302.04062
2302.04156
2302.04434
2302.04473
2302.04720
2302.04732
2302.04752
2302.05137
2302.05309
2302.05442
2302.05508
2302.05558
2302.05657
2302.05674
2302.05711
2302.05807
2302.05995
2302.06321
2302.06541
2302.06975
2302.07159
2302.07267
2302.07324
2302.07371
2302.07388
2302.07459
2302.07629
2302.07736
2302.07843
2302.08158
2302.08204
2302.08215
2302.08292
2302.08464
2302.08500
2302.08582
2302.08909
2302.08961
2302.08973
2302.08997
2302.09051
2302.09079
2302.09210
2302.09270
2302.09432
2302.09528
2302.09618
2302.09683
2302.09991
2302.10329
2302.10724
2302.10786
2302.10856
2302.10893
2302.10908
2302.10912
2302.10986
2302.11121
2302.11157
2302.11187
2302.11360
2302.11370
2302.11848
2302.12084
2302.12094
2302.12149
2302.12189
2302.12247
2302.12299
2302.12503
2302.12538
2302.12578
2302.12640
2302.12806
2302.12832
2302.12893
2302.13136
2302.13731
2302.13795
2302.13817
2302.13875
2302.13942
2302.14003
2302.14027
2302.14038
2302.14063
2302.14383
2302.14406
2302.14413
2302.14494
2302.14828
2303.00168
2303.00586
2303.00673
2303.00998
2303.01017
2303.01248
2303.01274
2303.01325
2303.01555
2303.01557
2303.01998
2303.02241
2303.02323
2303.02343
2303.02781
2303.02846
2303.02884
2303.02891
2303.03004
2303.03019
2303.03124
2303.03185
2303.03242
2303.03290
2303.03387
2303.03457
2303.03542
2303.03840
2303.03876
2303.03915
2303.03948
2303.03975
2303.04048
2303.04222
2303.04381
2303.04506
2303.04835
2303.04837
2303.04838
2303.04962
2303.05431
2303.05453
2303.05470
2303.05670
2303.05809
2303.06195
2303.06223
2303.06333
2303.06423
2303.06832
2303.07024
2303.07201
2303.07247
2303.07272
2303.07274
2303.07852
2303.08026
2303.08084
2303.08264
2303.08546
2303.08721
2303.08774
2303.08983
2303.09008
2303.09092
2303.09136
2303.09165
2303.09402
2303.09429
2303.09498
2303.09808
2303.09892
2303.09990
2303.10131
2303.10431
2303.10721
2303.10854
2303.11082
2303.11408
2303.11504
2303.11897
2303.12016
2303.12059
2303.12528
2303.12582
2303.12734
2303.12808
2303.12892
2303.12930
2303.12961
2303.13003
2303.13217
2303.13367
2303.13379
2303.13505
2303.13546
2303.13735
2303.13790
2303.13809
2303.13856
2303.14096
2303.14128
2303.14407
2303.14770
2303.14822
2303.14880
2303.15053
2303.15110
2303.15443
2303.15621
2303.15697
2303.15715
2303.15772
2303.15792
2303.15889
2303.15987
2303.16173
2303.16634
2303.16694
2303.16778
2303.17096
2303.17324
2303.17368
2303.17466
2303.17548
2303.17564
2303.17573
2303.17608
2303.17713
2303.17807
2303.17876
2303.17927
2303.18027
2303.18087
2303.18110
2303.18190
2303.18223
2304.00002
2304.00134
2304.00228
2304.00305
2304.00416
2304.00439
2304.00457
2304.00460
2304.00612
2304.00723
2304.00731
2304.00774
2304.00860
2304.00913
2304.01003
2304.01102
2304.01220
2304.01358
2304.01373
2304.01412
2304.01651
2304.01816
2304.01826
2304.01852
2304.01890
2304.01938
2304.02144
2304.02190
2304.02313
2304.02383
2304.02438
2304.02492
2304.02572
2304.02812
2304.02819
2304.02828
2304.02858
2304.03145
2304.03243
2304.03414
2304.03512
2304.03518
2304.03545
2304.03612
2304.03693
2304.03722
2304.03728
2304.03738
2304.03801
2304.03897
2304.03935
2304.04026
2304.04029
2304.04096
2304.04148
2304.04222
2304.04326
2304.04362
2304.04610
2304.04874
2304.04881
2304.04919
2304.05090
2304.05193
2304.05253
2304.05335
2304.05613
2304.05623
2304.05753
2304.05764
2304.05772
2304.05783
2304.05832
2304.05977
2304.06030
2304.06031
2304.06034
2304.06184
2304.06488
2304.06506
2304.06588
2304.06762
2304.06767
2304.06861
2304.07007
2304.07232
2304.07327
2304.07333
2304.07487
2304.07499
2304.07666
2304.07774
2304.08253
2304.08315
2304.08319
2304.08637
2304.08855
2304.08901
2304.08979
2304.09151
2304.09424
2304.09818
2304.09982
2304.09991
2304.10145
2304.10153
2304.10283
2304.10436
2304.10578
2304.10611
2304.10619
2304.10655
2304.10743
2304.10778
2304.10819
2304.10824
2304.11079
2304.11082
2304.11094
2304.11111
2304.11125
2304.11164
2304.11215
2304.11220
2304.11223
2304.11263
2304.11685
2304.11861
2304.12202
2304.12205
2304.12329
2304.12397
2304.12573
2304.12810
2304.12847
2304.12987
2304.13005
2304.13148
2304.13191
2304.13219
2304.13324
2304.13680
2304.13712
2304.13765
2304.13855
2304.13933
2304.14108
2304.14109
2304.14133
2304.14553
2304.14577
2304.14599
2304.14803
2304.14827
2304.14864
2304.14931
2304.14936
2305.00076
2305.00147
2305.00204
2305.00955
2305.01337
2305.01526
2305.01569
2305.01633
2305.01763
2305.01776
2305.01937
2305.02081
2305.02160
2305.02291
2305.02307
2305.02321
2305.02519
2305.02605
2305.02626
2305.02637
2305.02806
2305.03002
2305.03047
2305.03195
2305.03212
2305.03223
2305.03355
2305.03495
2305.03510
2305.03514
2305.03689
2305.03851
2305.03880
2305.03915
2305.04183
2305.04226
2305.04357
2305.04388
2305.04446
2305.04547
2305.04582
2305.04672
2305.04694
2305.04720
2305.04796
2305.04812
2305.04990
2305.05054
2305.05280
2305.05302
2305.05807
2305.05858
2305.05928
2305.06026
2305.06074
2305.06125
2305.06159
2305.06166
2305.06311
2305.06448
2305.06626
2305.06841
2305.06892
2305.06967
2305.06969
2305.06993
2305.07340
2305.07375
2305.07378
2305.07457
2305.07558
2305.07609
2305.07632
2305.07667
2305.07839
2305.07868
2305.07972
2305.08005
2305.08062
2305.08070
2305.08152
2305.08264
2305.08281
2305.08283
2305.08295
2305.08322
2305.08328
2305.08433
2305.08455
2305.08524
2305.09018
2305.09022
2305.09025
2305.09058
2305.09072
2305.09275
2305.09281
2305.09300
2305.09330
2305.09399
2305.09520
2305.09548
2305.09620
2305.09686
2305.09800
2305.09807
2305.09900
2305.09941
2305.10196
2305.10201
2305.10204
2305.10284
2305.10403
2305.10407
2305.10433
2305.10510
2305.10566
2305.10731
2305.10819
2305.10843
2305.10906
2305.10938
2305.11080
2305.11095
2305.11108
2305.11116
2305.11140
2305.11229
2305.11242
2305.11262
2305.11348
2305.11364
2305.11391
2305.11519
2305.11662
2305.11673
2305.11761
2305.11840
2305.11844
2305.11991
2305.12013
2305.12050
2305.12088
2305.12090
2305.12143
2305.12152
2305.12157
2305.12178
2305.12219
2305.12376
2305.12434
2305.12474
2305.12477
2305.12483
2305.12495
2305.12563
2305.12564
2305.12620
2305.12622
2305.12669
2305.12671
2305.12709
2305.12741
2305.12749
2305.12757
2305.12763
2305.12777
2305.12798
2305.12809
2305.12829
2305.12945
2305.13026
2305.13057
2305.13088
2305.13091
2305.13108
2305.13117
2305.13160
2305.13194
2305.13198
2305.13246
2305.13257
2305.13276
2305.13299
2305.13302
2305.13362
2305.13401
2305.13406
2305.13516
2305.13589
2305.13626
2305.13675
2305.13680
2305.13707
2305.13711
2305.13735
2305.13776
2305.13786
2305.13788
2305.13829
2305.13833
2305.13844
2305.13857
2305.13862
2305.13873
2305.13877
2305.13903
2305.13931
2305.14010
2305.14016
2305.14020
2305.14070
2305.14081
2305.14150
2305.14182
2305.14195
2305.14282
2305.14291
2305.14296
2305.14307
2305.14326
2305.14352
2305.14358
2305.14384
2305.14456
2305.14458
2305.14463
2305.14468
2305.14480
2305.14482
2305.14492
2305.14527
2305.14540
2305.14574
2305.14610
2305.14647
2305.14658
2305.14663
2305.14693
2305.14711
2305.14716
2305.14735
2305.14740
2305.14755
2305.14757
2305.14784
2305.14790
2305.14857
2305.14877
2305.14889
2305.14929
2305.14930
2305.14936
2305.14937
2305.14938
2305.14965
2305.14976
2305.14982
2305.14989
2305.14991
2305.15008
2305.15015
2305.15020
2305.15045
2305.15048
2305.15065
2305.15067
2305.15102
2305.15239
2305.15311
2305.15342
2305.15377
2305.15389
2305.15407
2305.15425
2305.15538
2305.15582
2305.15757
2305.15760
2305.15776
2305.15852
2305.15889
2305.16051
2305.16171
2305.16253
2305.16289
2305.16307
2305.16397
2305.16409
2305.16470
2305.16577
2305.16585
2305.16635
2305.16636
2305.16641
2305.16651
2305.16756
2305.16765
2305.16809
2305.16863
2305.16917
2305.16935
2305.16937
2305.16938
2305.16960
2305.17008
2305.17013
2305.17072
2305.17073
2305.17131
2305.17174
2305.17221
2305.17267
2305.17300
2305.17364
2305.17444
2305.17477
2305.17678
2305.17680
2305.17696
2305.17701
2305.17804
2305.17819
2305.17926
2305.18011
2305.18079
2305.18086
2305.18160
2305.18176
2305.18189
2305.18262
2305.18303
2305.18320
2305.18326
2305.18340
2305.18398
2305.18486
2305.18500
2305.18569
2305.18585
2305.18727
2305.18917
2305.18925
2305.19112
2305.19204
2305.19230
2305.19294
2305.19329
2305.19330
2305.19409
2305.19426
2305.19894
2305.19926
2305.19962
2305.19981
2306.00021
2306.00025
2306.00080
2306.00198
2306.00227
2306.00253
2306.00303
2306.00374
2306.00380
2306.00437
2306.00539
2306.00639
2306.00887
2306.00905
2306.00936
2306.00985
2306.01069
2306.01105
2306.01116
2306.01117
2306.01183
2306.01261
2306.01363
2306.01377
2306.01449
2306.01546
2306.01650
2306.01735
2306.01736
2306.01773
2306.01800
2306.01857
2306.01943
2306.01985
2306.02052
2306.02098
2306.02105
2306.02177
2306.02224
2306.02294
2306.02346
2306.02349
2306.02428
2306.02597
2306.02914
2306.02978
2306.03030
2306.03079
2306.03097
2306.03280
2306.03329
2306.03350
2306.03423
2306.03503
2306.03722
2306.03773
2306.03819
2306.03831
2306.03907
2306.03950
2306.04018
2306.04061
2306.04067
2306.04181
2306.04212
2306.04216
2306.04308
2306.04325
2306.04424
2306.04441
2306.04482
2306.04488
2306.04573
2306.04597
2306.04610
2306.04618
2306.04675
2306.04735
2306.05036
2306.05068
2306.05076
2306.05087
2306.05122
2306.05172
2306.05179
2306.05182
2306.05307
2306.05372
2306.05443
2306.05500
2306.05524
2306.05550
2306.05592
2306.05596
2306.05598
2306.05672
2306.05685
2306.05783
2306.05817
2306.05907
2306.06083
2306.06086
2306.06123
2306.06135
2306.06147
2306.06194
2306.06199
2306.06221
2306.06234
2306.06494
2306.06580
2306.06687
2306.06773
2306.06826
2306.06924
2306.07135
2306.07152
2306.07293
2306.07377
2306.07415
2306.07427
2306.07457
2306.07500
2306.07521
2306.07557
2306.07902
2306.07951
2306.07969
2306.08151
2306.08158
2306.08167
2306.08219
2306.08310
2306.08451
2306.08550
2306.08658
2306.08952
2306.09030
2306.09066
2306.09237
2306.09301
2306.09341
2306.09390
2306.09442
2306.09467
2306.09468
2306.09479
2306.09486
2306.09505
2306.09592
2306.09631
2306.09642
2306.09752
2306.09802
2306.09817
2306.09841
2306.09910
2306.09928
2306.09983
2306.10012
2306.10037
2306.10043
2306.10046
2306.10063
2306.10087
2306.10147
2306.10309
2306.10512
2306.10530
2306.10548
2306.10577
2306.10702
2306.10727
2306.10919
2306.11132
2306.11134
2306.11167
2306.11247
2306.11270
2306.11300
2306.11372
2306.11386
2306.11393
2306.11420
2306.11477
2306.11507
2306.11530
2306.11559
2306.11643
2306.11650
2306.11698
2306.11710
2306.11763
2306.11853
2306.11928
2306.11932
2306.11971
2306.12132
2306.12146
2306.12190
2306.12205
2306.12306
2306.12424
2306.12567
2306.12601
2306.12794
2306.12803
2306.12886
2306.12916
2306.13000
2306.13041
2306.13063
2306.13103
2306.13141
2306.13213
2306.13216
2306.13512
2306.13531
2306.13671
2306.13675
2306.13700
2306.13805
2306.13868
2306.13929
2306.14030
2306.14035
2306.14219
2306.14343
2306.14610
2306.14644
2306.14764
2306.14858
2306.14870
2306.15087
2306.15098
2306.15245
2306.15261
2306.15298
2306.15447
2306.15521
2306.15732
2306.15774
2306.15786
2306.15788
2306.15887
2306.15895
2306.15990
2306.16048
2306.16171
2306.16244
2306.16388
2306.16527
2306.16641
2306.16793
2306.16940
2306.17156
2306.17462
2306.17674
2306.17810
2307.00067
2307.00101
2307.00135
2307.00209
2307.00453
2307.00660
2307.00691
2307.00764
2307.01214
2307.01282
2307.01370
2307.01426
2307.01503
2307.01595
2307.01680
2307.01900
2307.02009
2307.02028
2307.02185
2307.02191
2307.02269
2307.02288
2307.02483
2307.02726
2307.02797
2307.02808
2307.02863
2307.02971
2307.03025
2307.03109
2307.03115
2307.03201
2307.03214
2307.03293
2307.03360
2307.03377
2307.03385
2307.03929
2307.03952
2307.04303
2307.04351
2307.04532
2307.04570
2307.04657
2307.04749
2307.04761
2307.04781
2307.04821
2307.04942
2307.04964
2307.05096
2307.05134
2307.05224
2307.05356
2307.05360
2307.05488
2307.05527
2307.05543
2307.05582
2307.05588
2307.05775
2307.05842
2307.05862
2307.05909
2307.05977
2307.06350
2307.06513
2307.06840
2307.06872
2307.06908
2307.07331
2307.07422
2307.07436
2307.07442
2307.07645
2307.07870
2307.07889
2307.08025
2307.08139
2307.08140
2307.08153
2307.08235
2307.08259
2307.08368
2307.08393
2307.08484
2307.08486
2307.08487
2307.08580
2307.08720
2307.08722
2307.08813
2307.08945
2307.09009
2307.09143
2307.09162
2307.09209
2307.09288
2307.09312
2307.09579
2307.09670
2307.09688
2307.09705
2307.09706
2307.09753
2307.09885
2307.09958
2307.10189
2307.10200
2307.10213
2307.10223
2307.10252
2307.10312
2307.10315
2307.10337
2307.10349
2307.10350
2307.10472
2307.10514
2307.10522
2307.10652
2307.10666
2307.10749
2307.10751
2307.10928
2307.11013
2307.11088
2307.11379
2307.11471
2307.11558
2307.11760
2307.11761
2307.11806
2307.12402
2307.12418
2307.12701
2307.12776
2307.12875
2307.12950
2307.12966
2307.12973
2307.12980
2307.13081
2307.13136
2307.13137
2307.13178
2307.13346
2307.13405
2307.13565
2307.13658
2307.13697
2307.13702
2307.13714
2307.13721
2307.13829
2307.13912
2307.13933
2307.14031
2307.14324
2307.14385
2307.14401
2307.14517
2307.14539
2307.14571
2307.14657
2307.14712
2307.14951
2307.15053
2307.15138
2307.15176
2307.15217
2307.15290
2307.15425
2307.15554
2307.15838
2307.16180
2307.16457
2307.16526
2307.16680
2307.16778
2307.16811
2307.16832
2307.16851
2307.16883
2307.16888
2308.00071
2308.00072
2308.00073
2308.00133
2308.00225
2308.00231
2308.00240
2308.00323
2308.00480
2308.00521
2308.00755
2308.00806
2308.00862
2308.00985
2308.01240
2308.01263
2308.01264
2308.01477
2308.01681
2308.01682
2308.01761
2308.01862
2308.01948
2308.02022
2308.02053
2308.02080
2308.02081
2308.02173
2308.02357
2308.02537
2308.02678
2308.02951
2308.03051
2308.03131
2308.03151
2308.03188
2308.03313
2308.03495
2308.03531
2308.03580
2308.03656
2308.03688
2308.03729
2308.03958
2308.04026
2308.04346
2308.04455
2308.04727
2308.04813
2308.04889
2308.04934
2308.04945
2308.04982
2308.05060
2308.05374
2308.05441
2308.05596
2308.05878
2308.06095
2308.06198
2308.06354
2308.06373
2308.06385
2308.06595
2308.06686
2308.06953
2308.07308
2308.07407
2308.07545
2308.07556
2308.07635
2308.07902
2308.07937
2308.08061
2308.08088
2308.08090
2308.08172
2308.08295
2308.08747
2308.08774
2308.08961
2308.08982
2308.08991
2308.09067
2308.09126
2308.09156
2308.09270
2308.09363
2308.09376
2308.09596
2308.09662
2308.09878
2308.09904
2308.09924
2308.09940
2308.09954
2308.10032
2308.10079
2308.10149
2308.10220
2308.10248
2308.10253
2308.10304
2308.10328
2308.10397
2308.10410
2308.10524
2308.10592
2308.10632
2308.10684
2308.10800
2308.11244
2308.11375
2308.11531
2308.11537
2308.11585
2308.11596
2308.11606
2308.11643
2308.11649
2308.11656
2308.11696
2308.11992
2308.12014
2308.12061
2308.12157
2308.12381
2308.12415
2308.12477
2308.12488
2308.12539
2308.12553
2308.12578
2308.12833
2308.12885
2308.12896
2308.13026
2308.13089
2308.13116
2308.13170
2308.13387
2308.13411
2308.13534
2308.13554
2308.13590
2308.13591
2308.13676
2308.13768
2308.13911
2308.13963
2308.14089
2308.14242
2308.14353
2308.14508
2308.14608
2308.14641
2308.14753
2308.14761
2308.14921
2308.15126
2308.15235
2308.15243
2308.15334
2308.15363
2308.15399
2308.15560
2308.15668
2308.15745
2308.15812
2308.15906
2308.16139
2308.16149
2308.16349
2308.16458
2308.16549
2308.16681
2308.16705
2308.16795
2308.16871
2308.16884
2308.16890
2309.00035
2309.00064
2309.00215
2309.00248
2309.00267
2309.00454
2309.00543
2309.00629
2309.00639
2309.00751
2309.00770
2309.00779
2309.00949
2309.00952
2309.01120
2309.01413
2309.01431
2309.01669
2309.01717
2309.01780
2309.01850
2309.01940
2309.02031
2309.02033
2309.02077
2309.02160
2309.02244
2309.02301
2309.02311
2309.02401
2309.02550
2309.02706
2309.02724
2309.02912
2309.02914
2309.02961
2309.03175
2309.03238
2309.03613
2309.03645
2309.03747
2309.03755
2309.03876
2309.03886
2309.04027
2309.04041
2309.04344
2309.04352
2309.04453
2309.04635
2309.04662
2309.04766
2309.04977
2309.04997
2309.05088
2309.05148
2309.05178
2309.05196
2309.05217
2309.05227
2309.05396
2309.05452
2309.05463
2309.05569
2309.05668
2309.05680
2309.05804
2309.05892
2309.05958
2309.05973
2309.05981
2309.06029
2309.06085
2309.06112
2309.06141
2309.06142
2309.06192
2309.06364
2309.06415
2309.06503
2309.06698
2309.06703
2309.06789
2309.06924
2309.07034
2309.07045
2309.07176
2309.07251
2309.07277
2309.07382
2309.07387
2309.07445
2309.07462
2309.07664
2309.07705
2309.07875
2309.07927
2309.08009
2309.08047
2309.08156
2309.08375
2309.08442
2309.08482
2309.08534
2309.08541
2309.08565
2309.08573
2309.08583
2309.08591
2309.08624
2309.08631
2309.08638
2309.08678
2309.08793
2309.08836
2309.08866
2309.09071
2309.09092
2309.09120
2309.09198
2309.09212
2309.09369
2309.09397
2309.09405
2309.09510
2309.09697
2309.09825
2309.09833
2309.09944
2309.09996
2309.10088
2309.10254
2309.10271
2309.10448
2309.10492
2309.10516
2309.10694
2309.10744
2309.10780
2309.11063
2309.11093
2309.11346
2309.11508
2309.11566
2309.11575
2309.11669
2309.11723
2309.11737
2309.11830
2309.11998
2309.12053
2309.12071
2309.12117
2309.12137
2309.12250
2309.12321
2309.12327
2309.12331
2309.12332
2309.12342
2309.12345
2309.12348
2309.12352
2309.12371
2309.12444
2309.12491
2309.12583
2309.12616
2309.12697
2309.12786
2309.13176
2309.13233
2309.13292
2309.13297
2309.13308
2309.13561
2309.13587
2309.13610
2309.13633
2309.13702
2309.13925
2309.13933
2309.14181
2309.14183
2309.14303
2309.14345
2309.14348
2309.14381
2309.14504
2309.14517
2309.14617
2309.14868
2309.14921
2309.15024
2309.15025
2309.15432
2309.15847
2309.15991
2309.16167
2309.16349
2309.16511
2309.16535
2309.16575
2309.16583
2309.16609
2309.16701
2309.16797
2309.16905
2309.17012
2309.17147
2309.17285
2310.00010
2310.00074
2310.00098
2310.00196
2310.00274
2310.00287
2310.00322
2310.00347
2310.00378
2310.00566
2310.00647
2310.00658
2310.00737
2310.00746
2310.00835
2310.00892
2310.00905
2310.00970
2310.01132
2310.01188
2310.01271
2310.01330
2310.01377
2310.01386
2310.01405
2310.01430
2310.01432
2310.01581
2310.01583
2310.01846
2310.01929
2310.02019
2310.02357
2310.02446
2310.02457
2310.02533
2310.02567
2310.02569
2310.02777
2310.02812
2310.02988
2310.03031
2310.03128
2310.03182
2310.03205
2310.03221
2310.03249
2310.03304
2310.03400
2310.03432
2310.03614
2310.03693
2310.03708
2310.03715
2310.03952
2310.04097
2310.04313
2310.04438
2310.04465
2310.04529
2310.04766
2310.04799
2310.04897
2310.04982
2310.05092
2310.05135
2310.05157
2310.05208
2310.05280
2310.05294
2310.05338
2310.05442
2310.05470
2310.05563
2310.05650
2310.05694
2310.05755
2310.05771
2310.05910
2310.05964
2310.05984
2310.06061
2310.06161
2310.06238
2310.06361
2310.06458
2310.06590
2310.06594
2310.06654
2310.06680
2310.06762
2310.06786
2310.06800
2310.06837
2310.06904
2310.06945
2310.07078
2310.07132
2310.07155
2310.07251
2310.07282
2310.07328
2310.07534
2310.07555
2310.07629
2310.07637
2310.07641
2310.07794
2310.07875
2310.08073
2310.08182
2310.08295
2310.08394
2310.08487
2310.08491
2310.08537
2310.08780
2310.08782
2310.08795
2310.09219
2310.09237
2310.09289
2310.09373
2310.09508
2310.09520
2310.09573
2310.09675
2310.09754
2310.09756
2310.09961
2310.10062
2310.10077
2310.10118
2310.10310
2310.10418
2310.10477
2310.10571
2310.10632
2310.10679
2310.10683
2310.10706
2310.10778
2310.10808
2310.10844
2310.10865
2310.10967
2310.11011
2310.11053
2310.11079
2310.11163
2310.11211
2310.11227
2310.11258
2310.11324
2310.11465
2310.11501
2310.11513
2310.11523
2310.11593
2310.11634
2310.11648
2310.11667
2310.11722
2310.11748
2310.11753
2310.11778
2310.11848
2310.11850
2310.11867
2310.11906
2310.11958
2310.11986
2310.12020
2310.12118
2310.12127
2310.12318
2310.12481
2310.12490
2310.12505
2310.12560
2310.12568
2310.12611
2310.12751
2310.12773
2310.12793
2310.12800
2310.12805
2310.12860
2310.12892
2310.12902
2310.12936
2310.12971
2310.13011
2310.13099
2310.13132
2310.13215
2310.13228
2310.13229
2310.13343
2310.13486
2310.13548
2310.13595
2310.13606
2310.13659
2310.13673
2310.13747
2310.13798
2310.13800
2310.13856
2310.13859
2310.13985
2310.13990
2310.14019
2310.14088
2310.14103
2310.14120
2310.14303
2310.14329
2310.14356
2310.14379
2310.14421
2310.14422
2310.14520
2310.14540
2310.14557
2310.14563
2310.14607
2310.14670
2310.14703
2310.14757
2310.14771
2310.14777
2310.15040
2310.15051
2310.15055
2310.15114
2310.15123
2310.15135
2310.15147
2310.15163
2310.15274
2310.15337
2310.15358
2310.15372
2310.15383
2310.15398
2310.15421
2310.15431
2310.15439
2310.15461
2310.15602
2310.15642
2310.15664
2310.15752
2310.15777
2310.15819
2310.15848
2310.15852
2310.15905
2310.15959
2310.16048
2310.16225
2310.16253
2310.16269
2310.16329
2310.16343
2310.16356
2310.16379
2310.16517
2310.16523
2310.16524
2310.16534
2310.16542
2310.16607
2310.16632
2310.16755
2310.16763
2310.16787
2310.16897
2310.16955
2310.16959
2310.16979
2310.16981
2310.17012
2310.17146
2310.17220
2310.17261
2310.17290
2310.17415
2310.17428
2310.17489
2310.17526
2310.17530
2310.17533
2310.17551
2310.17567
2310.17586
2310.17606
2310.17687
2310.17750
2310.17769
2310.17787
2310.17876
2310.17888
2310.17976
2310.18046
2310.18089
2310.18122
2310.18130
2310.18244
2310.18320
2310.18329
2310.18333
2310.18354
2310.18355
2310.18359
2310.18368
2310.18373
2310.18458
2310.18498
2310.18512
2310.18590
2310.18626
2310.18652
2310.18679
2310.18724
2310.18773
2310.18827
2310.18877
2310.18911
2310.18913
2310.18964
2310.18974
2310.19130
2310.19251
2310.19252
2310.19297
2310.19345
2310.19531
2310.19567
2310.19626
2310.19677
2310.19736
2310.19740
2310.19834
2310.19852
2310.20061
2310.20072
2310.20093
2310.20260
2310.20381
2310.20470
2310.20474
2310.20707
2311.00161
2311.00203
2311.00217
2311.00223
2311.00237
2311.00286
2311.00292
2311.00306
2311.00321
2311.00619
2311.00681
2311.00790
2311.00807
2311.00915
2311.01016
2311.01149
2311.01153
2311.01193
2311.01270
2311.01323
2311.01361
2311.01620
2311.01677
2311.01712
2311.01817
2311.01828
2311.01870
2311.01902
2311.01964
2311.02023
2311.02049
2311.02105
2311.02107
2311.02115
2311.02147
2311.02189
2311.02205
2311.02242
2311.02294
2311.02538
2311.02665
2311.02709
2311.02801
2311.02910
2311.02924
2311.03016
2311.03186
2311.03287
2311.03311
2311.03348
2311.03352
2311.03369
2311.03417
2311.03425
2311.03449
2311.03510
2311.03551
2311.03566
2311.03767
2311.04016
2311.04020
2311.04076
2311.04124
2311.04260
2311.04287
2311.04345
2311.04348
2311.04417
2311.04495
2311.04542
2311.04789
2311.04813
2311.04892
2311.04894
2311.04896
2311.04916
2311.04927
2311.04936
2311.04937
2311.04948
2311.04978
2311.05074
2311.05195
2311.05227
2311.05374
2311.05407
2311.05436
2311.05451
2311.05552
2311.05640
2311.05746
2311.05792
2311.05845
2311.05876
2311.05915
2311.06000
2311.06025
2311.06119
2311.06145
2311.06204
2311.06217
2311.06224
2311.06237
2311.06264
2311.06513
2311.06532
2311.06697
2311.06737
2311.06750
2311.06815
2311.06826
2311.06876
2311.06899
2311.07022
2311.07054
2311.07138
2311.07397
2311.07463
2311.07466
2311.07504
2311.07509
2311.07547
2311.07589
2311.07604
2311.07611
2311.07682
2311.07689
2311.07723
2311.07792
2311.07804
2311.07884
2311.07897
2311.08106
2311.08147
2311.08336
2311.08385
2311.08391
2311.08431
2311.08472
2311.08481
2311.08487
2311.08576
2311.08588
2311.08592
2311.08605
2311.08614
2311.08685
2311.08705
2311.08836
2311.08874
2311.09000
2311.09048
2311.09086
2311.09090
2311.09184
2311.09189
2311.09214
2311.09227
2311.09230
2311.09356
2311.09367
2311.09410
2311.09428
2311.09433
2311.09443
2311.09447
2311.09473
2311.09521
2311.09581
2311.09585
2311.09603
2311.09605
2311.09614
2311.09627
2311.09635
2311.09665
2311.09680
2311.09687
2311.09696
2311.09707
2311.09718
2311.09730
2311.09733
2311.09741
2311.09743
2311.09766
2311.09799
2311.09821
2311.09860
2311.09861
2311.09976
2311.09993
2311.10054
2311.10057
2311.10081
2311.10219
2311.10236
2311.10266
2311.10372
2311.10395
2311.10512
2311.10708
2311.10749
2311.10766
2311.10837
2311.10932
2311.11085
2311.11103
2311.11123
2311.11142
2311.11159
2311.11163
2311.11202
2311.11229
2311.11388
2311.11647
2311.11829
2311.11855
2311.11856
2311.11900
2311.12182
2311.12338
2311.12419
2311.12420
2311.12435
2311.12474
2311.12537
2311.12560
2311.12570
2311.12664
2311.12689
2311.12751
2311.12781
2311.13095
2311.13158
2311.13262
2311.13378
2311.13383
2311.13416
2311.13495
2311.13628
2311.13857
2311.13892
2311.13951
2311.14096
2311.14115
2311.14126
2311.14212
2311.14378
2311.14381
2311.14479
2311.14519
2311.14580
2311.14677
2311.14685
2311.14693
2311.14695
2311.14703
2311.14713
2311.14739
2311.14788
2311.14837
2311.14906
2311.14966
2311.15108
2311.15180
2311.15296
2311.15544
2311.15565
2311.15804
2311.15836
2311.15930
2311.16087
2311.16101
2311.16153
2311.16254
2311.16292
2311.16362
2311.16421
2311.16429
2311.16502
2311.16511
2311.16512
2311.16782
2311.16865
2311.16905
2311.17005
2311.17216
2311.17228
2311.17259
2311.17315
2311.17335
2311.17391
2311.17404
2311.17516
2311.17600
2311.17676
2311.17677
2311.17695
2311.17743
2311.17780
2311.17982
2311.18040
2311.18041
2311.18064
2311.18140
2311.18147
2311.18168
2311.18215
2311.18232
2311.18345
2311.18353
2311.18531
2311.18580
2311.18702
2311.18711
2311.18743
2311.18812
2312.00029
2312.00053
2312.00100
2312.00115
2312.00168
2312.00194
2312.00273
2312.00364
2312.00434
2312.00554
2312.00584
2312.00616
2312.00738
2312.00805
2312.00825
2312.01006
2312.01118
2312.01180
2312.01183
2312.01261
2312.01314
2312.01344
2312.01356
2312.01509
2312.01555
2312.01648
2312.01787
2312.01858
2312.01957
2312.02078
2312.02219
2312.02300
2312.02344
2312.02401
2312.02405
2312.02896
2312.02963
2312.03027
2312.03077
2312.03088
2312.03121
2312.03151
2312.03255
2312.03291
2312.03330
2312.03480
2312.03689
2312.03710
2312.03730
2312.03749
2312.03750
2312.03769
2312.03813
2312.03867
2312.03871
2312.03912
2312.04231
2312.04316
2312.04372
2312.04569
2312.04804
2312.04817
2312.05187
2312.05256
2312.05296
2312.05392
2312.05503
2312.05598
2312.05599
2312.05662
2312.06022
2312.06056
2312.06074
2312.06077
2312.06094
2312.06116
2312.06122
2312.06153
2312.06270
2312.06281
2312.06295
2312.06306
2312.06315
2312.06420
2312.06499
2312.06630
2312.06652
2312.06719
2312.06790
2312.06853
2312.06861
2312.07039
2312.07141
2312.07206
2312.07228
2312.07398
2312.07401
2312.07420
2312.07492
2312.07527
2312.07577
2312.07751
2312.07779
2312.07905
2312.07910
2312.08288
2312.08303
2312.08358
2312.08467
2312.08747
2312.08800
2312.08968
2312.09004
2312.09300
2312.09390
2312.09402
2312.09536
2312.09561
2312.09897
2312.09917
2312.09966
2312.10007
2312.10057
2312.10059
2312.10065
2312.10075
2312.10076
2312.10094
2312.10273
2312.10300
2312.10396
2312.10523
2312.10524
2312.10528
2312.10603
2312.10665
2312.10872
2312.11344
2312.11444
2312.11525
2312.11562
2312.11703
2312.11779
2312.11803
2312.11805
2312.11870
2312.12037
2312.12216
2312.12369
2312.12429
2312.12575
2312.12597
2312.12651
2312.12736
2312.12852
2312.12856
2312.12989
2312.13053
2312.13096
2312.13193
2312.13594
2312.13608
2312.13871
2312.14069
2312.14106
2312.14203
2312.14302
2312.14440
2312.14480
2312.14626
2312.14724
2312.14769
2312.14804
2312.14862
2312.14867
2312.14891
2312.14925
2312.14978
2312.15040
2312.15058
2312.15181
2312.15198
2312.15247
2312.15398
2312.15407
2312.15478
2312.15499
2312.15593
2312.15626
2312.15813
2312.15821
2312.15915
2312.15997
2312.16015
2312.16070
2312.16148
2312.16183
2312.16242
2312.16291
2312.16430
2312.16467
2312.16488
2312.16542
2312.16602
2312.16755
2312.16788
2312.16845
2312.16886
2312.16917
2312.17080
2312.17115
2312.17254
2312.17256
2312.17292
2312.17343
2312.17704
2401.00210
2401.00284
2401.00287
2401.00288
2401.00689
2401.00690
2401.00741
2401.00757
2401.00763
2401.00991
2401.01262
2401.01454
2401.01482
2401.01505
2401.01519
2401.01523
2401.01640
2401.01711
2401.01955
2401.02208
2401.02458
2401.02651
2401.02843
2401.02984
2401.03030
2401.03065
2401.03182
2401.03188
2401.03408
2401.03467
2401.03581
2401.03609
2401.03831
2401.03855
2401.03946
2401.04057
2401.04092
2401.04139
2401.04364
2401.04481
2401.04531
2401.04536
2401.04620
2401.04972
2401.05060
2401.05146
2401.05200
2401.05314
2401.05377
2401.05379
2401.05561
2401.05632
2401.05655
2401.05761
2401.05778
2401.06310
2401.06408
2401.06495
2401.06526
2401.06528
2401.06591
2401.06654
2401.06686
2401.06757
2401.06785
2401.06824
2401.06935
2401.06947
2401.07078
2401.07103
2401.07382
2401.07599
2401.07810
2401.07960
2401.08053
2401.08097
2401.08202
2401.08212
2401.08276
2401.08309
2401.08420
2401.08491
2401.08495
2401.08511
2401.08565
2401.08572
2401.08598
2401.08719
2401.08887
2401.09044
2401.09244
2401.09441
2401.09473
2401.09512
2401.09566
2401.09695
2401.09759
2401.09984
2401.10016
2401.10019
2401.10352
2401.10397
2401.10475
2401.10535
2401.10545
2401.10627
2401.10629
2401.10647
2401.10744
2401.10844
2401.10877
2401.11013
2401.11033
2401.11052
2401.11194
2401.11311
2401.11356
2401.11394
2401.11601
2401.11632
2401.11699
2401.11839
2401.11880
2401.11944
2401.12187
2401.12244
2401.12273
2401.12453
2401.12483
2401.12689
2401.12708
2401.12720
2401.12794
2401.12915
2401.12926
2401.12985
2401.12989
2401.12998
2401.13136
2401.13142
2401.13165
2401.13169
2401.13280
2401.13298
2401.13343
2401.13555
2401.13641
2401.13649
2401.13822
2401.13848
2401.13867
2401.14011
2401.14019
2401.14095
2401.14322
2401.14362
2401.14425
2401.14438
2401.14483
2401.14523
2401.14616
2401.14698
2401.14746
2401.14893
2401.14935
2401.15042
2401.15071
2401.15127
2401.15241
2401.15284
2401.15290
2401.15356
2401.15378
2401.15439
2401.15479
2401.15498
2401.15499
2401.15535
2401.15585
2401.15605
2401.15641
2401.15777
2401.15798
2401.15897
2401.16092
2401.16313
2401.16332
2401.16355
2401.16457
2401.16558
2401.16656
2401.16727
2401.16788
2401.16843
2401.17167
2401.17486
2401.17600
2401.17633
2401.17703
2401.17736
2401.17805
2401.17839
2401.17846
2401.17882
2401.18028
2401.18034
2401.18053
2402.00037
2402.00195
2402.00309
2402.00322
2402.00357
2402.00402
2402.00446
2402.00699
2402.00711
2402.00838
2402.00955
2402.01002
2402.01018
2402.01051
2402.01071
2402.01091
2402.01292
2402.01352
2402.01355
2402.01383
2402.01438
2402.01512
2402.01535
2402.01651
2402.01698
2402.01703
2402.01705
2402.01715
2402.01725
2402.01730
2402.01731
2402.01732
2402.01736
2402.01737
2402.01760
2402.01766
2402.01781
2402.01787
2402.01789
2402.01822
2402.01864
2402.01908
2402.01909
2402.01981
2402.02008
2402.02030
2402.02056
2402.02099
2402.02145
2402.02171
2402.02207
2402.02218
2402.02224
2402.02245
2402.02318
2402.02379
2402.02416
2402.02423
2402.02578
2402.02655
2402.02675
2402.02680
2402.02961
2402.03137
2402.03177
2402.03469
2402.03577
2402.03700
2402.03927
2402.04023
2402.04049
2402.04105
2402.04110
2402.04140
2402.04178
2402.04222
2402.04286
2402.04420
2402.04464
2402.04470
2402.04489
2402.04559
2402.04788
2402.04857
2402.04878
2402.04957
2402.04967
2402.05034
2402.05044
2402.05070
2402.05132
2402.05136
2402.05252
2402.05355
2402.05374
2402.05515
2402.05602
2402.05624
2402.05629
2402.05650
2402.05668
2402.05699
2402.05779
2402.05786
2402.05880
2402.05882
2402.05939
2402.06015
2402.06041
2402.06044
2402.06147
2402.06155
2402.06204
2402.06331
2402.06353
2402.06414
2402.06549
2402.06619
2402.06766
2402.06775
2402.06810
2402.06811
2402.06900
2402.07116
2402.07166
2402.07214
2402.07234
2402.07262
2402.07270
2402.07329
2402.07350
2402.07368
2402.07405
2402.07432
2402.07510
2402.07513
2402.07519
2402.07562
2402.07654
2402.07729
2402.07744
2402.07767
2402.07778
2402.07827
2402.07895
2402.07907
2402.07919
2402.07940
2402.08005
2402.08015
2402.08021
2402.08113
2402.08241
2402.08323
2402.08638
2402.08656
2402.08755
2402.08764
2402.08787
2402.08919
2402.08925
2402.08983
2402.09107
2402.09181
2402.09193
2402.09260
2402.09267
2402.09283
2402.09334
2402.09345
2402.09346
2402.09369
2402.09391
2402.09631
2402.09742
2402.09764
2402.09871
2402.09872
2402.09880
2402.09923
2402.10077
2402.10083
2402.10145
2402.10175
2402.10196
2402.10353
2402.10412
2402.10436
2402.10554
2402.10567
2402.10588
2402.10614
2402.10659
2402.10669
2402.10688
2402.10689
2402.10770
2402.10811
2402.10899
2402.10946
2402.10965
2402.11005
2402.11089
2402.11105
2402.11114
2402.11190
2402.11194
2402.11203
2402.11253
2402.11271
2402.11296
2402.11314
2402.11333
2402.11355
2402.11406
2402.11432
2402.11443
2402.11456
2402.11489
2402.11493
2402.11512
2402.11621
2402.11676
2402.11702
2402.11707
2402.11710
2402.11725
2402.11728
2402.11746
2402.11764
2402.11811
2402.11845
2402.11846
2402.11886
2402.11889
2402.11892
2402.12035
2402.12055
2402.12071
2402.12121
2402.12150
2402.12185
2402.12193
2402.12198
2402.12212
2402.12326
2402.12343
2402.12372
2402.12424
2402.12554
2402.12560
2402.12590
2402.12649
2402.12692
2402.12713
2402.12880
2402.13109
2402.13116
2402.13125
2402.13184
2402.13231
2402.13232
2402.13417
2402.13462
2402.13463
2402.13524
2402.13605
2402.13606
2402.13607
2402.13636
2402.13709
2402.13718
2402.13764
2402.13818
2402.13887
2402.13926
2402.13954
2402.14016
2402.14101
2402.14116
2402.14147
2402.14154
2402.14207
2402.14208
2402.14258
2402.14272
2402.14277
2402.14296
2402.14298
2402.14359
2402.14418
2402.14428
2402.14531
2402.14577
2402.14815
2402.14818
2402.14865
2402.14873
2402.14875
2402.14880
2402.14889
2402.14959
2402.15018
2402.15027
2402.15043
2402.15046
2402.15202
2402.15215
2402.15218
2402.15238
2402.15264
2402.15302
2402.15350
2402.15481
2402.15491
2402.15518
2402.15527
2402.15671
2402.15754
2402.15770
2402.15813
2402.15925
2402.15951
2402.15987
2402.15988
2402.16102
2402.16211
2402.16288
2402.16444
2402.16458
2402.16592
2402.16611
2402.16775
2402.16786
2402.16835
2402.16979
2402.17013
2402.17078
2402.17101
2402.17106
2402.17262
2402.17287
2402.17302
2402.17358
2402.17377
2402.17385
2402.17389
2402.17553
2402.17554
2402.17611
2402.17633
2402.17649
2402.17671
2402.17700
2402.17753
2402.17811
2402.17896
2402.17918
2402.17954
2402.17970
2402.18041
2402.18104
2402.18120
2402.18144
2402.18180
2402.18222
2402.18334
2402.18484
2402.18498
2402.18502
2402.18545
2402.18571
2402.18659
2402.18678
2402.19133
2402.19232
2402.19255
2402.19366
2402.19406
2402.19450
2402.19457
2402.19464
2402.19465
2403.00179
2403.00180
2403.00198
2403.00236
2403.00265
2403.00277
2403.00393
2403.00587
2403.00625
2403.00686
2403.00811
2403.00820
2403.00826
2403.00829
2403.00862
2403.01133
2403.01189
2403.01199
2403.01208
2403.01222
2403.01404
2403.01580
2403.01755
2403.01873
2403.01874
2403.02118
2403.02167
2403.02247
2403.02274
2403.02451
2403.02472
2403.02475
2403.02513
2403.02715
2403.02726
2403.02738
2403.02745
2403.02839
2403.03028
2403.03121
2403.03407
2403.03419
2403.03874
2403.03893
2403.03909
2403.04085
2403.04204
2403.04222
2403.04224
2403.04226
2403.04283
2403.04343
2403.04445
2403.04484
2403.04547
2403.04667
2403.04758
2403.04783
2403.04792
2403.04858
2403.04893
2403.04894
2403.04931
2403.05006
2403.05125
2403.05188
2403.05234
2403.05262
2403.05518
2403.05668
2403.05696
2403.05701
2403.05720
2403.05767
2403.05975
2403.06009
2403.06108
2403.06249
2403.06264
2403.06332
2403.06350
2403.06537
2403.06593
2403.06749
2403.06865
2403.06935
2403.07008
2403.07191
2403.07241
2403.07627
2403.07687
2403.07857
2403.07872
2403.07888
2403.07911
2403.07918
2403.07924
2403.07937
2403.08002
2403.08035
2403.08046
2403.08115
2403.08192
2403.08198
2403.08295
2403.08305
2403.08309
2403.08425
2403.08564
2403.08701
2403.08715
2403.08743
2403.08882
2403.08904
2403.08994
2403.09017
2403.09037
2403.09148
2403.09216
2403.09227
2403.09295
2403.09346
2403.09516
2403.09572
2403.09593
2403.09606
2403.09676
2403.09704
2403.09720
2403.10088
2403.10258
2403.10338
2403.10624
2403.10691
2403.10699
2403.10774
2403.10776
2403.10949
2403.11009
2403.11025
2403.11092
2403.11103
2403.11130
2403.11152
2403.11381
2403.11456
2403.11468
2403.11509
2403.11752
2403.11802
2403.11838
2403.11896
2403.12025
2403.12075
2403.12108
2403.12145
2403.12316
2403.12326
2403.12403
2403.12469
2403.12474
2403.12503
2403.12805
2403.13031
2403.13073
2403.13134
2403.13213
2403.13362
2403.13514
2403.13592
2403.13787
2403.13807
2403.13840
2403.13925
2403.14168
2403.14298
2403.14364
2403.14409
2403.14467
2403.14469
2403.14472
2403.14473
2403.14578
2403.14633
2403.14643
2403.14651
2403.14653
2403.14658
2403.14659
2403.14665
2403.14683
2403.14691
2403.14727
2403.14791
2403.14814
2403.14896
2403.14938
2403.14988
2403.15115
2403.15119
2403.15281
2403.15401
2403.15412
2403.15447
2403.15449
2403.15457
2403.15491
2403.15492
2403.15593
2403.15696
2403.15779
2403.16028
2403.16082
2403.16084
2403.16142
2403.16303
2403.16446
2403.16514
2403.16584
2403.16685
2403.16812
2403.16909
2403.16950
2403.17141
2403.17158
2403.17214
2403.17306
2403.17333
2403.17553
2403.17608
2403.17811
2403.17830
2403.17911
2403.18251
2403.18314
2403.18336
2403.18341
2403.18346
2403.18462
2403.18555
2403.18742
2403.18803
2403.18872
2403.18932
2403.19012
2403.19114
2403.19148
2403.19260
2403.19352
2403.19508
2403.19546
2403.19559
2403.19713
2403.19725
2403.19738
2403.19949
2403.19964
2403.20056
2403.20103
2403.20147
2403.20158
2403.20216
2404.00166
2404.00188
2404.00267
2404.00303
2404.00399
2404.00463
2404.00566
2404.00579
2404.00629
2404.00748
2404.00750
2404.00838
2404.00929
2404.00990
2404.01015
2404.01030
2404.01070
2404.01247
2404.01266
2404.01299
2404.01322
2404.01334
2404.01349
2404.01399
2404.01461
2404.01501
2404.01651
2404.01667
2404.01706
2404.01768
2404.01833
2404.01854
2404.01857
2404.01869
2404.01954
2404.02062
2404.02340
2404.02415
2404.02491
2404.02530
2404.02532
2404.02543
2404.02650
2404.02681
2404.02934
2404.03027
2404.03044
2404.03086
2404.03134
2404.03192
2404.03242
2404.03304
2404.03471
2404.03502
2404.03602
2404.03647
2404.03788
2404.04044
2404.04113
2404.04237
2404.04245
2404.04286
2404.04392
2404.04475
2404.04728
2404.04748
2404.04814
2404.04838
2404.05047
2404.05071
2404.05133
2404.05143
2404.05221
2404.05333
2404.05365
2404.05388
2404.05399
2404.05530
2404.05580
2404.05779
2404.05783
2404.05866
2404.05990
2404.06003
2404.06138
2404.06404
2404.06480
2404.06488
2404.06619
2404.06621
2404.06644
2404.06647
2404.06664
2404.06750
2404.06833
2404.06996
2404.07036
2404.07226
2404.07304
2404.07354
2404.07475
2404.07503
2404.07533
2404.07612
2404.07765
2404.07814
2404.07836
2404.07900
2404.07990
2404.08008
2404.08491
2404.08517
2404.08555
2404.08666
2404.08671
2404.08672
2404.08676
2404.08699
2404.08705
2404.08760
2404.09135
2404.09138
2404.09329
2404.09356
2404.09615
2404.09656
2404.09664
2404.09932
2404.10160
2404.10199
2404.10200
2404.10271
2404.10419
2404.10464
2404.10508
2404.10636
2404.10719
2404.10782
2404.10857
2404.10859
2404.10989
2404.11018
2404.11045
2404.11049
2404.11236
2404.11457
2404.11476
2404.11553
2404.11726
2404.11782
2404.11826
2404.11845
2404.11973
2404.12050
2404.12104
2404.12150
2404.12241
2404.12273
2404.12349
2404.12464
2404.12558
2404.12670
2404.12744
2404.12994
2404.13038
2404.13065
2404.13071
2404.13076
2404.13236
2404.13591
2404.13815
2404.13874
2404.13885
2404.13957
2404.14068
2404.14070
2404.14209
2404.14219
2404.14313
2404.14397
2404.14511
2404.14682
2404.14695
2404.14740
2404.14795
2404.15100
2404.15104
2404.15149
2404.15238
2404.15385
2404.15720
2404.15777
2404.16019
2404.16123
2404.16244
2404.16308
2404.16563
2404.16663
2404.16717
2404.16820
2404.16966
2404.17194
2404.17218
2404.17347
2404.17401
2404.17443
2404.17721
2404.17874
2404.17985
2404.18231
2404.18239
2404.18276
2404.18359
2404.18460
2404.18534
2404.18558
2404.18585
2404.18736
2404.18796
2404.18870
2404.19071
2404.19254
2404.19310
2404.19363
2404.19368
2404.19442
2404.19644
2404.19748
2405.00134
2405.00168
2405.00181
2405.00435
2405.00578
2405.00588
2405.00622
2405.00693
2405.00704
2405.00718
2405.00722
2405.00824
2405.00934
2405.00966
2405.00978
2405.00995
2405.01286
2405.01299
2405.01588
2405.01590
2405.01724
2405.01740
2405.01769
2405.01783
2405.01790
2405.01805
2405.01842
2405.01886
2405.01917
2405.02010
2405.02150
2405.02219
2405.02225
2405.02363
2405.02411
2405.02475
2405.02522
2405.02559
2405.02703
2405.02714
2405.02743
2405.03007
2405.03098
2405.03138
2405.03371
2405.03387
2405.03446
2405.03452
2405.03688
2405.03695
2405.03813
2405.04025
2405.04034
2405.04160
2405.04323
2405.04403
2405.04412
2405.04457
2405.04491
2405.04623
2405.04652
2405.04655
2405.04706
2405.04732
2405.04756
2405.04937
2405.05049
2405.05080
2405.05253
2405.05376
2405.05378
2405.05382
2405.05418
2405.05420
2405.05455
2405.05506
2405.05583
2405.05610
2405.05688
2405.05860
2405.05920
2405.05930
2405.06058
2405.06150
2405.06221
2405.06258
2405.06270
2405.06346
2405.06687
2405.06692
2405.06783
2405.06841
2405.06919
2405.06996
2405.07076
2405.07101
2405.07248
2405.07417
2405.07458
2405.07468
2405.07495
2405.07526
2405.07623
2405.07766
2405.07767
2405.07863
2405.07932
2405.07960
2405.08151
2405.08154
2405.08209
2405.08238
2405.08427
2405.08477
2405.08562
2405.08760
2405.09055
2405.09341
2405.09373
2405.09439
2405.09543
2405.09679
2405.09719
2405.09935
2405.09948
2405.10004
2405.10040
2405.10431
2405.10630
2405.10632
2405.10659
2405.10861
2405.10893
2405.10936
2405.10991
2405.11029
2405.11030
2405.11048
2405.11197
2405.11290
2405.11612
2405.11891
2405.11985
2405.12021
2405.12163
2405.12167
2405.12372
2405.12533
2405.12584
2405.12604
2405.12744
2405.12900
2405.12926
2405.12933
2405.12957
2405.12999
2405.13018
2405.13039
2405.13041
2405.13052
2405.13379
2405.13401
2405.13487
2405.13516
2405.13541
2405.13578
2405.13581
2405.13622
2405.13777
2405.13967
2405.13974
2405.13984
2405.14034
2405.14125
2405.14191
2405.14277
2405.14486
2405.14487
2405.14521
2405.14555
2405.14577
2405.14612
2405.14744
2405.14808
2405.14812
2405.14839
2405.15065
2405.15067
2405.15145
2405.15185
2405.15240
2405.15329
2405.15334
2405.15624
2405.15627
2405.15739
2405.15760
2405.15924
2405.15987
2405.16337
2405.16455
2405.16546
2405.16820
2405.16860
2405.16915
2405.17159
2405.17322
2405.17345
2405.17475
2405.17512
2405.17728
2405.17731
2405.17814
2405.17894
2405.17921
2405.17974
2405.17977
2405.18161
2405.18166
2405.18253
2405.18540
2405.18572
2405.18632
2405.18634
2405.18636
2405.18638
2405.18641
2405.18662
2405.18762
2405.18780
2405.18902
2405.18952
2405.19011
2405.19026
2405.19092
2405.19176
2405.19299
2405.19300
2405.19323
2405.19342
2405.19360
2405.19423
2405.19479
2405.19522
2405.19538
2405.19701
2405.19795
2405.20051
2405.20152
2405.20195
2405.20253
2405.20267
2405.20304
2405.20413
2405.20441
2405.20469
2405.20582
2405.20790
2405.20947
2405.20956
2406.00018
2406.00020
2406.00046
2406.00050
2406.00092
2406.00179
2406.00343
2406.00393
2406.00515
2406.00548
2406.00602
2406.00787
2406.00936
2406.00983
2406.01131
2406.01168
2406.01252
2406.01399
2406.01449
2406.01457
2406.01757
2406.01855
2406.01866
2406.01943
2406.02050
2406.02361
2406.02378
2406.02472
2406.02510
2406.02622
2406.02756
2406.02889
2406.02966
2406.03198
2406.03299
2406.03339
2406.03368
2406.03428
2406.03582
2406.03599
2406.03631
2406.03642
2406.03805
2406.03827
2406.03881
2406.03930
2406.03953
2406.04064
2406.04127
2406.04145
2406.04146
2406.04214
2406.04215
2406.04220
2406.04244
2406.04291
2406.04298
2406.04331
2406.04428
2406.04470
2406.04512
2406.04551
2406.04755
2406.04770
2406.04876
2406.04879
2406.04892
2406.04952
2406.04988
2406.04997
2406.05065
2406.05113
2406.05191
2406.05246
2406.05315
2406.05343
2406.05344
2406.05364
2406.05392
2406.05505
2406.05587
2406.05602
2406.05761
2406.05885
2406.05888
2406.05902
2406.05918
2406.05967
2406.05972
2406.06007
2406.06056
2406.06131
2406.06302
2406.06352
2406.06369
2406.06400
2406.06407
2406.06424
2406.06435
2406.06487
2406.06560
2406.06565
2406.06573
2406.06574
2406.06599
2406.06736
2406.06836
2406.06840
2406.07057
2406.07145
2406.07229
2406.07243
2406.07275
2406.07287
2406.07295
2406.07302
2406.07320
2406.07353
2406.07545
2406.07594
2406.07661
2406.07685
2406.07693
2406.07699
2406.07736
2406.07791
2406.07814
2406.07882
2406.07886
2406.07935
2406.08183
2406.08216
2406.08222
2406.08223
2406.08386
2406.08598
2406.08641
2406.08702
2406.08723
2406.08726
2406.08809
2406.08818
2406.08824
2406.08845
2406.09070
2406.09121
2406.09123
2406.09264
2406.09396
2406.09397
2406.09401
2406.09458
2406.09496
2406.09548
2406.09675
2406.09779
2406.09843
2406.09855
2406.09864
2406.09923
2406.09938
2406.09948
2406.09952
2406.09977
2406.10057
2406.10100
2406.10118
2406.10130
2406.10133
2406.10162
2406.10177
2406.10249
2406.10258
2406.10290
2406.10303
2406.10311
2406.10318
2406.10328
2406.10400
2406.10429
2406.10486
2406.10621
2406.10653
2406.10729
2406.10773
2406.10789
2406.10847
2406.10889
2406.10900
2406.10965
2406.11030
2406.11039
2406.11069
2406.11096
2406.11107
2406.11109
2406.11139
2406.11143
2406.11190
2406.11214
2406.11250
2406.11288
2406.11331
2406.11353
2406.11370
2406.11547
2406.11565
2406.11622
2406.11634
2406.11651
2406.11657
2406.11661
2406.11665
2406.11757
2406.11780
2406.11801
2406.11860
2406.11871
2406.11939
2406.11988
2406.12030
2406.12033
2406.12043
2406.12074
2406.12094
2406.12138
2406.12165
2406.12216
2406.12223
2406.12232
2406.12274
2406.12277
2406.12304
2406.12319
2406.12347
2406.12364
2406.12387
2406.12399
2406.12433
2406.12513
2406.12546
2406.12549
2406.12624
2406.12646
2406.12679
2406.12708
2406.12757
2406.12800
2406.12805
2406.12822
2406.12845
2406.12928
2406.12934
2406.13018
2406.13138
2406.13152
2406.13232
2406.13246
2406.13261
2406.13317
2406.13439
2406.13551
2406.13556
2406.13605
2406.13677
2406.13681
2406.13735
2406.13813
2406.13893
2406.13912
2406.13925
2406.13942
2406.13945
2406.13975
2406.13985
2406.13993
2406.13997
2406.14023
2406.14137
2406.14144
2406.14154
2406.14155
2406.14194
2406.14230
2406.14267
2406.14281
2406.14284
2406.14425
2406.14434
2406.14462
2406.14477
2406.14496
2406.14504
2406.14657
2406.14765
2406.14796
2406.14805
2406.14847
2406.14859
2406.14883
2406.14903
2406.14981
2406.14993
2406.15053
2406.15126
2406.15130
2406.15198
2406.15213
2406.15227
2406.15268
2406.15279
2406.15362
2406.15481
2406.15484
2406.15492
2406.15513
2406.15518
2406.15527
2406.15599
2406.15625
2406.15658
2406.15823
2406.15869
2406.15885
2406.15948
2406.15951
2406.16152
2406.16235
2406.16316
2406.16338
2406.16449
2406.16469
2406.16478
2406.16562
2406.16572
2406.16592
2406.16738
2406.16746
2406.16767
2406.16833
2406.16855
2406.17104
2406.17115
2406.17126
2406.17213
2406.17232
2406.17271
2406.17375
2406.17385
2406.17430
2406.17433
2406.17531
2406.17557
2406.17566
2406.17626
2406.17647
2406.17651
2406.17675
2406.17692
2406.17737
2406.17761
2406.17806
2406.17864
2406.17888
2406.17908
2406.17947
2406.17974
2406.18071
2406.18085
2406.18116
2406.18192
2406.18346
2406.18403
2406.18495
2406.18510
2406.18570
2406.18682
2406.18842
2406.18853
2406.18900
2406.18906
2406.19097
2406.19223
2406.19238
2406.19271
2406.19314
2406.19349
2406.19497
2406.19501
2406.19504
2406.19552
2406.19564
2406.19601
2406.19650
2406.19668
2406.19999
2406.20087
2407.00135
2407.00138
2407.00219
2407.00263
2407.00377
2407.00416
2407.00468
2407.00482
2407.00486
2407.00600
2407.00764
2407.00948
2407.00983
2407.01081
2407.01085
2407.01149
2407.01270
2407.01316
2407.01490
2407.01523
2407.01527
2407.01562
2407.01595
2407.01599
2407.01697
2407.01834
2407.01850
2407.01878
2407.01885
2407.01896
2407.02030
2407.02067
2407.02099
2407.02122
2407.02209
2407.02273
2407.02333
2407.02408
2407.02428
2407.02464
2407.02623
2407.02631
2407.02805
2407.02814
2407.02855
2407.02885
2407.02996
2407.03059
2407.03129
2407.03211
2407.03386
2407.03473
2407.03486
2407.03536
2407.03550
2407.03557
2407.03623
2407.03658
2407.03791
2407.03841
2407.03859
2407.03895
2407.03978
2407.03993
2407.04010
2407.04053
2407.04065
2407.04069
2407.04183
2407.04280
2407.04434
2407.04459
2407.04467
2407.04503
2407.04559
2407.04615
2407.04694
2407.04842
2407.04873
2407.04965
2407.05022
2407.05176
2407.05244
2407.05250
2407.05271
2407.05335
2407.05361
2407.05365
2407.05502
2407.05732
2407.05740
2407.05919
2407.05965
2407.05977
2407.06003
2407.06098
2407.06177
2407.06323
2407.06380
2407.06432
2407.06551
2407.06576
2407.06703
2407.06851
2407.06863
2407.06866
2407.06917
2407.06941
2407.06947
2407.06957
2407.07321
2407.07329
2407.07370
2407.07630
2407.07840
2407.08188
2407.08189
2407.08322
2407.08441
2407.08495
2407.08563
2407.08571
2407.08733
2407.08743
2407.08770
2407.08818
2407.08842
2407.08926
2407.08970
2407.09121
2407.09152
2407.09241
2407.09295
2407.09322
2407.09327
2407.09429
2407.09481
2407.09494
2407.09495
2407.09512
2407.09551
2407.09573
2407.09704
2407.09823
2407.09855
2407.10106
2407.10241
2407.10371
2407.10380
2407.10457
2407.10575
2407.10629
2407.10633
2407.10725
2407.10817
2407.10829
2407.10853
2407.10920
2407.10990
2407.10995
2407.11002
2407.11052
2407.11203
2407.11215
2407.11360
2407.11387
2407.11409
2407.11470
2407.11638
2407.11733
2407.11833
2407.11933
2407.12031
2407.12043
2407.12154
2407.12344
2407.12500
2407.12620
2407.12680
2407.12687
2407.12710
2407.12801
2407.12815
2407.12822
2407.12824
2407.12843
2407.12847
2407.12850
2407.12856
2407.12857
2407.12858
2407.12872
2407.13244
2407.13522
2407.13699
2407.13744
2407.13757
2407.13766
2407.13833
2407.13891
2407.13896
2407.13928
2407.13934
2407.13957
2407.13982
2407.14164
2407.14180
2407.14259
2407.14335
2407.14344
2407.14467
2407.14614
2407.14779
2407.15009
2407.15154
2407.15184
2407.15227
2407.15240
2407.15255
2407.15286
2407.15316
2407.15366
2407.15390
2407.15399
2407.15838
2407.15851
2407.16266
2407.16277
2407.16318
2407.16431
2407.16537
2407.16565
2407.16686
2407.16697
2407.16737
2407.16804
2407.16883
2407.16886
2407.16891
2407.16928
2407.16951
2407.17045
2407.17075
2407.17374
2407.17387
2407.17436
2407.17477
2407.17479
2407.17543
2407.17586
2407.17688
2407.18008
2407.18078
2407.18147
2407.18324
2407.18369
2407.18376
2407.18416
2407.18418
2407.18421
2407.18454
2407.18524
2407.18525
2407.18676
2407.18689
2407.18712
2407.18745
2407.18786
2407.19088
2407.19098
2407.19164
2407.19256
2407.19345
2407.19524
2407.19528
2407.19655
2407.19670
2407.19705
2407.19760
2407.20020
2407.20224
2407.20240
2407.20242
2407.20371
2407.20438
2407.20516
2407.20729
2407.21001
2407.21004
2407.21057
2407.21058
2407.21075
2407.21202
2407.21772
2407.21783
2407.21792
2408.00002
2408.00005
2408.00162
2408.00205
2408.00283
2408.00307
2408.00330
2408.00443
2408.00769
2408.00880
2408.00992
2408.01285
2408.01337
2408.01346
2408.01355
2408.01363
2408.01417
2408.01438
2408.01448
2408.01452
2408.01455
2408.01459
2408.01460
2408.01959
2408.01961
2408.01963
2408.01966
2408.02114
2408.02143
2408.02337
2408.02464
2408.02521
2408.02632
2408.02666
2408.02677
2408.02841
2408.02861
2408.02919
2408.02946
2408.02948
2408.03274
2408.03281
2408.03359
2408.03459
2408.03541
2408.03837
2408.03907
2408.04023
2408.04154
2408.04293
2408.04403
2408.04556
2408.04600
2408.04610
2408.04645
2408.04655
2408.04671
2408.04682
2408.04736
2408.04900
2408.04909
2408.04978
2408.05023
2408.05035
2408.05094
2408.05102
2408.05126
2408.05204
2408.05241
2408.05328
2408.05334
2408.05388
2408.05497
2408.05555
2408.05568
2408.05794
2408.05968
2408.06518
2408.06546
2408.06569
2408.06731
2408.06804
2408.06929
2408.07009
2408.07237
2408.07377
2408.07479
2408.07542
2408.07665
2408.07728
2408.07822
2408.07832
2408.07873
2408.07896
2408.08212
2408.08302
2408.08411
2408.08477
2408.08632
2408.08651
2408.08656
2408.08688
2408.08693
2408.08781
2408.08808
2408.08896
2408.08899
2408.09049
2408.09111
2408.09235
2408.09326
2408.09327
2408.09366
2408.09429
2408.09489
2408.09570
2408.09682
2408.09701
2408.09757
2408.09945
2408.10075
2408.10175
2408.10202
2408.10239
2408.10270
2408.10365
2408.10392
2408.10528
2408.10536
2408.10608
2408.10811
2408.10899
2408.11160
2408.11247
2408.11261
2408.11288
2408.11319
2408.11338
2408.11358
2408.11415
2408.11424
2408.11441
2408.11667
2408.11735
2408.11779
2408.11820
2408.11843
2408.11851
2408.11879
2408.11903
2408.11962
2408.12055
2408.12097
2408.12112
2408.12250
2408.12259
2408.12289
2408.12466
2408.12494
2408.12503
2408.12692
2408.12734
2408.12754
2408.12763
2408.12798
2408.12872
2408.12880
2408.12935
2408.12942
2408.12959
2408.12980
2408.13001
2408.13006
2408.13204
2408.13295
2408.13464
2408.13485
2408.13545
2408.13704
2408.13708
2408.13831
2408.13896
2408.13986
2408.14126
2408.14262
2408.14393
2408.14435
2408.14611
2408.14622
2408.14825
2408.14842
2408.14845
2408.14960
2408.15066
2408.15096
2408.15204
2408.15260
2408.15261
2408.15266
2408.15313
2408.15354
2408.15391
2408.15398
2408.15406
2408.15549
2408.15550
2408.15729
2408.15769
2408.15895
2408.15906
2408.16073
2408.16100
2408.16126
2408.16130
2408.16254
2408.16287
2408.16482
2408.16536
2408.16629
2408.16683
2408.16700
2408.16749
2408.16961
2408.16984
2408.17267
2408.17285
2409.00004
2409.00113
2409.00128
2409.00133
2409.00162
2409.00203
2409.00252
2409.00255
2409.00269
2409.00358
2409.00447
2409.00551
2409.00598
2409.00721
2409.00781
2409.00787
2409.00819
2409.00826
2409.00844
2409.00862
2409.00890
2409.01497
2409.01539
2409.01556
2409.01584
2409.01658
2409.01754
2409.01893
2409.01927
2409.01928
2409.02108
2409.02114
2409.02257
2409.02432
2409.02519
2409.02601
2409.02795
2409.03059
2409.03131
2409.03219
2409.03462
2409.03735
2409.03818
2409.03843
2409.03939
2409.04043
2409.04188
2409.04340
2409.04508
2409.04795
2409.04810
2409.04822
2409.04987
2409.05005
2409.05176
2409.05247
2409.05257
2409.05283
2409.05292
2409.05653
2409.05806
2409.05907
2409.05990
2409.06043
2409.06595
2409.06820
2409.07253
2409.07314
2409.07335
2409.07424
2409.07473
2409.07476
2409.07604
2409.07691
2409.07772
2409.07878
2409.08147
2409.08226
2409.08459
2409.08523
2409.08963
2409.09001
2409.09045
2409.09054
2409.09201
2409.09467
2409.09560
2409.09569
2409.09586
2409.09652
2409.09722
2409.09741
2409.09894
2409.09989
2409.10053
2409.10102
2409.10550
2409.10566
2409.10697
2409.10760
2409.10825
2409.10883
2409.10989
2409.11022
2409.11074
2409.11107
2409.11149
2409.11192
2409.11239
2409.11360
2409.11365
2409.11404
2409.11491
2409.11501
2409.11564
2409.11579
2409.11598
2409.11636
2409.11638
2409.11665
2409.11904
2409.11968
2409.12060
2409.12106
2409.12143
2409.12194
2409.12197
2409.12218
2409.12263
2409.12544
2409.12623
2409.12658
2409.12739
2409.12953
2409.12969
2409.13156
2409.13178
2409.13335
2409.13484
2409.13521
2409.13594
2409.13705
2409.13708
2409.13721
2409.13725
2409.13735
2409.13843
2409.13852
2409.13879
2409.13884
2409.13897
2409.13935
2409.13979
2409.14050
2409.14144
2409.14335
2409.14459
2409.14583
2409.14703
2409.14740
2409.14744
2409.14820
2409.14986
2409.15125
2409.15188
2409.15268
2409.15296
2409.15299
2409.15323
2409.15334
2409.15361
2409.15380
2409.15461
2409.15523
2409.15567
2409.15604
2409.15762
2409.15795
2409.15949
2409.16022
2409.16125
2409.16183
2409.16191
2409.16371
2409.16410
2409.16425
2409.16427
2409.16430
2409.16605
2409.16668
2409.16673
2409.16695
2409.16783
2409.16788
2409.16849
2409.16860
2409.17027
2409.17130
2409.17155
2409.17156
2409.17169
2409.17191
2409.17213
2409.17313
2409.17416
2409.17577
2409.17699
2409.17827
2409.17928
2409.17929
2409.18023
2409.18110
2409.18142
2409.18170
2409.18203
2409.18214
2409.18216
2409.18454
2409.18486
2409.18786
2409.18957
2409.18991
2409.19012
2409.19104
2409.19148
2409.19149
2409.19173
2409.19308
2409.19430
2409.19436
2409.19474
2409.19507
2409.19521
2409.19541
2409.19655
2409.19663
2409.19667
2409.19734
2409.19801
2409.19804
2409.19898
2409.19922
2409.19959
2409.20052
2409.20063
2409.20189
2409.20204
2409.20288
2409.20296
2409.20303
2409.20390
2409.20565
2410.00175
2410.00179
2410.00207
2410.00296
2410.00354
2410.00361
2410.00508
2410.00545
2410.00775
2410.00847
2410.00873
2410.00906
2410.01039
2410.01088
2410.01089
2410.01171
2410.01174
2410.01524
2410.01532
2410.01534
2410.01620
2410.01708
2410.01784
2410.01810
2410.01811
2410.01817
2410.01833
2410.01927
2410.01944
2410.01957
2410.01999
2410.02027
2410.02042
2410.02049
2410.02054
2410.02298
2410.02378
2410.02584
2410.02657
2410.02677
2410.02683
2410.02736
2410.02783
2410.02791
2410.02820
2410.02828
2410.02829
2410.02897
2410.03032
2410.03051
2410.03099
2410.03415
2410.03430
2410.03448
2410.03458
2410.03466
2410.03543
2410.03568
2410.03584
2410.03710
2410.03713
2410.03724
2410.03742
2410.03768
2410.03772
2410.03786
2410.03818
2410.03868
2410.03869
2410.03884
2410.03996
2410.04054
2410.04087
2410.04120
2410.04272
2410.04282
2410.04292
2410.04447
2410.04452
2410.04472
2410.04503
2410.04527
2410.04634
2410.04659
2410.04663
2410.04754
2410.04795
2410.04838
2410.04951
2410.05180
2410.05206
2410.05217
2410.05269
2410.05315
2410.05401
2410.05496
2410.05559
2410.05600
2410.05613
2410.05774
2410.06024
2410.06213
2410.06214
2410.06415
2410.06542
2410.06566
2410.06733
2410.06965
2410.06967
2410.07069
2410.07087
2410.07112
2410.07137
2410.07166
2410.07304
2410.07523
2410.07561
2410.07571
2410.07589
2410.07593
2410.07752
2410.07779
2410.07820
2410.07826
2410.07884
2410.07959
2410.07991
2410.08053
2410.08090
2410.08327
2410.08388
2410.08407
2410.08418
2410.08442
2410.08593
2410.08698
2410.08793
2410.08811
2410.08820
2410.08851
2410.08872
2410.08918
2410.08948
2410.08964
2410.08968
2410.08972
2410.09083
2410.09097
2410.09102
2410.09132
2410.09139
2410.09181
2410.09220
2410.09365
2410.09421
2410.09510
2410.09564
2410.09642
2410.09732
2410.09775
2410.09893
2410.09949
2410.09978
2410.09992
2410.10014
2410.10127
2410.10139
2410.10153
2410.10215
2410.10303
2410.10332
2410.10336
2410.10398
2410.10414
2410.10479
2410.10489
2410.10563
2410.10650
2410.10665
2410.10700
2410.10801
2410.10818
2410.10850
2410.10860
2410.10863
2410.10867
2410.10934
2410.10991
2410.10995
2410.10998
2410.11005
2410.11007
2410.11059
2410.11084
2410.11114
2410.11216
2410.11221
2410.11230
2410.11302
2410.11348
2410.11444
2410.11647
2410.11672
2410.11745
2410.11859
2410.11865
2410.11985
2410.12010
2410.12040
2410.12138
2410.12174
2410.12194
2410.12217
2410.12265
2410.12278
2410.12380
2410.12428
2410.12468
2410.12491
2410.12499
2410.12511
2410.12519
2410.12621
2410.12691
2410.12700
2410.12705
2410.12722
2410.12784
2410.12787
2410.12837
2410.12839
2410.12855
2410.12864
2410.12869
2410.12874
2410.12880
2410.12937
2410.12971
2410.12974
2410.12989
2410.13009
2410.13111
2410.13114
2410.13146
2410.13153
2410.13204
2410.13206
2410.13313
2410.13334
2410.13341
2410.13343
2410.13488
2410.13517
2410.13641
2410.13716
2410.13722
2410.13727
2410.13754
2410.13776
2410.13886
2410.13915
2410.13976
2410.14012
2410.14059
2410.14144
2410.14194
2410.14201
2410.14236
2410.14289
2410.14589
2410.14626
2410.14632
2410.14669
2410.14744
2410.14763
2410.14765
2410.14766
2410.14827
2410.14894
2410.14978
2410.14991
2410.15067
2410.15096
2410.15182
2410.15234
2410.15236
2410.15238
2410.15314
2410.15319
2410.15413
2410.15442
2410.15453
2410.15464
2410.15467
2410.15471
2410.15553
2410.15572
2410.15623
2410.15669
2410.15686
2410.15726
2410.15821
2410.15828
2410.15911
2410.15956
2410.16027
2410.16153
2410.16170
2410.16184
2410.16204
2410.16256
2410.16292
2410.16315
2410.16325
2410.16451
2410.16498
2410.16520
2410.16527
2410.16562
2410.16574
2410.16638
2410.16640
2410.16665
2410.16672
2410.16712
2410.16738
2410.16927
2410.17032
2410.17040
2410.17141
2410.17196
2410.17250
2410.17255
2410.17257
2410.17276
2410.17281
2410.17333
2410.17358
2410.17385
2410.17492
2410.17509
2410.17519
2410.17520
2410.17532
2410.17578
2410.17739
2410.18071
2410.18122
2410.18218
2410.18270
2410.18417
2410.18451
2410.18460
2410.18491
2410.18565
2410.18615
2410.18749
2410.18836
2410.18841
2410.18850
2410.18906
2410.18927
2410.18970
2410.19056
2410.19133
2410.19238
2410.19314
2410.19317
2410.19346
2410.19406
2410.19419
2410.19453
2410.19692
2410.19775
2410.19803
2410.19848
2410.19884
2410.19948
2410.20130
2410.20265
2410.20266
2410.20298
2410.20490
2410.20513
2410.20739
2410.20774
2410.20833
2410.20859
2410.21008
2410.21126
2410.21131
2410.21155
2410.21159
2410.21259
2410.21276
2410.21306
2410.21314
2410.21358
2410.21359
2410.21360
2410.21529
2410.21573
2410.21695
2410.21898
2410.21965
2410.21970
2410.22046
2410.22118
2410.22211
2410.22239
2410.22282
2410.22309
2410.22362
2410.22368
2410.22446
2410.22457
2410.22473
2410.22517
2410.22526
2410.22587
2410.22715
2410.22770
2410.22888
2410.22932
2410.22944
2410.22985
2410.23133
2410.23144
2410.23394
2410.23472
2410.23496
2410.23730
2410.23803
2410.23879
2410.24049
2410.24140
2410.24190
2411.00174
2411.00201
2411.00266
2411.00331
2411.00420
2411.00492
2411.00585
2411.00631
2411.00743
2411.00827
2411.00860
2411.00878
2411.00956
2411.00986
2411.00997
2411.01077
2411.01111
2411.01245
2411.01259
2411.01271
2411.01281
2411.01582
2411.01703
2411.01852
2411.02263
2411.02306
2411.02414
2411.02432
2411.02448
2411.02461
2411.02478
2411.02536
2411.02551
2411.02577
2411.02594
2411.02671
2411.02973
2411.03284
2411.03287
2411.03295
2411.03343
2411.03368
2411.03397
2411.03486
2411.03665
2411.03700
2411.03769
2411.03888
2411.03895
2411.04090
2411.04093
2411.04097
2411.04129
2411.04298
2411.04308
2411.04328
2411.04420
2411.04424
2411.04427
2411.04696
2411.04920
2411.05025
2411.05026
2411.05037
2411.05060
2411.05172
2411.05200
2411.05214
2411.05224
2411.05265
2411.05383
2411.05403
2411.05718
2411.05775
2411.05777
2411.05819
2411.05821
2411.05894
2411.05985
2411.05992
2411.06032
2411.06066
2411.06116
2411.06176
2411.06194
2411.06213
2411.06287
2411.06424
2411.06624
2411.06790
2411.06837
2411.06850
2411.06899
2411.06970
2411.07042
2411.07122
2411.07237
2411.07320
2411.07417
2411.07472
2411.07474
2411.07521
2411.07527
2411.07656
2411.07664
2411.07781
2411.07845
2411.07965
2411.08019
2411.08135
2411.08181
2411.08243
2411.08294
2411.08320
2411.08504
2411.08526
2411.08550
2411.08553
2411.08752
2411.08881
2411.08884
2411.08923
2411.08977
2411.08982
2411.09102
2411.09222
2411.09431
2411.09523
2411.09730
2411.09826
2411.09834
2411.09873
2411.09973
2411.10080
2411.10109
2411.10156
2411.10351
2411.10473
2411.10480
2411.10534
2411.10544
2411.10636
2411.10654
2411.10683
2411.10684
2411.10697
2411.10912
2411.10915
2411.10939
2411.10954
2411.10983
2411.11072
2411.11081
2411.11150
2411.11287
2411.11354
2411.11407
2411.11543
2411.11758
2411.11937
2411.12074
2411.12174
2411.12287
2411.12405
2411.12493
2411.12590
2411.12665
2411.12709
2411.12785
2411.12865
2411.12990
2411.13159
2411.13173
2411.13212
2411.13424
2411.13485
2411.13503
2411.13518
2411.13738
2411.13760
2411.13775
2411.13802
2411.13808
2411.13981
2411.14009
2411.14198
2411.14215
2411.14442
2411.14469
2411.14486
2411.14487
2411.14491
2411.14500
2411.14502
2411.14647
2411.14672
2411.14755
2411.14760
2411.14984
2411.15033
2411.15051
2411.15175
2411.15257
2411.15287
2411.15296
2411.15386
2411.15396
2411.15408
2411.15462
2411.15488
2411.15509
2411.15516
2411.15560
2411.15594
2411.15626
2411.15634
2411.15640
2411.15662
2411.15971
2411.16031
2411.16077
2411.16160
2411.16201
2411.16236
2411.16365
2411.16391
2411.16502
2411.16508
2411.16527
2411.16531
2411.16575
2411.16619
2411.16771
2411.16778
2411.16813
2411.16818
2411.16965
2411.17075
2411.17123
2411.17304
2411.17305
2411.17338
2411.17374
2411.17451
2411.17792
2411.17876
2411.17943
2411.18122
2411.18499
2411.18553
2411.18688
2411.18711
2411.18895
2411.18968
2411.18994
2411.19038
2411.19123
2411.19140
2411.19211
2411.19240
2411.19668
2411.19688
2411.19799
2411.19939
2412.00023
2412.00074
2412.00076
2412.00323
2412.00532
2412.00539
2412.00554
2412.00559
2412.00606
2412.00609
2412.00681
2412.00800
2412.00868
2412.00948
2412.00956
2412.00962
2412.00967
2412.01020
2412.01186
2412.01253
2412.01330
2412.01339
2412.01340
2412.01617
2412.01708
2412.01711
2412.01719
2412.01876
2412.01934
2412.01957
2412.02113
2412.02641
2412.02802
2412.02857
2412.02893
2412.03178
2412.03220
2412.03253
2412.03304
2412.03334
2412.03343
2412.03400
2412.03537
2412.03579
2412.03589
2412.03597
2412.03605
2412.03814
2412.03837
2412.03920
2412.04025
2412.04026
2412.04086
2412.04100
2412.04193
2412.04307
2412.04478
2412.04497
2412.04498
2412.04576
2412.04629
2412.04642
2412.04726
2412.04789
2412.04862
2412.04924
2412.04936
2412.04942
2412.05093
2412.05167
2412.05214
2412.05277
2412.05288
2412.05520
2412.05533
2412.05579
2412.05892
2412.06134
2412.06144
2412.06184
2412.06272
2412.06483
2412.06593
2412.06693
2412.06745
2412.06843
2412.06864
2412.06878
2412.07019
2412.07067
2412.07112
2412.07200
2412.07303
2412.07334
2412.07338
2412.07429
2412.07636
2412.07724
2412.07782
2412.07825
2412.07924
2412.07992
2412.08430
2412.08559
2412.08580
2412.08686
2412.08795
2412.08846
2412.09082
2412.09104
2412.09203
2412.09243
2412.09254
2412.09569
2412.09582
2412.09630
2412.09668
2412.09727
2412.09896
2412.09900
2412.09997
2412.10134
2412.10139
2412.10281
2412.10337
2412.10400
2412.10413
2412.10415
2412.10424
2412.10427
2412.10428
2412.10513
2412.10604
2412.10669
2412.10991
2412.11142
2412.11167
2412.11261
2412.11317
2412.11318
2412.11414
2412.11453
2412.11582
2412.11615
2412.11625
2412.11679
2412.11691
2412.11704
2412.11745
2412.11750
2412.11763
2412.11832
2412.11835
2412.11878
2412.11906
2412.11936
2412.11951
2412.12165
2412.12349
2412.12417
2412.12500
2412.12510
2412.12567
2412.12588
2412.12591
2412.12686
2412.12693
2412.12774
2412.12821
2412.12981
2412.13091
2412.13155
2412.13169
2412.13377
2412.13578
2412.13612
2412.13666
2412.13682
2412.13702
2412.13746
2412.13835
2412.13989
2412.14050
2412.14056
2412.14062
2412.14077
2412.14116
2412.14304
2412.14368
2412.14414
2412.14436
2412.14461
2412.14672
2412.14724
2412.14843
2412.14971
2412.15035
2412.15054
2412.15114
2412.15115
2412.15206
2412.15241
2412.15251
2412.15265
2412.15268
2412.15275
2412.15291
2412.15360
2412.15375
2412.15386
2412.15453
2412.15497
2412.15503
2412.15504
2412.15524
2412.15787
2412.15891
2412.15896
2412.15907
2412.16022
2412.16114
2412.16162
2412.16194
2412.16232
2412.16238
2412.16335
2412.16339
2412.16355
2412.16389
2412.16451
2412.16468
2412.16469
2412.16539
2412.16720
2412.16746
2412.16772
2412.16783
2412.16844
2412.16974
2412.17052
2412.17063
2412.17128
2412.17156
2412.17165
2412.17486
2412.17505
2412.17544
2412.17667
2412.17686
2412.17759
2412.17803
2412.17933
2412.18011
2412.18048
2412.18053
2412.18224
2412.18302
2412.18424
2412.18551
2412.18588
2412.18645
2412.18697
2412.18810
2412.18863
2412.18874
2412.18975
2412.19010
2412.19124
2412.19168
2412.19217
2412.19312
2412.19315
2412.19726
2412.19926
2412.20251
2412.20268
2412.20299
2412.20374
2412.20377
2412.20427
2412.20541
2412.20622
2412.20671
2412.20692
2412.20718
2412.20750
2412.20760
2412.21052
2501.00066
2501.00069
2501.00129
2501.00192
2501.00208
2501.00257
2501.00359
2501.00367
2501.00418
2501.00513
2501.00517
2501.00691
2501.00697
2501.00782
2501.00848
2501.00962
2501.00995
2501.01031
2501.01056
2501.01168
2501.01243
2501.01256
2501.01282
2501.01284
2501.01349
2501.01397
2501.01441
2501.01516
2501.01741
2501.01743
2501.01785
2501.01872
2501.01973
2501.01987
2501.02009
2501.02029
2501.02039
2501.02074
2501.02189
2501.02211
2501.02266
2501.02295
2501.02471
2501.02482
2501.02531
2501.02654
2501.02725
2501.02765
2501.02968
2501.02997
2501.03012
2501.03112
2501.03124
2501.03200
2501.03225
2501.03259
2501.03266
2501.03271
2501.03324
2501.03370
2501.03403
2501.03441
2501.03479
2501.03569
2501.03957
2501.04142
2501.04184
2501.04316
2501.04543
2501.04662
2501.04762
2501.04858
2501.04897
2501.05031
2501.05171
2501.05336
2501.05396
2501.05443
2501.05457
2501.05482
2501.05617
2501.05628
2501.05790
2501.05926
2501.05981
2501.05985
2501.05989
2501.06137
2501.06143
2501.06248
2501.06265
2501.06271
2501.06365
2501.06374
2501.06461
2501.06577
2501.06581
2501.06638
2501.06795
2501.06826
2501.06834
2501.06911
2501.06964
2501.07071
2501.07238
2501.07276
2501.07324
2501.07482
2501.07751
2501.07849
2501.07931
2501.08246
2501.08276
2501.08441
2501.08471
2501.08502
2501.08514
2501.08579
2501.08814
2501.08838
2501.08924
2501.08951
2501.09004
2501.09014
2501.09021
2501.09039
2501.09223
2501.09265
2501.09309
2501.09409
2501.09431
2501.09493
2501.09534
2501.09620
2501.09672
2501.09687
2501.09765
2501.09890
2501.09910
2501.10150
2501.10360
2501.10366
2501.10371
2501.10383
2501.10390
2501.10471
2501.10484
2501.10576
2501.10711
2501.10727
2501.10741
2501.10800
2501.10970
2501.11241
2501.11496
2501.11549
2501.11597
2501.11705
2501.11815
2501.11866
2501.12072
2501.12106
2501.12394
2501.12405
2501.12433
2501.12521
2501.12538
2501.12557
2501.12573
2501.12612
2501.12789
2501.12962
2501.12980
2501.13120
2501.13223
2501.13264
2501.13302
2501.13351
2501.13381
2501.13720
2501.13802
2501.13836
2501.13912
2501.13944
2501.13976
2501.13977
2501.14073
2501.14110
2501.14294
2501.14414
2501.14457
2501.14719
2501.14748
2501.14844
2501.14956
2501.15280
2501.15310
2501.15351
2501.15430
2501.15451
2501.15453
2501.15463
2501.15571
2501.15634
2501.15693
2501.15708
2501.15773
2501.15775
2501.16173
2501.16355
2501.16507
2501.16566
2501.16724
2501.16748
2501.16750
2501.16780
2501.16783
2501.17030
2501.17084
2501.17117
2501.17132
2501.17170
2501.17194
2501.17420
2501.17559
2501.17581
2501.17749
2501.17942
2501.18081
2501.18099
2501.18280
2501.18438
2501.18463
2501.18492
2501.18493
2501.18532
2501.18632
2501.18642
2501.18738
2501.19086
2501.19321
2501.19337
2501.19407
2502.00015
2502.00055
2502.00070
2502.00136
2502.00313
2502.00322
2502.00385
2502.00414
2502.00561
2502.00718
2502.00763
2502.00808
2502.00903
2502.01042
2502.01203
2502.01208
2502.01267
2502.01340
2502.01349
2502.01364
2502.01406
2502.01477
2502.01679
2502.01683
2502.01719
2502.01777
2502.01925
2502.01926
2502.01930
2502.02072
2502.02153
2502.02289
2502.02384
2502.02444
2502.02451
2502.02565
2502.02696
2502.02703
2502.02903
2502.02957
2502.02958
2502.02960
2502.02966
2502.03220
2502.03323
2502.03420
2502.03429
2502.03461
2502.03512
2502.03576
2502.03579
2502.03826
2502.04040
2502.04218
2502.04259
2502.04314
2502.04419
2502.04426
2502.04488
2502.04528
2502.04564
2502.04602
2502.04757
2502.05066
2502.05206
2502.05223
2502.05242
2502.05291
2502.05331
2502.05435
2502.05517
2502.05649
2502.05673
2502.05772
2502.05849
2502.05961
2502.06004
2502.06006
2502.06009
2502.06094
2502.06105
2502.06124
2502.06193
2502.06207
2502.06215
2502.06251
2502.06279
2502.06298
2502.06390
2502.06453
2502.06487
2502.06559
2502.06655
2502.06688
2502.06872
2502.06876
2502.07017
2502.07058
2502.07068
2502.07072
2502.07254
2502.07328
2502.07346
2502.07455
2502.07459
2502.07617
2502.07637
2502.07677
2502.07732
2502.07747
2502.07763
2502.07771
2502.07790
2502.07794
2502.07870
2502.07957
2502.08045
2502.08073
2502.08142
2502.08177
2502.08249
2502.08266
2502.08301
2502.08312
2502.08319
2502.08353
2502.08395
2502.08489
2502.08515
2502.08587
2502.08599
2502.08636
2502.08640
2502.08779
2502.08806
2502.08914
2502.08933
2502.09004
2502.09053
2502.09082
2502.09101
2502.09204
2502.09242
2502.09319
2502.09387
2502.09457
2502.09532
2502.09598
2502.09621
2502.09636
2502.09637
2502.09642
2502.09670
2502.09683
2502.09814
2502.09927
2502.10361
2502.10373
2502.10391
2502.10407
2502.10434
2502.10441
2502.10550
2502.10554
2502.10577
2502.10636
2502.10642
2502.10660
2502.10844
2502.10921
2502.11008
2502.11026
2502.11031
2502.11049
2502.11073
2502.11086
2502.11090
2502.11095
2502.11098
2502.11137
2502.11163
2502.11175
2502.11184
2502.11242
2502.11246
2502.11266
2502.11349
2502.11355
2502.11367
2502.11371
2502.11411
2502.11429
2502.11454
2502.11459
2502.11546
2502.11555
2502.11559
2502.11603
2502.11611
2502.11651
2502.11689
2502.11718
2502.11733
2502.11753
2502.11861
2502.11883
2502.11903
2502.11995
2502.12057
2502.12102
2502.12119
2502.12189
2502.12225
2502.12378
2502.12411
2502.12446
2502.12454
2502.12466
2502.12476
2502.12485
2502.12501
2502.12510
2502.12520
2502.12521
2502.12552
2502.12562
2502.12563
2502.12566
2502.12611
2502.12659
2502.12788
2502.12813
2502.12829
2502.12838
2502.12858
2502.12874
2502.12884
2502.12886
2502.12895
2502.12896
2502.12932
2502.13004
2502.13012
2502.13120
2502.13137
2502.13178
2502.13221
2502.13246
2502.13259
2502.13278
2502.13319
2502.13379
2502.13458
2502.13497
2502.13548
2502.13595
2502.13603
2502.13632
2502.13640
2502.13691
2502.13759
2502.13766
2502.13775
2502.13908
2502.13921
2502.14052
2502.14127
2502.14133
2502.14143
2502.14182
2502.14191
2502.14204
2502.14219
2502.14272
2502.14275
2502.14296
2502.14297
2502.14301
2502.14315
2502.14359
2502.14385
2502.14394
2502.14400
2502.14456
2502.14476
2502.14507
2502.14581
2502.14592
2502.14642
2502.14708
2502.14786
2502.14864
2502.14865
2502.14881
2502.14888
2502.14896
2502.14898
2502.14906
2502.14911
2502.14914
2502.14975
2502.15005
2502.15094
2502.15109
2502.15145
2502.15242
2502.15361
2502.15487
2502.15568
2502.15600
2502.15620
2502.15799
2502.15812
2502.15821
2502.15851
2502.15859
2502.15861
2502.15871
2502.15939
2502.15972
2502.16051
2502.16174
2502.16242
2502.16263
2502.16280
2502.16357
2502.16383
2502.16395
2502.16491
2502.16534
2502.16600
2502.16602
2502.16691
2502.16699
2502.16761
2502.16766
2502.16841
2502.16889
2502.16902
2502.16971
2502.16987
2502.16989
2502.17086
2502.17091
2502.17173
2502.17284
2502.17390
2502.17424
2502.17516
2502.17538
2502.17541
2502.17601
2502.17611
2502.17710
2502.17730
2502.17775
2502.17807
2502.17814
2502.17921
2502.17945
2502.18018
2502.18060
2502.18099
2502.18101
2502.18138
2502.18249
2502.18282
2502.18434
2502.18468
2502.18505
2502.18513
2502.18576
2502.18583
2502.18635
2502.18682
2502.18695
2502.18770
2502.18836
2502.18862
2502.18874
2502.18935
2502.19064
2502.19098
2502.19104
2502.19158
2502.19160
2502.19463
2502.19537
2502.19582
2502.19612
2502.19721
2502.19730
2502.19749
2502.19771
2502.19822
2502.19949
2502.20073
2502.20104
2502.20170
2502.20231
2502.20354
2502.20375
2502.20432
2502.20459
2502.20490
2502.20502
2502.20503
2502.20578
2502.20684
2502.20689
2502.20757
2502.20864
2502.20897
2502.20898
2502.21017
2502.21092
2502.21123
2502.21220
2503.00020
2503.00069
2503.00093
2503.00128
2503.00151
2503.00168
2503.00231
2503.00330
2503.00333
2503.00355
2503.00417
2503.00444
2503.00489
2503.00596
2503.00610
2503.00771
2503.00841
2503.00907
2503.01030
2503.01233
2503.01332
2503.01369
2503.01493
2503.01513
2503.01532
2503.01539
2503.01550
2503.01560
2503.01623
2503.01742
2503.01863
2503.01872
2503.01894
2503.01902
2503.01914
2503.01923
2503.01947
2503.01986
2503.02016
2503.02038
2503.02067
2503.02080
2503.02082
2503.02157
2503.02250
2503.02298
2503.02334
2503.02365
2503.02574
2503.02589
2503.02776
2503.02776v1
2503.02865
2503.02907
2503.02951
2503.02976
2503.03039
2503.03201
2503.03380
2503.03444
2503.03582
2503.03654
2503.03752
2503.04064
2503.04095
2503.04099
2503.04113
2503.04176
2503.04240
2503.04279
2503.04302
2503.04305
2503.04308
2503.04372
2503.04439
2503.04550
2503.04569
2503.04629
2503.04734
2503.04740
2503.04748
2503.04751
2503.04769
2503.04785
2503.04792
2503.04804
2503.04827
2503.04828
2503.04842
2503.04849
2503.04910
2503.04957
2503.04982
2503.05021
2503.05047
2503.05085
2503.05093
2503.05102
2503.05142
2503.05234
2503.05280
2503.05336
2503.05371
2503.05424
2503.05493
2503.05516
2503.05565
2503.05587
2503.05609
2503.05713
2503.05720
2503.05721
2503.05724
2503.05728
2503.05731
2503.05765
2503.05769
2503.05796
2503.05812
2503.05823
2503.05830
2503.05856
2503.05857
2503.05860
2503.06011
2503.06054
2503.06072
2503.06139
2503.06150
2503.06163
2503.06223
2503.06263
2503.06492
2503.06534
2503.06648
2503.06734
2503.06745
2503.06788
2503.06792
2503.06868
2503.06884
2503.06987
2503.07144
2503.07158
2503.07237
2503.07276
2503.07306
2503.07326
2503.07395
2503.07450
2503.07478
2503.07496
2503.07510
2503.07519
2503.07575
2503.07691
2503.07797
2503.07806
2503.07878
2503.07879
2503.07906
2503.08012
2503.08035
2503.08116
2503.08159
2503.08404
2503.08455
2503.08588
2503.08589
2503.08663
2503.08688
2503.08750
2503.08815
2503.08919
2503.08979
2503.09025
2503.09027
2503.09103
2503.09219
2503.09311
2503.09321
2503.09341
2503.09347
2503.09446
2503.09487
2503.09532
2503.09561
2503.09639
2503.09648
2503.09743
2503.09748
2503.09763
2503.09805
2503.09866
2503.09925
2503.09927
2503.09969
2503.09994
2503.10192
2503.10229
2503.10242
2503.10357
2503.10497
2503.10647
2503.10649
2503.10652
2503.10661
2503.10665
2503.10673
2503.10688
2503.10728
2503.10789
2503.10837
2503.10965
2503.10990
2503.11018
2503.11084
2503.11103
2503.11113
2503.11117
2503.11381
2503.11495
2503.11557
2503.11572
2503.11656
2503.11701
2503.11705
2503.11733
2503.11742
2503.11751
2503.11827
2503.11832
2503.11894
2503.11898
2503.11911
2503.11924
2503.11926
2503.11962
2503.11985
2503.12016
2503.12051
2503.12095
2503.12294
2503.12317
2503.12329
2503.12440
2503.12600
2503.12613
2503.12772
2503.12882
2503.13102
2503.13149
2503.13236
2503.13335
2503.13369
2503.13390
2503.13399
2503.13503
2503.13505
2503.13509
2503.13510
2503.13554
2503.13812
2503.14023
2503.14189
2503.14321
2503.14482
2503.14504
2503.14827
2503.14862
2503.14941
2503.14996
2503.15003
2503.15024
2503.15092
2503.15176
2503.15195
2503.15205
2503.15454
2503.15463
2503.15484
2503.15511
2503.15566
2503.15620
2503.15622
2503.15682
2503.15768
2503.15784
2503.15815
2503.15904
2503.16040
2503.16072
2503.16094
2503.16148
2503.16304
2503.16334
2503.16416
2503.16456
2503.16480
2503.16481
2503.16498
2503.16499
2503.16505
2503.16527
2503.16529
2503.16534
2503.16541
2503.16566
2503.16575
2503.16586
2503.16622
2503.16674
2503.16679
2503.16743
2503.16814
2503.16826
2503.16833
2503.16851
2503.16858
2503.16861
2503.17003
2503.17136
2503.17158
2503.17365
2503.17403
2503.17414
2503.17485
2503.17489
2503.17504
2503.17569
2503.17661
2503.17682
2503.17975
2503.18018
2503.18247
2503.18288
2503.18324
2503.18484
2503.18637
2503.18665
2503.18792
2503.18929
2503.18962
2503.18991
2503.19075
2503.19092
2503.19134
2503.19182
2503.19252
2503.19289
2503.19311
2503.19426
2503.19540
2503.19586
2503.19598
2503.19622
2503.19951
2503.20062
2503.20098
2503.20182
2503.20279
2503.20302
2503.20308
2503.20414
2503.20421
2503.20483
2503.20504
2503.20786
2503.20797
2503.20823
2503.20959
2503.20986
2503.20995
2503.21004
2503.21011
2503.21092
2503.21237
2503.21248
2503.21459
2503.21505
2503.21598
2503.21613
2503.21699
2503.21819
2503.21844
2503.21910
2503.21964
2503.21983
2503.22060
2503.22115
2503.22315
2503.22353
2503.22454
2503.22458
2503.22610
2503.22711
2503.22719
2503.22877
2503.22954
2503.23243
2503.23339
2503.23358
2503.23398
2503.23514
2503.23688
2503.23730
2503.24027
2503.24047
2503.24062
2503.24102
2503.24228
2503.24310
2504.00186
2504.00289
2504.00310
2504.00388
2504.00487
2504.00657
2504.00756
2504.00797
2504.00860
2504.00928
2504.01001
2504.01030
2504.01054
2504.01167
2504.01205
2504.01346
2504.01420
2504.01522
2504.01700
2504.01819
2504.01833
2504.01849
2504.01850
2504.01902
2504.01903
2504.01951
2504.01972
2504.01990
2504.02106
2504.02193
2504.02304
2504.02310
2504.02403
2504.02495
2504.02572
2504.02577
2504.02587
2504.02648
2504.02708
2504.02765
2504.02767
2504.02768
2504.02867
2504.02874
2504.02898
2504.02917
2504.02953
2504.02963
2504.02973
2504.03029
2504.03219
2504.03352
2504.03360
2504.03520
2504.03612
2504.03716
2504.03726
2504.03735
2504.03770
2504.03803
2504.03814
2504.03846
2504.03906
2504.04141
2504.04155
2504.04199
2504.04238
2504.04372
2504.04377
2504.04462
2504.04494
2504.04569
2504.04678
2504.04717
2504.04865
2504.04907
2504.04918
2504.04976
2504.04994
2504.05019
2504.05154
2504.05228
2504.05229
2504.05278
2504.05294
2504.05325
2504.05500
2504.05632
2504.05831
2504.05923
2504.05925
2504.05995
2504.06136
2504.06148
2504.06160
2504.06227
2504.06277
2504.06303
2504.06313
2504.06324
2504.06436
2504.06460
2504.06470
2504.06549
2504.06637
2504.06667
2504.06669
2504.07070
2504.07072
2504.07099
2504.07100
2504.07108
2504.07113
2504.07118
2504.07128
2504.07149
2504.07385
2504.07400
2504.07516
2504.07531
2504.07583
2504.07744
2504.07749
2504.07787
2504.07801
2504.07830
2504.07887
2504.07971
2504.07982
2504.07997
2504.08260
2504.08609
2504.08640
2504.08742
2504.08757
2504.08764
2504.08820
2504.08848
2504.08863
2504.08952
2504.08954
2504.08999
2504.09059
2504.09227
2504.09277
2504.09346
2504.09420
2504.09555
2504.09861
2504.09895
2504.09946
2504.09979
2504.10112
2504.10157
2504.10158
2504.10191
2504.10277
2504.10356
2504.10359
2504.10514
2504.10663
2504.10792
2504.10797
2504.10823
2504.10852
2504.10885
2504.10886
2504.11042
2504.11104
2504.11169
2504.11183
2504.11186
2504.11431
2504.11473
2504.11671
2504.11673
2504.11707
2504.11829
2504.11833
2504.11934
2504.11967
2504.12082
2504.12090
2504.12185
2504.12314
2504.12317
2504.12323
2504.12327
2504.12333
2504.12344
2504.12357
2504.12476
2504.12501
2504.12529
2504.12553
2504.12558
2504.12562
2504.12663
2504.12722
2504.12723
2504.12767
2504.12898
2504.12911
2504.13038
2504.13085
2504.13217
2504.13359
2504.13367
2504.13416
2504.13444
2504.13486
2504.13557
2504.13650
2504.13677
2504.13745
2504.13839
2504.13871
2504.13887
2504.13896
2504.13947
2504.13955
2504.13972
2504.14105
2504.14120
2504.14125
2504.14150
2504.14212
2504.14225
2504.14287
2504.14290
2504.14325
2504.14359
2504.14446
2504.14492
2504.14522
2504.14526
2504.14619
2504.14620
2504.14657
2504.14690
2504.14707
2504.14716
2504.14772
2504.14804
2504.14891
2504.14985
2504.14988
2504.15047
2504.15125
2504.15132
2504.15144
2504.15181
2504.15211
2504.15241
2504.15253
2504.15392
2504.15439
2504.15469
2504.15485
2504.15521
2504.15527
2504.15548
2504.15585
2504.15784
2504.15801
2504.15815
2504.15941
2504.16104
2504.16116
2504.16120
2504.16136
2504.16139
2504.16148
2504.16188
2504.16204
2504.16273
2504.16283
2504.16304
2504.16449
2504.16604
2504.16770
2504.16778
2504.16921
2504.16936
2504.16974
2504.17052
2504.17075
2504.17087
2504.17091
2504.17181
2504.17279
2504.17311
2504.17375
2504.17544
2504.17704
2504.17720
2504.17821
2504.17860
2504.17902
2504.17993
2504.18012
2504.18044
2504.18053
2504.18256
2504.18310
2504.18346
2504.18353
2504.18412
2504.18413
2504.18560
2504.18572
2504.18673
2504.18759
2504.18807
2504.18838
2504.18904
2504.19005
2504.19037
2504.19076
2504.19255
2504.19333
2504.19445
2504.19467
2504.19472
2504.19674
2504.19703
2504.19759
2504.19940
2504.20022
2504.20032
2504.20049
2504.20069
2504.20084
2504.20086
2504.20119
2504.20500
2504.20605
2504.20626
2504.20907
2504.20966
2504.21027
2504.21042
2504.21299
2504.21330
2504.21400
2504.21625
2504.21751
2504.21815
2505.00049
2505.00153
2505.00204
2505.00409
2505.00467
2505.00502
2505.00506
2505.00681
2505.00744
2505.00821
2505.00830
2505.00841
2505.00853
2505.00965
2505.00981
2505.01015
2505.01065
2505.01070
2505.01096
2505.01150
2505.01162
2505.01198
2505.01325
2505.01430
2505.01450
2505.01563
2505.01696
2505.01761
2505.01851
2505.01967
2505.02009
2505.02064
2505.02118
2505.02133
2505.02151
2505.02252
2505.02352
2505.02456
2505.02519
2505.02527
2505.02542
2505.02567
2505.02609
2505.02666
2505.02686
2505.02735
2505.03020
2505.03053
2505.03153
2505.03163
2505.03336
2505.03427
2505.03475
2505.03501
2505.03513
2505.03563
2505.03593
2505.03675
2505.03697
2505.03821
2505.03829
2505.03859
2505.03989
2505.04038
2505.04171
2505.04291
2505.04388
2505.04393
2505.04528
2505.04531
2505.04600
2505.04640
2505.04654
2505.04680
2505.04741
2505.04784
2505.04847
2505.04851
2505.05026
2505.05283
2505.05406
2505.05541
2505.05577
2505.05619
2505.05646
2505.05660
2505.05786
2505.06149
2505.06262
2505.06356
2505.06538
2505.06591
2505.06594
2505.06831
2505.06843
2505.06880
2505.07041
2505.07078
2505.07205
2505.07247
2505.07495
2505.07610
2505.07611
2505.07775
2505.07850
2505.07870
2505.07877
2505.08064
2505.08083
2505.08127
2505.08138
2505.08143
2505.08245
2505.08468
2505.08546
2505.08762
2505.08792
2505.08903
2505.09027
2505.09056
2505.09065
2505.09246
2505.09289
2505.09503
2505.09539
2505.09576
2505.09595
2505.09598
2505.09655
2505.09694
2505.09698
2505.09868
2505.09902
2505.09974
2505.10013
2505.10282
2505.10300
2505.10472
2505.10483
2505.10496
2505.10527
2505.10573
2505.10579
2505.10588
2505.10596
2505.10603
2505.10604
2505.10640
2505.10643
2505.10670
2505.10823
2505.10839
2505.11031
2505.11049
2505.11060
2505.11180
2505.11189
2505.11239
2505.11289
2505.11365
2505.11380
2505.11405
2505.11413
2505.11454
2505.11556
2505.11568
2505.11572
2505.11574
2505.11651
2505.11740
2505.11795
2505.11835
2505.11842
2505.11861
2505.11924
2505.11958
2505.12028
2505.12054
2505.12058
2505.12089
2505.12100
2505.12114
2505.12116
2505.12158
2505.12181
2505.12183
2505.12185
2505.12201
2505.12207
2505.12349
2505.12366
2505.12381
2505.12620
2505.12625
2505.12718
2505.12727
2505.12767
2505.12795
2505.12808
2505.12832
2505.12864
2505.12925
2505.13010
2505.13147
2505.13195
2505.13220
2505.13251
2505.13257
2505.13273
2505.13302
2505.13353
2505.13354
2505.13487
2505.13488
2505.13498
2505.13511
2505.13531
2505.13557
2505.13565
2505.13577
2505.13697
2505.13770
2505.13862
2505.13995
2505.14015
2505.14029
2505.14035
2505.14080
2505.14160
2505.14195
2505.14197
2505.14215
2505.14272
2505.14286
2505.14321
2505.14361
2505.14377
2505.14424
2505.14435
2505.14449
2505.14462
2505.14469
2505.14536
2505.14549
2505.14607
2505.14615
2505.14617
2505.14643
2505.14707
2505.14728
2505.14729
2505.14758
2505.14810
2505.14887
2505.14946
2505.14971
2505.14972
2505.14990
2505.15054
2505.15065
2505.15101
2505.15108
2505.15229
2505.15249
2505.15297
2505.15365
2505.15389
2505.15392
2505.15427
2505.15435
2505.15469
2505.15472
2505.15475
2505.15524
2505.15553
2505.15556
2505.15628
2505.15710
2505.15727
2505.15788
2505.15857
2505.15916
2505.15957
2505.16003
2505.16036
2505.16081
2505.16104
2505.16128
2505.16160
2505.16180
2505.16188
2505.16211
2505.16222
2505.16234
2505.16241
2505.16408
2505.16467
2505.16512
2505.16522
2505.16566
2505.16643
2505.16661
2505.16722
2505.16789
2505.16847
2505.16850
2505.16869
2505.16888
2505.16928
2505.16941
2505.16968
2505.17045
2505.17047
2505.17049
2505.17053
2505.17065
2505.17089
2505.17090
2505.17093
2505.17100
2505.17112
2505.17119
2505.17131
2505.17144
2505.17217
2505.17222
2505.17244
2505.17267
2505.17280
2505.17345
2505.17352
2505.17374
2505.17407
2505.17423
2505.17425
2505.17441
2505.17461
2505.17473
2505.17479
2505.17507
2505.17511
2505.17513
2505.17536
2505.17560
2505.17568
2505.17636
2505.17642
2505.17652
2505.17671
2505.17691
2505.17712
2505.17735
2505.17736
2505.17760
2505.17870
2505.17895
2505.17897
2505.17902
2505.17937
2505.17978
2505.18139
2505.18152
2505.18154
2505.18182
2505.18207
2505.18246
2505.18322
2505.18351
2505.18383
2505.18464
2505.18466
2505.18523
2505.18545
2505.18562
2505.18596
2505.18601
2505.18658
2505.18722
2505.18779
2505.18893
2505.18915
2505.18927
2505.18931
2505.18942
2505.18953
2505.19010
2505.19108
2505.19121
2505.19176
2505.19191
2505.19236
2505.19240
2505.19253
2505.19327
2505.19356
2505.19358
2505.19387
2505.19392
2505.19398
2505.19402
2505.19457
2505.19473
2505.19484
2505.19502
2505.19558
2505.19562
2505.19598
2505.19604
2505.19616
2505.19621
2505.19624
2505.19674
2505.19690
2505.19757
2505.19766
2505.19773
2505.19776
2505.19933
2505.19978
2505.20016
2505.20033
2505.20065
2505.20075
2505.20122
2505.20264
2505.20272
2505.20291
2505.20292
2505.20305
2505.20309
2505.20310
2505.20312
2505.20313
2505.20315
2505.20323
2505.20326
2505.20343
2505.20347
2505.20362
2505.20500
2505.20512
2505.20564
2505.20624
2505.20645
2505.20654
2505.20665
2505.20692
2505.20707
2505.20738
2505.20824
2505.20826
2505.20875
2505.20901
2505.20937
2505.20977
2505.21074
2505.21089
2505.21091
2505.21106
2505.21112
2505.21116
2505.21184
2505.21230
2505.21315
2505.21333
2505.21344
2505.21347
2505.21362
2505.21363
2505.21372
2505.21378
2505.21397
2505.21451
2505.21548
2505.21556
2505.21562
2505.21584
2505.21589
2505.21693
2505.21700
2505.21710
2505.21753
2505.21819
2505.21979
2505.21999
2505.22114
2505.22137
2505.22156
2505.22240
2505.22251
2505.22298
2505.22327
2505.22354
2505.22645
2505.22654
2505.22695
2505.22777
2505.22793
2505.22830
2505.22897
2505.22910
2505.22959
2505.23009
2505.23020
2505.23166
2505.23231
2505.23349
2505.23474
2505.23570
2505.23601
2505.23630
2505.23749
2505.23793
2505.23798
2505.23802
2505.23820
2505.23829
2505.23836
2505.23840
2505.23914
2505.23945
2505.23982
2505.23996
2505.24023
2505.24119
2505.24195
2505.24214
2505.24217
2505.24246
2505.24262
2505.24341
2505.24369
2505.24423
2505.24427
2505.24445
2505.24479
2505.24538
2505.24539
2505.24616
2505.24646
2505.24650
2505.24655
2505.24671
2505.24672
2505.24689
2505.24712
2505.24842
2505.24859
2506.00068
2506.00074
2506.00079
2506.00134
2506.00137
2506.00175
2506.00242
2506.00250
2506.00253
2506.00256
2506.00312
2506.00314
2506.00319
2506.00415
2506.00430
2506.00481
2506.00482
2506.00500
2506.00549
2506.00569
2506.00582
2506.00612
2506.00618
2506.00628
2506.00641
2506.00643
2506.00723
2506.00748
2506.00751
2506.00765
2506.00784
2506.00814
2506.00853
2506.00928
2506.00964
2506.01080
2506.01190
2506.01205
2506.01252
2506.01257
2506.01262
2506.01293
2506.01331
2506.01332
2506.01341
2506.01386
2506.01484
2506.01495
2506.01565
2506.01646
2506.01662
2506.01668
2506.01692
2506.01709
2506.01789
2506.01790
2506.01814
2506.01819
2506.01839
2506.01998
2506.02019
2506.02078
2506.02172
2506.02175
2506.02280
2506.02321
2506.02326
2506.02350
2506.02370
2506.02372
2506.02425
2506.02431
2506.02443
2506.02447
2506.02510
2506.02533
2506.02546
2506.02573
2506.02591
2506.02592
2506.02659
2506.02761
2506.02894
2506.02992
2506.02998
2506.03009
2506.03024
2506.03051
2506.03053
2506.03101
2506.03139
2506.03198
2506.03214
2506.03231
2506.03234
2506.03278
2506.03283
2506.03332
2506.03360
2506.03371
2506.03399
2506.03484
2506.03619
2506.03659
2506.03665
2506.03785
2506.03867
2506.03913
2506.03916
2506.03923
2506.03949
2506.03984
2506.03993
2506.04043
2506.04250
2506.04253
2506.04419
2506.04482
2506.04516
2506.04574
2506.04679
2506.04704
2506.04734
2506.04772
2506.04774
2506.04975
2506.05062
2506.05104
2506.05108
2506.05146
2506.05166
2506.05260
2506.05339
2506.05368
2506.05376
2506.05388
2506.05389
2506.05390
2506.05440
2506.05451
2506.05610
2506.05619
2506.05670
2506.05748
2506.05828
2506.05850
2506.05967
2506.06057
2506.06071
2506.06113
2506.06166
2506.06211
2506.06218
2506.06238
2506.06243
2506.06273
2506.06277
2506.06298
2506.06315
2506.06331
2506.06340
2506.06366
2506.06404
2506.06506
2506.06539
2506.06751
2506.06813
2506.06816
2506.06888
2506.06955
2506.06958
2506.06987
2506.06991
2506.07032
2506.07116
2506.07180
2506.07249
2506.07273
2506.07282
2506.07326
2506.07334
2506.07443
2506.07468
2506.07479
2506.07506
2506.07667
2506.07672
2506.07736
2506.07748
2506.07888
2506.07891
2506.07960
2506.07962
2506.08071
2506.08120
2506.08227
2506.08231
2506.08266
2506.08300
2506.08359
2506.08477
2506.08486
2506.08487
2506.08488
2506.08584
2506.08593
2506.08626
2506.08738
2506.08800
2506.08835
2506.08846
2506.08952
2506.09109
2506.09172
2506.09277
2506.09375
2506.09390
2506.09424
2506.09550
2506.09558
2506.09627
2506.09630
2506.09632
2506.09656
2506.09677
2506.09827
2506.09987
2506.09996
2506.10016
2506.10019
2506.10047
2506.10054
2506.10095
2506.10178
2506.10192
2506.10217
2506.10245
2506.10297
2506.10301
2506.10346
2506.10403
2506.10421
2506.10491
2506.10703
2506.10769
2506.10789
2506.10922
2506.10927
2506.10954
2506.10963
2506.11025
2506.11068
2506.11094
2506.11102
2506.11110
2506.11111
2506.11112
2506.11244
2506.11255
2506.11343
2506.11361
2506.11393
2506.11415
2506.11613
2506.11618
2506.11627
2506.11798
2506.11820
2506.11825
2506.11844
2506.11880
2506.11919
2506.12078
2506.12098
2506.12099
2506.12148
2506.12189
2506.12227
2506.12285
2506.12327
2506.12336
2506.12349
2506.12350
2506.12382
2506.12409
2506.12430
2506.12433
2506.12502
2506.12527
2506.12552
2506.12574
2506.12617
2506.12657
2506.12744
2506.12758
2506.12808
2506.12958
2506.12963
2506.12978
2506.13023
2506.13104
2506.13245
2506.13298
2506.13470
2506.13510
2506.13513
2506.13639
2506.13774
2506.13792
2506.13793
2506.13831
2506.13901
2506.13932
2506.13990
2506.14018
2506.14040
2506.14092
2506.14161
2506.14166
2506.14271
2506.14400
2506.14418
2506.14629
2506.14645
2506.14796
2506.14799
2506.14900
2506.14903
2506.14948
2506.14997
2506.15215
2506.15239
2506.15304
2506.15339
2506.15355
2506.15525
2506.15568
2506.15676
2506.15735
2506.15846
2506.15866
2506.15925
2506.16052
2506.16187
2506.16190
2506.16234
2506.16322
2506.16419
2506.16507
2506.16528
2506.16558
2506.16575
2506.16584
2506.16679
2506.16697
2506.16702
2506.16724
2506.16782
2506.16894
2506.16898
2506.17055
2506.17073
2506.17095
2506.17111
2506.17163
2506.17185
2506.17289
2506.17367
2506.17370
2506.17372
2506.17435
2506.17467
2506.17490
2506.17525
2506.17587
2506.17789
2506.17834
2506.17863
2506.18045
2506.18116
2506.18133
2506.18156
2506.18213
2506.18327
2506.18428
2506.18501
2506.18538
2506.18576
2506.18598
2506.18668
2506.18691
2506.18706
2506.18710
2506.18732
2506.18880
2506.18985
2506.19028
2506.19054
2506.19073
2506.19079
2506.19082
2506.19089
2506.19113
2506.19257
2506.19382
2506.19468
2506.19644
2506.19780
2506.19823
2506.19831
2506.20020
2506.20209
2506.20274
2506.20535
2506.20666
2506.20822
2506.20879
2506.20949
2506.20960
2506.20966
2506.21053
2506.21085
2506.21252
2506.21355
2506.21463
2506.21512
2506.21532
2506.21558
2506.21561
2506.21574
2506.21578
2506.21587
2506.21591
2506.21603
2506.21613
2506.21620
2506.21623
2506.21745
2506.21881
2506.21961
2506.21974
2506.22232
2506.22270
2506.22316
2506.22372
2506.22481
2506.22493
2506.22523
2506.22740
2506.22777
2506.22789
2506.22808
2506.22853
2506.22941
2506.22956
2506.22957
2506.22968
2506.23055
2506.23101
2506.23107
2506.23111
2506.23122
2506.23123
2506.23298
2506.23377
2506.23411
2506.23610
2506.23694
2506.23706
2506.23735
2506.23765
2506.23774
2506.23864
2506.23930
2506.23952
2507.00088
2507.00103
2507.00216
2507.00239
2507.00439
2507.00543
2507.00657
2507.00665
2507.00700
2507.00718
2507.00769
2507.00814
2507.00883
2507.00985
2507.00999
2507.01001
2507.01019
2507.01022
2507.01050
2507.01051
2507.01080
2507.01121
2507.01297
2507.01304
2507.01352
2507.01368
2507.01418
2507.01483
2507.01702
2507.01715
2507.01719
2507.01923
2507.01955
2507.02000
2507.02074
2507.02087
2507.02088
2507.02122
2507.02139
2507.02152
2507.02186
2507.02197
2507.02407
2507.02506
2507.02533
2507.02595
2507.02679
2507.02799
2507.02883
2507.02919
2507.02950
2507.02954
2507.02966
2507.02983
2507.02990
2507.03015
2507.03142
2507.03162
2507.03165
2507.03194
2507.03255
2507.03373
2507.03378
2507.03483
2507.03585
2507.03608
2507.03662
2507.03707
2507.03772
2507.03933
2507.04014
2507.04136
2507.04224
2507.04289
2507.04294
2507.04306
2507.04329
2507.04415
2507.04454
2507.04465
2507.04491
2507.04534
2507.04555
2507.04605
2507.04641
2507.04793
2507.05144
2507.05197
2507.05220
2507.05246
2507.05301
2507.05386
2507.05418
2507.05424
2507.05455
2507.05538
2507.05578
2507.05587
2507.05636
2507.05660
2507.05686
2507.05713
2507.05716
2507.05816
2507.05823
2507.05885
2507.05980
2507.06014
2507.06137
2507.06141
2507.06156
2507.06277
2507.06419
2507.06434
2507.06565
2507.06908
2507.06909
2507.06948
2507.06974
2507.07026
2507.07046
2507.07137
2507.07155
2507.07186
2507.07188
2507.07216
2507.07229
2507.07248
2507.07274
2507.07297
2507.07539
2507.07543
2507.07709
2507.07722
2507.07735
2507.07748
2507.07781
2507.07787
2507.07799
2507.07881
2507.08019
2507.08027
2507.08029
2507.08384
2507.08392
2507.08513
2507.08804
2507.08881
2507.08898
2507.08916
2507.08979
2507.08983
2507.09037
2507.09060
2507.09233
2507.09424
2507.09650
2507.09701
2507.09709
2507.09797
2507.09820
2507.10016
2507.10073
2507.10124
2507.10177
2507.10216
2507.10300
2507.10535
2507.10599
2507.10755
2507.10852
2507.10854
2507.10859
2507.10906
2507.10933
2507.10958
2507.11049
2507.11155
2507.11210
2507.11216
2507.11292
2507.11316
2507.11344
2507.11502
2507.11508
2507.11546
2507.11548
2507.11552
2507.11582
2507.11625
2507.11810
2507.11821
2507.11939
2507.11979
2507.12059
2507.12143
2507.12212
2507.12283
2507.12341
2507.12372
2507.12580
2507.12705
2507.12724
2507.12832
2507.12838
2507.13138
2507.13175
2507.13255
2507.13275
2507.13369
2507.13383
2507.13390
2507.13403
2507.13474
2507.13490
2507.13541
2507.13575
2507.13743
2507.13761
2507.13820
2507.13913
2507.14137
2507.14221
2507.14238
2507.14242
2507.14418
2507.14575
2507.14615
2507.14632
2507.14681
2507.14688
2507.14719
2507.14741
2507.14770
2507.14824
2507.14900
2507.14922
2507.15015
2507.15085
2507.15092
2507.15100
2507.15112
2507.15142
2507.15255
2507.15328
2507.15339
2507.15501
2507.15557
2507.15585
2507.15663
2507.15771
2507.15850
2507.15862
2507.15901
2507.15981
2507.16013
2507.16033
2507.16076
2507.16130
2507.16199
2507.16322
2507.16403
2507.16410
2507.16442
2507.16557
2507.16559
2507.16679
2507.16708
2507.16795
2507.16856
2507.16962
2507.16989
2507.17216
2507.17472
2507.17578
2507.17636
2507.17747
2507.17922
2507.17944
2507.18043
2507.18061
2507.18143
2507.18182
2507.18338
2507.18348
2507.18447
2507.18552
2507.18576
2507.18639
2507.18675
2507.18726
2507.18918
2507.19024
2507.19027
2507.19156
2507.19195
2507.19218
2507.19219
2507.19362
2507.19470
2507.19500
2507.19586
2507.19666
2507.19672
2507.19673
2507.19699
2507.19743
2507.19877
2507.19885
2507.19962
2507.19995
2507.20066
2507.20174
2507.20187
2507.20208
2507.20264
2507.20439
2507.20503
2507.20614
2507.20700
2507.20796
2507.20858
2507.20936
2507.20973
2507.20977
2507.21033
2507.21077
2507.21083
2507.21089
2507.21090
2507.21091
2507.21132
2507.21134
2507.21170
2507.21176
2507.21183
2507.21291
2507.21319
2507.21447
2507.21503
2507.21504
2507.21568
2507.21583
2507.21773
2507.21782
2507.21817
2507.21820
2507.21919
2507.21929
2507.21969
2507.22092
2507.22100
2507.22168
2507.22244
2507.22359
2507.22393
2507.22445
2507.22564
2507.22603
2507.22623
2507.22752
2507.22758
2507.22924
2507.22927
2507.22939
2507.23009
2507.23067
2507.23113
2507.23247
2507.23295
2507.23382
2507.23453
2508.00032
2508.00081
2508.00138
2508.00143
2508.00238
2508.00445
2508.00454
2508.00649
2508.00673
2508.00718
2508.00726
2508.00737
2508.00742
2508.00788
2508.00856
2508.00873
2508.00908
2508.00923
2508.01091
2508.01097
2508.01151
2508.01181
2508.01285
2508.01412
2508.01432
2508.01486
2508.01491
2508.01545
2508.01608
2508.01630
2508.01674
2508.01691
2508.01693
2508.01708
2508.01780
2508.01781
2508.01926
2508.02020
2508.02074
2508.02079
2508.02087
2508.02094
2508.02241
2508.02271
2508.02360
2508.02430
2508.02645
2508.02731
2508.02740
2508.02765
2508.02766
2508.02853
2508.02926
2508.02937
2508.02994
2508.02998
2508.03079
2508.03085
2508.03199
2508.03247
2508.03292
2508.03306
2508.03483
2508.03497
2508.03651
2508.03663
2508.03677
2508.03710
2508.03712
2508.03732
2508.03860
2508.03970
2508.04017
2508.04059
2508.04080
2508.04143
2508.04183
2508.04199
2508.04206
2508.04325
2508.04423
2508.04427
2508.04504
2508.04511
2508.04512
2508.04638
2508.04650
2508.04796
2508.04826
2508.04902
2508.04913
2508.04939
2508.05102
2508.05132
2508.05281
2508.05344
2508.05360
2508.05398
2508.05427
2508.05429
2508.05432
2508.05452
2508.05464
2508.05468
2508.05469
2508.05470
2508.05474
2508.05502
2508.05512
2508.05525
2508.05527
2508.05553
2508.05670
2508.05674
2508.05680
2508.05687
2508.05775
2508.05792
2508.05913
2508.05929
2508.05938
2508.06046
2508.06057
2508.06111
2508.06124
2508.06142
2508.06155
2508.06204
2508.06296
2508.06361
2508.06426
2508.06435
2508.06443
2508.06552
2508.06649
2508.06671
2508.06709
2508.06963
2508.07063
2508.07090
2508.07111
2508.07132
2508.07143
2508.07173
2508.07179
2508.07284
2508.07295
2508.07308
2508.07414
2508.07426
2508.07432
2508.07516
2508.07658
2508.07671
2508.07753
2508.07805
2508.07872
2508.07902
2508.07944
2508.07959
2508.07989
2508.08143
2508.08163
2508.08193
2508.08262
2508.08274
2508.08277
2508.08285
2508.08287
2508.08304
2508.08509
2508.08684
2508.08719
2508.08777
2508.08789
2508.08795
2508.08837
2508.08846
2508.08855
2508.08879
2508.08926
2508.09016
2508.09019
2508.09036
2508.09042
2508.09087
2508.09101
2508.09293
2508.09297
2508.09450
2508.09463
2508.09651
2508.09662
2508.09759
2508.09809
2508.09818
2508.09911
2508.09937
2508.09977
2508.09993
2508.09999
2508.10014
2508.10015
2508.10023
2508.10028
2508.10071
2508.10108
2508.10161
2508.10186
2508.10226
2508.10256
2508.10272
2508.10304
2508.10429
2508.10541
2508.10906
2508.10925
2508.10947
2508.10956
2508.10971
2508.11009
2508.11061
2508.11163
2508.11192
2508.11258
2508.11262
2508.11278
2508.11281
2508.11285
2508.11290
2508.11416
2508.11434
2508.11534
2508.11669
2508.11716
2508.11744
2508.11779
2508.11808
2508.11810
2508.11829
2508.11873
2508.11958
2508.12022
2508.12026
2508.12045
2508.12096
2508.12190
2508.12243
2508.12411
2508.12412
2508.12438
2508.12459
2508.12498
2508.12504
2508.12535
2508.12662
2508.12733
2508.12803
2508.13124
2508.13157
2508.13169
2508.13187
2508.13426
2508.13603
2508.13634
2508.13655
2508.13680
2508.13743
2508.13804
2508.13816
2508.13968
2508.13984
2508.13992
2508.14051
2508.14146
2508.14311
2508.14405
2508.14576
2508.14683
2508.14735
2508.14779
2508.14913
2508.14918
2508.14933
2508.14954
2508.15239
2508.15250
2508.15291
2508.15361
2508.15370
2508.15374
2508.15526
2508.15793
2508.15797
2508.15798
2508.15810
2508.15815
2508.15830
2508.15831
2508.15846
2508.15855
2508.15858
2508.15875
2508.16013
2508.16025
2508.16040
2508.16065
2508.16139
2508.16198
2508.16213
2508.16260
2508.16377
2508.16402
2508.16431
2508.16439
2508.16555
2508.16576
2508.16603
2508.16607
2508.16628
2508.16647
2508.16672
2508.16673
2508.16701
2508.16748
2508.16752
2508.16753
2508.16762
2508.16783
2508.16846
2508.16982
2508.17057
2508.17104
2508.17162
2508.17164
2508.17180
2508.17184
2508.17329
2508.17378
2508.17450
2508.17465
2508.17511
2508.17527
2508.17568
2508.17610
2508.17627
2508.17644
2508.17674
2508.17735
2508.17750
2508.17753
2508.17807
2508.17825
2508.17855
2508.17906
2508.17948
2508.18076
2508.18088
2508.18129
2508.18240
2508.18245
2508.18288
2508.18321
2508.18407
2508.18466
2508.18467
2508.18600
2508.18646
2508.18724
2508.18765
2508.18880
2508.18886
2508.19004
2508.19008
2508.19012
2508.19097
2508.19202
2508.19256
2508.19259
2508.19269
2508.19298
2508.19316
2508.19463
2508.19492
2508.19493
2508.19567
2508.19659
2508.19721
2508.19764
2508.19883
2508.19919
2508.20015
2508.20186
2508.20201
2508.20262
2508.20301
2508.20325
2508.20333
2508.20399
2508.20401
2508.20408
2508.20511
2508.20583
2508.20655
2508.20670
2508.20674
2508.20701
2508.20750
2508.20765
2508.20783
2508.20881
2508.20918
2508.21083
2508.21084
2508.21164
2508.21193
2508.21354
2508.21376
2508.21382
2508.21422
2508.21448
2508.21496
2508.21512
2508.21648
2508.21675
2508.21704
2508.21740
2508.21777
2508.21788
2509.00051
2509.00109
2509.00115
2509.00398
2509.00462
2509.00496
2509.00529
2509.00544
2509.00559
2509.00673
2509.00799
2509.00813
2509.00849
2509.00946
2509.00963
2509.01035
2509.01185
2509.01209
2509.01213
2509.01301
2509.01350
2509.01379
2509.01418
2509.01444
2509.01494
2509.01552
2509.01612
2509.01909
2509.01938
2509.02007
2509.02133
2509.02266
2509.02297
2509.02305
2509.02398
2509.02464
2509.02547
2509.02550
2509.02605
2509.02611
2509.02655
2509.02774
2509.02834
2509.02926
2509.02949
2509.03010
2509.03071
2509.03113
2509.03116
2509.03329
2509.03419
2509.03493
2509.03647
2509.03672
2509.03728
2509.03787
2509.03805
2509.03827
2509.03857
2509.03871
2509.03903
2509.04239
2509.04295
2509.04373
2509.04403
2509.04404
2509.04419
2509.04432
2509.04456
2509.04474
2509.04484
2509.04498
2509.04499
2509.04500
2509.04504
2509.04505
2509.04515
2509.04516
2509.04721
2509.04744
2509.04781
2509.04794
2509.05219
2509.05230
2509.05331
2509.05367
2509.05381
2509.05396
2509.05425
2509.05486
2509.05592
2509.05668
2509.05829
2509.05830
2509.05852
2509.05882
2509.06065
2509.06100
2509.06164
2509.06195
2509.06224
2509.06307
2509.06337
2509.06467
2509.06535
2509.06580
2509.06704
2509.06781
2509.06838
2509.06858
2509.06861
2509.07006
2509.07050
2509.07054
2509.07135
2509.07139
2509.07188
2509.07190
2509.07274
2509.07315
2509.07362
2509.07450
2509.07462
2509.07526
2509.07596
2509.07642
2509.07711
2509.07768
2509.07789
2509.07889
2509.07908
2509.07946
2509.07955
2509.07961
2509.07968
2509.08000
2509.08004
2509.08010
2509.08075
2509.08146
2509.08199
2509.08217
2509.08306
2509.08484
2509.08486
2509.08514
2509.08604
2509.08653
2509.08777
2509.08803
2509.08824
2509.08825
2509.08829
2509.08833
2509.08853
2509.08912
2509.08950
2509.08960
2509.08997
2509.09014
2509.09151
2509.09192
2509.09229
2509.09254
2509.09321
2509.09583
2509.09614
2509.09681
2509.09702
2509.09704
2509.09708
2509.09711
2509.09735
2509.09871
2509.09912
2509.10059
2509.10073
2509.10078
2509.10104
2509.10127
2509.10248
2509.10250
2509.10297
2509.10331
2509.10637
2509.10655
2509.10685
2509.10707
2509.10780
2509.10782
2509.10809
2509.10830
2509.10886
2509.10957
2509.10970
2509.10980
2509.11026
2509.11136
2509.11151
2509.11311
2509.11353
2509.11362
2509.11365
2509.11487
2509.11570
2509.11619
2509.11620
2509.11648
2509.11803
2509.11941
2509.11967
2509.12024
2509.12060
2509.12104
2509.12171
2509.12371
2509.12382
2509.12415
2509.12440
2509.12517
2509.12649
2509.12652
2509.12672
2509.12678
2509.12936
2509.13148
2509.13160
2509.13324
2509.13332
2509.13356
2509.13399
2509.13400
2509.13450
2509.13480
2509.13496
2509.13514
2509.13569
2509.13588
2509.13608
2509.13624
2509.13648
2509.13651
2509.13671
2509.13679
2509.13803
2509.13835
2509.13854
2509.13869
2509.13896
2509.13930
2509.13939
2509.13978
2509.14189
2509.14221
2509.14233
2509.14279
2509.14434
2509.14438
2509.14448
2509.14469
2509.14477
2509.14504
2509.14546
2509.14571
2509.14622
2509.14647
2509.14712
2509.14760
2509.14769
2509.14922
2509.14979
2509.15027
2509.15090
2509.15098
2509.15107
2509.15122
2509.15174
2509.15181
2509.15206
2509.15216
2509.15260
2509.15273
2509.15335
2509.15366
2509.15397
2509.15587
2509.15596
2509.15662
2509.15695
2509.15723
2509.15739
2509.15759
2509.15796
2509.15803
2509.16141
2509.16158
2509.16188
2509.16264
2509.16286
2509.16332
2509.16400
2509.16444
2509.16449
2509.16462
2509.16475
2509.16495
2509.16517
2509.16530
2509.16533
2509.16564
2509.16656
2509.16660
2509.16666
2509.16742
2509.16765
2509.16781
2509.16805
2509.17091
2509.17317
2509.17399
2509.17411
2509.17449
2509.17669
2509.17701
2509.17807
2509.17938
2509.17999
2509.18004
2509.18052
2509.18177
2509.18196
2509.18293
2509.18353
2509.18394
2509.18446
2509.18458
2509.18562
2509.18632
2509.18638
2509.18658
2509.18776
2509.18836
2509.18846
2509.18868
2509.18880
2509.18965
2509.19088
2509.19143
2509.19163
2509.19212
2509.19265
2509.19274
2509.19314
2509.19333
2509.19364
2509.19517
2509.19524
2509.19580
2509.19590
2509.19618
2509.19659
2509.19880
2509.19884
2509.19890
2509.19928
2509.20045
2509.20057
2509.20097
2509.20146
2509.20168
2509.20209
2509.20278
2509.20287
2509.20293
2509.20315
2509.20680
2509.20866
2509.21075
2509.21080
2509.21104
2509.21108
2509.21125
2509.21257
2509.21262
2509.21282
2509.21294
2509.21305
2509.21443
2509.21456
2509.21465
2509.21466
2509.21528
2509.21548
2509.21782
2509.21787
2509.21798
2509.21882
2509.21891
2509.21946
2509.21947
2509.21950
2509.21972
2509.21979
2509.21984
2509.22047
2509.22061
2509.22064
2509.22067
2509.22123
2509.22228
2509.22291
2509.22292
2509.22356
2509.22360
2509.22367
2509.22391
2509.22443
2509.22461
2509.22472
2509.22486
2509.22516
2509.22524
2509.22560
2509.22565
2509.22589
2509.22651
2509.22699
2509.22703
2509.22711
2509.22739
2509.22856
2509.22858
2509.22907
2509.22957
2509.22983
2509.22991
2509.23023
2509.23050
2509.23055
2509.23067
2509.23286
2509.23311
2509.23381
2509.23434
2509.23441
2509.23482
2509.23488
2509.23499
2509.23564
2509.23627
2509.23639
2509.23659
2509.23673
2509.23698
2509.23735
2509.23781
2509.23782
2509.23783
2509.23805
2509.23886
2509.23927
2509.23957
2509.24048
2509.24077
2509.24101
2509.24127
2509.24228
2509.24253
2509.24319
2509.24340
2509.24393
2509.24468
2509.24482
2509.24506
2509.24741
2509.24877
2509.24906
2509.25063
2509.25138
2509.25142
2509.25154
2509.25203
2509.25271
2509.25283
2509.25286
2509.25369
2509.25516
2509.25531
2509.25533
2509.25535
2509.25546
2509.25552
2509.25559
2509.25609
2509.25620
2509.25649
2509.25673
2509.25795
2509.25813
2509.25896
2509.25897
2509.25922
2509.26080
2509.26100
2509.26126
2509.26165
2509.26167
2509.26169
2509.26210
2509.26305
2509.26329
2509.26354
2509.26464
2509.26483
2509.26495
2509.26543
2509.26553
2509.26584
2509.26600
2510.00041
2510.00045
2510.00055
2510.00088
2510.00174
2510.00232
2510.00263
2510.00307
2510.00404
2510.00628
2510.00635
2510.00766
2510.00962
2510.01023
2510.01088
2510.01145
2510.01146
2510.01164
2510.01219
2510.01238
2510.01243
2510.01247
2510.01252
2510.01254
2510.01255
2510.01258
2510.01259
2510.01266
2510.01270
2510.01281
2510.01283
2510.01286
2510.01295
2510.01395
2510.01399
2510.01447
2510.01451
2510.01474
2510.01569
2510.01582
2510.01622
2510.01639
2510.01659
2510.01671
2510.01687
2510.01719
2510.01792
2510.01793
2510.01924
2510.01963
2510.01995
2510.02025
2510.02036
2510.02128
2510.02166
2510.02279
2510.02326
2510.02334
2510.02343
2510.02351
2510.02352
2510.02360
2510.02362
2510.02398
2510.02535
2510.02554
2510.02629
2510.02637
2510.02657
2510.02677
2510.02742
2510.02811
2510.02830
2510.02922
2510.03136
2510.03160
2510.03310
2510.03353
2510.03384
2510.03514
2510.03553
2510.03574
2510.03667
2510.03683
2510.03687
2510.03721
2510.03898
2510.03905
2510.03965
2510.03997
2510.04023
2510.04045
2510.04073
2510.04139
2510.04141
2510.04226
2510.04302
2510.04303
2510.04317
2510.04320
2510.04366
2510.04434
2510.04441
2510.04443
2510.04484
2510.04488
2510.04584
2510.04618
2510.04641
2510.04721
2510.04891
2510.05024
2510.05026
2510.05154
2510.05192
2510.05244
2510.05291
2510.05292
2510.05387
2510.05444
2510.05465
2510.05519
2510.05644
2510.05678
2510.05702
2510.05703
2510.05709
2510.05710
2510.05742
2510.05846
2510.05864
2510.05869
2510.05931
2510.05942
2510.05962
2510.06092
2510.06222
2510.06239
2510.06280
2510.06306
2510.06354
2510.06370
2510.06371
2510.06391
2510.06700
2510.06743
2510.06841
2510.06924
2510.06927
2510.06974
2510.06989
2510.07000
2510.07037
2510.07064
2510.07083
2510.07156
2510.07238
2510.07290
2510.07299
2510.07309
2510.07315
2510.07321
2510.07328
2510.07488
2510.07517
2510.07545
2510.07557
2510.07575
2510.07662
2510.07686
2510.07707
2510.07793
2510.07877
2510.07892
2510.07968
2510.08086
2510.08091
2510.08114
2510.08120
2510.08193
2510.08211
2510.08236
2510.08284
2510.08329
2510.08352
2510.08429
2510.08460
2510.08482
2510.08569
2510.08608
2510.08614
2510.08624
2510.08628
2510.08630
2510.08710
2510.08776
2510.08831
2510.08915
2510.09007
2510.09031
2510.09051
2510.09116
2510.09162
2510.09260
2510.09275
2510.09330
2510.09361
2510.09555
2510.09636
2510.09671
2510.09694
2510.09695
2510.09722
2510.09741
2510.09781
2510.09871
2510.09882
2510.09905
2510.09935
2510.09947
2510.10002
2510.10062
2510.10077
2510.10142
2510.10161
2510.10185
2510.10197
2510.10278
2510.10328
2510.10339
2510.10390
2510.10415
2510.10444
2510.10464
2510.10472
2510.10510
2510.10520
2510.10738
2510.10801
2510.10846
2510.10880
2510.10943
2510.10978
2510.10998
2510.11026
2510.11064
2510.11131
2510.11167
2510.11178
2510.11196
2510.11202
2510.11222
2510.11254
2510.11314
2510.11390
2510.11408
2510.11423
2510.11434
2510.11557
2510.11563
2510.11586
2510.11695
2510.11742
2510.11822
2510.11823
2510.11928
2510.11985
2510.12036
2510.12080
2510.12095
2510.12110
2510.12133
2510.12217
2510.12229
2510.12255
2510.12268
2510.12316
2510.12367
2510.12389
2510.12400
2510.12444
2510.12462
2510.12617
2510.12689
2510.12712
2510.12720
2510.12813
2510.12817
2510.12818
2510.12827
2510.12836
2510.12839
2510.12845
2510.12850
2510.12857
2510.12925
2510.12943
2510.13091
2510.13106
2510.13108
2510.13139
2510.13154
2510.13183
2510.13202
2510.13259
2510.13351
2510.13430
2510.13499
2510.13598
2510.13638
2510.13734
2510.13811
2510.13812
2510.13816
2510.13837
2510.13852
2510.13893
2510.13902
2510.13912
2510.13931
2510.14014
2510.14030
2510.14254
2510.14276
2510.14305
2510.14369
2510.14376
2510.14565
2510.14616
2510.14665
2510.14718
2510.14741
2510.14763
2510.14773
2510.14866
2510.14949
2510.15007
2510.15009
2510.15144
2510.15148
2510.15217
2510.15232
2510.15240
2510.15313
2510.15716
2510.15739
2510.15746
2510.15752
2510.15951
2510.16056
2510.16128
2510.16165
2510.16194
2510.16198
2510.16206
2510.16257
2510.16295
2510.16340
2510.16371
2510.16380
2510.16505
2510.16530
2510.16549
2510.16555
2510.16596
2510.16641
2510.16712
2510.16727
2510.16822
2510.16829
2510.16853
2510.16863
2510.16985
2510.17018
2510.17057
2510.17062
2510.17119
2510.17163
2510.17173
2510.17247
2510.17305
2510.17314
2510.17405
2510.17426
2510.17463
2510.17476
2510.17491
2510.17516
2510.17652
2510.17764
2510.17793
2510.17868
2510.17880
2510.17883
2510.17918
2510.17924
2510.17942
2510.18014
2510.18095
2510.18131
2510.18158
2510.18184
2510.18374
2510.18439
2510.18454
2510.18456
2510.18510
2510.18526
2510.18556
2510.18559
2510.18560
2510.18619
2510.18787
2510.18806
2510.18873
2510.18902
2510.18914
2510.18931
2510.18932
2510.18938
2510.19005
2510.19008
2510.19028
2510.19032
2510.19033
2510.19107
2510.19167
2510.19169
2510.19331
2510.19346
2510.19421
2510.19616
2510.19687
2510.19708
2510.19743
2510.19806
2510.19836
2510.19886
2510.19893
2510.19952
2510.19973
2510.20039
2510.20042
2510.20043
2510.20061
2510.20129
2510.20154
2510.20188
2510.20393
2510.20428
2510.20508
2510.20584
2510.20586
2510.20606
2510.20634
2510.20647
2510.20703
2510.20780
2510.20782
2510.20928
2510.20957
2510.21011
2510.21031
2510.21034
2510.21043
2510.21082
2510.21120
2510.21180
2510.21189
2510.21192
2510.21220
2510.21293
2510.21310
2510.21363
2510.21440
2510.21460
2510.21524
2510.21531
2510.21575
2510.21679
2510.21761
2510.21798
2510.21821
2510.21909
2510.22003
2510.22048
2510.22057
2510.22084
2510.22149
2510.22170
2510.22264
2510.22276
2510.22286
2510.22295
2510.22300
2510.22373
2510.22422
2510.22426
2510.22475
2510.22495
2510.22535
2510.22575
2510.22581
2510.22622
2510.22729
2510.22747
2510.22814
2510.22823
2510.22827
2510.22851
2510.22933
2510.22960
2510.22967
2510.23020
2510.23038
2510.23141
2510.23171
2510.23190
2510.23245
2510.23271
2510.23317
2510.23334
2510.23358
2510.23395
2510.23451
2510.23474
2510.23475
2510.23523
2510.23596
2510.23650
2510.23751
2510.23828
2510.23868
2510.23875
2510.23921
2510.23947
2510.23965
2510.24073
2510.24081
2510.24235
2510.24236
2510.24328
2510.24442
2510.24450
2510.24488
2510.24582
2510.24626
2510.24702
2510.24721
2510.24729
2510.24816
2510.24823
2510.24831
2510.24932
2510.24942
2510.24958
2510.25016
2510.25054
2510.25110
2510.25120
2510.25167
2510.25409
2510.25432
2510.25434
2510.25445
2510.25577
2510.25621
2510.25726
2510.25760
2510.25779
2510.25805
2510.25856
2510.25884
2510.25908
2510.25967
2510.26024
2510.26038
2510.26057
2510.26186
2510.26202
2510.26241
2510.26254
2510.26481
2510.26510
2510.26538
2510.26606
2510.26707
2510.26781
2510.26794
2510.26861
2510.26899
2510.26937
2510.27009
2510.27038
2510.27062
2510.27087
2510.27196
2510.27269
2510.27328
2510.27361
2510.27401
2510.27421
2510.27484
2510.27489
2510.27543
2510.27544
2510.27566
2510.27672
2511.00037
2511.00092
2511.00177
2511.00256
2511.00261
2511.00359
2511.00379
2511.00382
2511.00389
2511.00476
2511.00487
2511.00509
2511.00519
2511.00523
2511.00657
2511.00749
2511.00774
2511.00854
2511.00875
2511.00924
2511.00926
2511.01014
2511.01066
2511.01077
2511.01187
2511.01490
2511.01512
2511.01514
2511.01649
2511.01689
2511.01788
2511.01805
2511.01817
2511.01840
2511.01864
2511.01907
2511.01990
2511.02047
2511.02197
2511.02246
2511.02356
2511.02366
2511.02367
2511.02370
2511.02427
2511.02600
2511.02746
2511.02752
2511.02779
2511.02802
2511.02952
2511.03048
2511.03051
2511.03070
2511.03138
2511.03152
2511.03180
2511.03198
2511.03247
2511.03369
2511.03471
2511.03508
2511.03699
2511.03823
2511.03880
2511.03915
2511.03928
2511.03939
2511.03980
2511.04076
2511.04090
2511.04094
2511.04133
2511.04153
2511.04157
2511.04205
2511.04401
2511.04478
2511.04479
2511.04487
2511.04500
2511.04502
2511.04655
2511.04696
2511.04706
2511.04707
2511.04727
2511.04776
2511.05080
2511.05375
2511.05407
2511.05408
2511.05485
2511.05501
2511.05613
2511.05625
2511.05681
2511.05682
2511.05766
2511.05769
2511.05819
2511.05875
2511.05883
2511.05953
2511.06000
2511.06005
2511.06023
2511.06051
2511.06057
2511.06078
2511.06091
2511.06148
2511.06160
2511.06337
2511.06391
2511.06396
2511.06419
2511.06475
2511.06530
2511.06549
2511.06592
2511.06676
2511.06700
2511.06738
2511.06830
2511.07032
2511.07044
2511.07065
2511.07090
2511.07091
2511.07107
2511.07193
2511.07204
2511.07277
2511.07301
2511.07304
2511.07318
2511.07322
2511.07338
2511.07477
2511.07480
2511.07641
2511.07652
2511.07659
2511.07667
2511.07669
2511.07682
2511.07722
2511.07794
2511.07842
2511.07871
2511.08042
2511.08066
2511.08087
2511.08132
2511.08215
2511.08225
2511.08242
2511.08247
2511.08439
2511.08484
2511.08512
2511.08525
2511.08594
2511.08598
2511.08654
2511.08721
2511.08917
2511.09067
2511.09133
2511.09195
2511.09232
2511.09287
2511.09294
2511.09407
2511.09663
2511.09685
2511.09785
2511.09880
2511.09948
2511.09993
2511.10222
2511.10287
2511.10303
2511.10381
2511.10384
2511.10459
2511.10661
2511.10664
2511.10683
2511.10689
2511.10690
2511.10692
2511.10695
2511.10701
2511.10846
2511.10913
2511.11025
2511.11104
2511.11141
2511.11381
2511.11438
2511.11591
2511.11597
2511.11599
2511.11693
2511.11772
2511.11789
2511.11790
2511.11831
2511.11847
2511.11878
2511.11883
2511.12010
2511.12014
2511.12142
2511.12271
2511.12319
2511.12464
2511.12487
2511.12497
2511.12645
2511.12960
2511.12978
2511.12982
2511.12987
2511.13021
2511.13127
2511.13169
2511.13238
2511.13259
2511.13261
2511.13290
2511.13359
2511.13400
2511.13525
2511.13750
2511.13759
2511.13987
2511.13998
2511.14017
2511.14023
2511.14153
2511.14195
2511.14255
2511.14259
2511.14366
2511.14439
2511.14476
2511.14606
2511.14662
2511.14758
2511.15183
2511.15203
2511.15242
2511.15260
2511.15355
2511.15552
2511.15573
2511.15718
2511.15722
2511.15732
2511.15817
2511.15857
2511.15958
2511.15986
2511.16054
2511.16224
2511.16324
2511.16455
2511.16478
2511.16674
2511.16688
2511.16689
2511.16693
2511.16709
2511.16743
2511.16769
2511.16842
2511.16846
2511.16937
2511.17004
2511.17124
2511.17194
2511.17220
2511.17238
2511.17256
2511.17282
2511.17432
2511.17514
2511.17554
2511.17561
2511.17572
2511.17579
2511.17590
2511.17629
2511.17644
2511.17722
2511.17729
2511.17761
2511.17808
2511.18123
2511.18182
2511.18239
2511.18342
2511.18382
2511.18393
2511.18399
2511.18403
2511.18491
2511.18506
2511.18608
2511.18616
2511.18635
2511.18774
2511.18817
2511.18852
2511.18926
2511.18929
2511.19005
2511.19199
2511.19218
2511.19283
2511.19351
2511.19470
2511.19474
2511.19482
2511.19504
2511.19785
2511.19899
2511.19956
2511.19979
2511.20036
2511.20104
2511.20106
2511.20258
2511.20272
2511.20515
2511.20534
2511.20604
2511.20686
2511.20689
2511.20713
2511.20733
2511.20736
2511.20740
2511.20801
2511.20933
2511.20937
2511.20994
2511.21033
2511.21044
2511.21050
2511.21140
2511.21322
2511.21380
2511.21460
2511.21517
2511.21533
2511.21547
2511.21569
2511.21695
2511.21703
2511.21709
2511.21711
2511.21718
2511.21722
2511.21737
2511.21757
2511.21790
2511.21843
2511.21860
2511.22016
2511.22037
2511.22038
2511.22275
2511.22341
2511.22483
2511.22576
2511.22619
2511.22645
2511.22787
2511.22843
2511.22884
2511.22931
2511.22978
2511.23002
2511.23041
2511.23066
2511.23174
2511.23178
2511.23188
2511.23231
2511.23312
2512.00009
2512.00014
2512.00290
2512.00332
2512.00412
2512.00450
2512.00461
2512.00556
2512.00590
2512.00656
2512.00756
2512.00804
2512.00852
2512.00991
2512.01077
2512.01080
2512.01166
2512.01171
2512.01179
2512.01232
2512.01241
2512.01247
2512.01255
2512.01351
2512.01419
2512.01568
2512.01766
2512.01786
2512.01848
2512.01892
2512.01896
2512.01989
2512.02027
2512.02058
2512.02231
2512.02275
2512.02282
2512.02499
2512.02530
2512.02625
2512.02665
2512.02689
2512.02711
2512.02743
2512.02795
2512.02840
2512.02850
2512.02910
2512.02914
2512.02966
2512.02973
2512.03026
2512.03064
2512.03067
2512.03068
2512.03082
2512.03173
2512.03180
2512.03194
2512.03337
2512.03399
2512.03477
2512.03661
2512.03903
2512.03943
2512.03967
2512.04062
2512.04097
2512.04107
2512.04116
2512.04131
2512.04210
2512.04238
2512.04261
2512.04588
2512.04597
2512.04598
2512.04691
2512.04759
2512.04765
2512.04841
2512.04843
2512.04884
2512.04981
2512.05024
2512.05145
2512.05176
2512.05202
2512.05243
2512.05379
2512.05430
2512.05464
2512.05485
2512.05501
2512.05671
2512.05929
2512.05941
2512.05954
2512.05959
2512.05982
2512.06065
2512.06248
2512.06296
2512.06515
2512.06570
2512.06589
2512.06732
2512.06751
2512.06759
2512.06781
2512.06874
2512.06922
2512.06993
2512.07015
2512.07075
2512.07136
2512.07195
2512.07276
2512.07348
2512.07375
2512.07462
2512.07538
2512.07596
2512.07741
2512.07797
2512.07811
2512.07983
2512.07990
2512.08016
2512.08121
2512.08122
2512.08273
2512.08404
2512.08440
2512.08449
2512.08480
2512.08592
2512.08639
2512.08724
2512.08786
2512.08936
2512.08939
2512.08946
2512.08981
2512.09005
2512.09149
2512.09212
2512.09254
2512.09292
2512.09299
2512.09315
2512.09483
2512.09496
2512.09506
2512.09563
2512.09570
2512.09662
2512.09742
2512.09772
2512.09830
2512.09854
2512.09867
2512.10040
2512.10058
2512.10065
2512.10092
2512.10403
2512.10408
2512.10449
2512.10485
2512.10545
2512.10601
2512.10619
2512.10630
2512.10652
2512.10687
2512.10734
2512.10741
2512.10780
2512.10882
2512.10911
2512.10967
2512.11015
2512.11110
2512.11161
2512.11192
2512.11391
2512.11437
2512.11505
2512.11588
2512.11883
2512.11899
2512.12283
2512.12371
2512.12413
2512.12443
2512.12488
2512.12500
2512.12501
2512.12595
2512.12669
2512.12756
2512.12775
2512.12812
2512.12839
2512.13063
2512.13142
2512.13330
2512.13427
2512.13564
2512.13658
2512.13699
2512.13714
2512.13716
2512.13723
2512.13731
2512.13739
2512.13744
2512.13762
2512.13830
2512.14306
2512.14420
2512.14554
2512.14562
2512.14565
2512.14574
2512.14576
2512.14665
2512.14717
2512.15011
2512.15052
2512.15249
2512.15252
2512.15363
2512.15422
2512.15469
2512.15617
2512.15653
2512.15747
2512.15783
2512.15791
2512.15792
2512.15793
2512.15808
2512.15818
2512.15926
2512.16029
2512.16034
2512.16206
2512.16310
2512.16433
2512.16532
2512.16602
2512.16701
2512.16750
2512.16760
2512.16816
2512.16873
2512.16899
2512.16901
2512.16959
2512.17007
2512.17028
2512.17066
2512.17140
2512.17320
2512.17344
2512.17389
2512.17394
2512.17396
2512.17461
2512.17793
2512.17843
2512.17898
2512.17956
2512.18027
2512.18073
2512.18256
2512.18311
2512.18505
2512.18748
2512.18803
2512.18834
2512.18864
2512.19021
2512.19027
2512.19091
2512.19126
2512.19238
2512.19350
2512.19379
2512.19675
2512.19691
2512.19718
2512.19735
2512.19950
2512.20159
2512.20260
2512.20293
2512.20298
2512.20405
2512.20595
2512.20638
2512.20662
2512.20714
2512.20796
2512.20822
2512.20823
2512.20948
2512.21120
2512.21127
2512.21132
2512.21337
2512.21348
2512.21494
2512.21552
2512.21577
2512.21582
2512.21598
2512.21809
2512.21985
2512.22060
2512.22120
2512.22145
2512.22201
2512.22207
2512.22218
2512.22275
2512.22306
2512.22443
2512.22462
2512.22629
2512.22725
2512.22867
2512.22874
2512.23090
2512.23109
2512.23260
2512.23328
2512.23373
2512.23374
2512.23430
2512.23487
2512.23546
2512.23573
2512.23592
2512.23659
2512.23686
2512.23714
2512.23732
2512.23769
2512.23782
2512.23835
2512.23889
2512.23941
2512.24263
2512.24362
2512.24462
2512.24556
2512.24653
2512.24825
2512.24903
2601.00223
2601.00224
2601.00240
2601.00254
2601.00264
2601.00481
2601.00493
2601.00510
2601.00516
2601.00573
2601.00624
2601.00659
2601.00797
2601.00830
2601.00836
2601.00840
2601.00867
2601.00869
2601.00930
2601.00996
2601.00998
2601.01011
2601.01042
2601.01073
2601.01095
2601.01183
2601.01350
2601.01370
2601.01490
2601.01511
2601.01522
2601.01526
2601.01532
2601.01543
2601.01562
2601.01613
2601.01624
2601.01649
2601.01739
2601.01743
2601.01750
2601.01751
2601.01868
2601.01878
2601.01891
2601.01952
2601.01957
2601.01982
2601.02023
2601.02043
2601.02147
2601.02158
2601.02186
2601.02200
2601.02246
2601.02314
2601.02316
2601.02337
2601.02370
2601.02456
2601.02559
2601.02669
2601.02720
2601.02731
2601.02759
2601.02858
2601.02868
2601.02872
2601.02917
2601.02956
2601.02984
2601.02996
2601.03013
2601.03043
2601.03079
2601.03087
2601.03136
2601.03156
2601.03191
2601.03211
2601.03222
2601.03227
2601.03263
2601.03265
2601.03267
2601.03273
2601.03281
2601.03285
2601.03323
2601.03388
2601.03396
2601.03417
2601.03424
2601.03434
2601.03444
2601.03453
2601.03469
2601.03481
2601.03483
2601.03500
2601.03553
2601.03559
2601.03578
2601.03589
2601.03594
2601.03603
2601.03661
2601.03699
2601.03733
2601.03743
2601.03775
2601.03780
2601.03783
2601.03792
2601.03812
2601.03857
2601.03858
2601.03860
2601.03880
2601.03944
2601.03986
2601.04025
2601.04029
2601.04052
2601.04093
2601.04122
2601.04137
2601.04163
2601.04195
2601.04196
2601.04201
2601.04207
2601.04369
2601.04373
2601.04387
2601.04389
2601.04393
2601.04453
2601.04474
2601.04500
2601.04521
2601.04564
2601.04567
2601.04582
2601.04583
2601.04597
2601.04609
2601.04632
2601.04638
2601.04646
2601.04692
2601.04716
2601.04730
2601.04790
2601.04885
2601.04897
2601.04946
2601.04954
2601.05014
2601.05050
2601.05101
2601.05114
2601.05148
2601.05150
2601.05175
2601.05184
2601.05244
2601.05260
2601.05376
2601.05384
2601.05403
2601.05414
2601.05420
2601.05437
2601.05455
2601.05473
2601.05500
2601.05529
2601.05545
2601.05563
2601.05580
2601.05582
2601.05611
2601.05641
2601.05656
2601.05663
2601.05679
2601.05699
2601.05739
2601.05746
2601.05751
2601.05752
2601.05755
2601.05794
2601.05835
2601.05851
2601.05879
2601.05904
2601.05909
2601.05991
2601.06002
2601.06062
2601.06064
2601.06092
2601.06093
2601.06116
2601.06132
2601.06142
2601.06158
2601.06160
2601.06180
2601.06189
2601.06194
2601.06226
2601.06306
2601.06311
2601.06316
2601.06348
2601.06366
2601.06377
2601.06403
2601.06453
2601.06460
2601.06477
2601.06487
2601.06536
2601.06580
2601.06596
2601.06600
2601.06616
2601.06631
2601.06636
2601.06640
2601.06663
2601.06700
2601.06761
2601.06818
2601.06861
2601.06875
2601.06931
2601.06943
2601.06944
2601.06992
2601.07020
2601.07022
2601.07041
2601.07058
2601.07085
2601.07110
2601.07153
2601.07185
2601.07208
2601.07220
2601.07226
2601.07235
2601.07239
2601.07298
2601.07506
2601.07528
2601.07611
2601.07645
2601.07698
2601.07737
2601.07754
2601.07780
2601.07806
2601.07812
2601.07954
2601.07969
2601.07972
2601.07973
2601.07984
2601.07985
2601.07986
2601.07988
2601.07994
2601.08108
2601.08151
2601.08156
2601.08173
2601.08258
2601.08267
2601.08273
2601.08292
2601.08342
2601.08363
2601.08430
2601.08441
2601.08467
2601.08468
2601.08500
2601.08510
2601.08521
2601.08536
2601.08634
2601.08653
2601.08654
2601.08668
2601.08673
2601.08679
2601.08682
2601.08684
2601.08690
2601.08784
2601.08785
2601.08839
2601.08842
2601.08847
2601.08850
2601.08858
2601.08860
2601.08869
2601.08870
2601.08878
2601.08919
2601.08953
2601.09017
2601.09028
2601.09065
2601.09066
2601.09076
2601.09085
2601.09088
2601.09112
2601.09117
2601.09124
2601.09141
2601.09142
2601.09153
2601.09169
2601.09185
2601.09250
2601.09321
2601.09342
2601.09350
2601.09351
2601.09421
2601.09478
2601.09600
2601.09636
2601.09654
2601.09667
2601.09696
2601.09723
2601.09753
2601.09756
2601.09841
2601.09853
2601.09859
2601.09869
2601.09896
2601.09898
2601.09974
2601.10003
2601.10007
2601.10010
2601.10018
2601.10101
2601.10102
2601.10122
2601.10137
2601.10154
2601.10156
2601.10187
2601.10198
2601.10257
2601.10307
2601.10310
2601.10321
2601.10343
2601.10348
2601.10436
2601.10460
2601.10467
2601.10496
2601.10504
2601.10532
2601.10562
2601.10567
2601.10609
2601.10649
2601.10700
2601.10779
2601.10804
2601.10896
2601.10926
2601.10960
2601.10983
2601.11000
2601.11004
2601.11021
2601.11027
2601.11035
2601.11042
2601.11063
2601.11178
2601.11227
2601.11282
2601.11286
2601.11287
2601.11301
2601.11332
2601.11379
2601.11387
2601.11541
2601.11563
2601.11567
2601.11583
2601.11594
2601.11606
2601.11613
2601.11625
2601.11651
2601.11655
2601.11746
2601.11755
2601.11776
2601.11778
2601.11791
2601.11812
2601.11866
2601.11868
2601.11884
2601.11895
2601.11906
2601.11908
2601.11915
2601.11956
2601.11957
2601.11960
2601.12019
2601.12033
2601.12075
2601.12091
2601.12099
2601.12138
2601.12142
2601.12145
2601.12164
2601.12224
2601.12247
2601.12248
2601.12312
2601.12318
2601.12338
2601.12374
2601.12390
2601.12447
2601.12449
2601.12468
2601.12491
2601.12505
2601.12538
2601.12539
2601.12542
2601.12549
2601.12555
2601.12560
2601.12585
2601.12628
2601.12632
2601.12661
2601.12690
2601.12696
2601.12758
2601.12765
2601.12807
2601.12822
2601.12868
2601.12921
2601.12934
2601.12946
2601.12962
2601.12974
2601.12993
2601.13007
2601.13018
2601.13024
2601.13094
2601.13137
2601.13178
2601.13235
2601.13260
2601.13264
2601.13288
2601.13300
2601.13319
2601.13328
2601.13352
2601.13383
2601.13433
2601.13537
2601.13539
2601.13547
2601.13590
2601.13649
2601.13658
2601.13669
2601.13687
2601.13705
2601.13707
2601.13710
2601.13717
2601.13722
2601.13749
2601.13770
2601.13798
2601.13802
2601.13839
2601.13871
2601.13876
2601.13882
2601.13892
2601.13936
2601.13992
2601.14007
2601.14032
2601.14046
2601.14063
2601.14084
2601.14112
2601.14124
2601.14127
2601.14157
2601.14172
2601.14192
2601.14283
2601.14289
2601.14295
2601.14311
2601.14339
2601.14506
2601.14534
2601.14544
2601.14553
2601.14569
2601.14691
2601.14698
2601.14721
2601.14826
2601.14862
2601.14901
2601.14931
2601.14944
2601.14968
2601.14994
2601.15016
2601.15050
2601.15130
2601.15161
2601.15197
2601.15236
2601.15267
2601.15277
2601.15279
2601.15306
2601.15316
2601.15337
2601.15356
2601.15390
2601.15436
2601.15437
2601.15457
2601.15465
2601.15484
2601.15488
2601.15495
2601.15511
2601.15550
2601.15552
2601.15588
2601.15593
2601.15669
2601.15671
2601.15674
2601.15679
2601.15703
2601.15705
2601.15706
2601.15755
2601.15771
2601.15780
2601.15869
2601.15891
2601.15895
2601.15931
2601.16125
2601.16130
2601.16211
2601.16230
2601.16312
2601.16314
2601.16344
2601.16349
2601.16355
2601.16356
2601.16358
2601.16378
2601.16390
2601.16394
2601.16398
2601.16407
2601.16444
2601.16466
2601.16471
2601.16498
2601.16503
2601.16504
2601.16508
2601.16529
2601.16621
2601.16631
2601.16644
2601.16661
2601.16667
2601.16669
2601.16685
2601.16724
2601.16740
2601.16753
2601.16803
2601.16863
2601.16930
2601.16934
2601.16989
2601.17003
2601.17016
2601.17027
2601.17037
2601.17082
2601.17087
2601.17096
2601.17151
2601.17172
2601.17203
2601.17258
2601.17292
2601.17312
2601.17348
2601.17397
2601.17417
2601.17492
2601.17540
2601.17577
2601.17637
2601.17642
2601.17664
2601.17717
2601.17728
2601.17764
2601.17787
2601.17883
2601.17887
2601.17912
2601.17920
2601.17937
2601.17942
2601.17971
2601.18053
2601.18061
2601.18085
2601.18115
2601.18162
2601.18226
2601.18253
2601.18305
2601.18315
2601.18334
2601.18483
2601.18486
2601.18491
2601.18496
2601.18552
2601.18554
2601.18572
2601.18677
2601.18698
2601.18730
2601.18753
2601.18754
2601.18760
2601.18777
2601.18939
2601.18998
2601.18999
2601.19061
2601.19062
2601.19082
2601.19191
2601.19197
2601.19231
2601.19487
2601.19494
2601.19507
2601.19532
2601.19768
2601.19898
2601.19956
2601.20009
2601.20064
2601.20102
2601.20141
2601.20217
2601.20238
2601.20256
2601.20312
2601.20327
2601.20430
2601.20598
2601.20604
2601.20617
2601.20618
2601.20689
2601.20716
2601.20731
2601.20757
2601.20791
2601.20838
2601.20913
2601.20920
2601.21008
2601.21063
2601.21064
2601.21070
2601.21132
2601.21183
2601.21193
2601.21235
2601.21257
2601.21268
2601.21278
2601.21342
2601.21343
2601.21350
2601.21360
2601.21365
2601.21439
2601.21459
2601.21464
2601.21540
2601.21624
2601.21666
2601.21695
2601.21700
2601.21738
2601.21767
2601.21803
2601.21804
2601.21816
2601.21817
2601.21864
2601.21936
2601.21961
2601.21963
2601.22025
2601.22093
2601.22132
2601.22136
2601.22184
2601.22197
2601.22255
2601.22312
2601.22315
2601.22329
2601.22396
2601.22420
2601.22440
2601.22548
2601.22575
2601.22594
2601.22620
2601.22627
2601.22632
2601.22650
2601.22680
2601.22699
2601.22742
2601.22769
2601.22888
2601.22893
2601.22984
2601.23001
2601.23041
2601.23045
2601.23058
2601.23063
2601.23112
2601.23133
2601.23149
2601.23163
2601.23183
2601.23200
2601.23204
2601.23255
2602.00032
2602.00044
2602.00046
2602.00056
2602.00061
2602.00065
2602.00169
2602.00221
2602.00238
2602.00243
2602.00279
2602.00288
2602.00292
2602.00298
2602.00315
2602.00393
2602.00405
2602.00428
2602.00443
2602.00485
2602.00559
2602.00564
2602.00683
2602.00685
2602.00723
2602.00769
2602.01002
2602.01022
2602.01030
2602.01047
2602.01146
2602.01161
2602.01173
2602.01200
2602.01222
2602.01283
2602.01363
2602.01370
2602.01479
2602.01511
2602.01528
2602.01532
2602.01558
2602.01590
2602.01618
2602.01640
2602.01662
2602.01689
2602.01694
2602.01714
2602.01797
2602.01845
2602.01850
2602.01875
2602.01880
2602.01965
2602.01967
2602.02043
2602.02060
2602.02099
2602.02100
2602.02150
2602.02208
2602.02223
2602.02266
2602.02341
2602.02360
2602.02378
2602.02386
2602.02457
2602.02496
2602.02498
2602.02509
2602.02510
2602.02536
2602.02572
2602.02582
2602.02589
2602.02595
2602.02598
2602.02606
2602.02639
2602.02708
2602.02729
2602.02731
2602.02738
2602.02774
2602.02862
2602.02888
2602.02905
2602.02932
2602.02983
2602.02995
2602.03012
2602.03073
2602.03092
2602.03100
2602.03141
2602.03155
2602.03160
2602.03224
2602.03263
2602.03300
2602.03328
2602.03334
2602.03351
2602.03380
2602.03416
2602.03545
2602.03608
2602.03615
2602.03709
2602.03731
2602.03775
2602.03783
2602.03895
2602.03950
2602.04033
2602.04064
2602.04099
2602.04241
2602.04256
2602.04306
2602.04392
2602.04398
2602.04408
2602.04451
2602.04456
2602.04493
2602.04496
2602.04537
2602.04630
2602.04674
2602.04687
2602.04731
2602.04735
2602.04739
2602.04742
2602.04791
2602.04796
2602.04813
2602.04853
2602.04884
2602.04909
2602.04936
2602.05087
2602.05096
2602.05110
2602.05113
2602.05125
2602.05176
2602.05195
2602.05200
2602.05249
2602.05261
2602.05266
2602.05381
2602.05385
2602.05419
2602.05437
2602.05447
2602.05452
2602.05512
2602.05519
2602.05532
2602.05594
2602.05597
2602.05633
2602.05665
2602.05710
2602.05769
2602.05789
2602.05794
2602.05843
2602.05847
2602.05874
2602.05891
2602.05932
2602.05951
2602.06013
2602.06054
2602.06055
2602.06139
2602.06166
2602.06181
2602.06260
2602.06291
2602.06302
2602.06307
2602.06371
2602.06446
2602.06451
2602.06475
2602.06486
2602.06526
2602.06604
2602.06616
2602.06623
2602.06625
2602.06631
2602.06652
2602.06669
2602.06692
2602.06717
2602.06763
2602.06777
2602.06836
2602.06924
2602.06973
2602.06998
2602.07071
2602.07181
2602.07206
2602.07356
2602.07376
2602.07442
2602.07451
2602.07497
2602.07532
2602.07562
2602.07673
2602.07777
2602.07799
2602.07833
2602.07840
2602.07852
2602.07996
2602.08092
2602.08124
2602.08145
2602.08149
2602.08162
2602.08221
2602.08229
2602.08309
2602.08311
2602.08346
2602.08353
2602.08377
2602.08449
2602.08498
2602.08529
2602.08565
2602.08567
2602.08588
2602.08621
2602.08660
2602.08672
2602.08715
2602.08716
2602.08742
2602.08754
2602.08808
2602.08819
2602.08872
2602.08873
2602.08930
2602.08964
2602.09018
2602.09130
2602.09269
2602.09305
2602.09346
2602.09362
2602.09383
2602.09411
2602.09416
2602.09439
2602.09442
2602.09444
2602.09475
2602.09492
2602.09504
2602.09517
2602.09528
2602.09541
2602.09590
2602.09621
2602.09624
2602.09629
2602.09667
2602.09765
2602.09775
2602.09802
2602.09823
2602.09877
2602.09961
2602.10069
2602.10093
2602.10117
2602.10161
2602.10163
2602.10171
2602.10179
2602.10295
2602.10339
2602.10388
2602.10403
2602.10425
2602.10437
2602.10439
2602.10457
2602.10467
2602.10504
2602.10520
2602.10546
2602.10575
2602.10606
2602.10620
2602.10624
2602.10625
2602.10715
2602.10732
2602.10748
2602.10799
2602.10814
2602.10833
2602.10875
2602.10935
2602.10964
2602.10980
2602.11091
2602.11174
2602.11181
2602.11238
2602.11304
2602.11305
2602.11318
2602.11328
2602.11391
2602.11444
2602.11488
2602.11518
2602.11685
2602.11729
2602.11737
2602.11745
2602.11786
2602.11898
2602.11909
2602.11939
2602.11941
2602.12018
2602.12083
2602.12092
2602.12133
2602.12135
2602.12242
2602.12249
2602.12285
2602.12314
2602.12315
2602.12316
2602.12318
2602.12356
2602.12381
2602.12413
2602.12414
2602.12422
2602.12445
2602.12498
2602.12579
2602.12659
2602.12665
2602.12756
2602.12846
2602.12871
2602.12876
2602.12877
2602.12878
2602.12921
2602.13028
2602.13047
2602.13110
2602.13246
2602.13253
2602.13274
2602.13350
2602.13415
2602.13427
2602.13451
2602.13469
2602.13517
2602.13562
2602.13568
2602.13571
2602.13573
2602.13576
2602.13626
2602.13651
2602.13748
2602.13757
2602.13791
2602.13792
2602.13860
2602.13867
2602.13870
2602.13905
2602.13941
2602.13961
2602.14043
2602.14065
2602.14069
2602.14081
2602.14135
2602.14158
2602.14162
2602.14216
2602.14233
2602.14257
2602.14270
2602.14284
2602.14285
2602.14318
2602.14352
2602.14367
2602.14370
2602.14404
2602.14466
2602.14488
2602.14589
2602.14606
2602.14641
2602.14777
2602.14835
2602.14844
2602.14869
2602.14970
2602.15019
2602.15028
2602.15038
2602.15149
2602.15222
2602.15273
2602.15336
2602.15338
2602.15439
2602.15456
2602.15531
2602.15556
2602.15753
2602.15757
2602.15845
2602.15853
2602.15866
2602.15869
2602.15892
2602.15968
2602.16008
2602.16149
2602.16151
2602.16201
2602.16241
2602.16290
2602.16317
2602.16346
2602.16432
2602.16438
2602.16481
2602.16493
2602.16610
2602.16660
2602.16662
2602.16742
2602.16747
2602.16794
2602.16811
2602.16852
2602.16931
2602.16942
2602.17053
2602.17106
2602.17108
2602.17127
2602.17183
2602.17200
2602.17256
2602.17262
2602.17264
2602.17283
2602.17293
2602.17316
2602.17433
2602.17445
2602.17448
2602.17458
2602.17467
2602.17469
2602.17483
2602.17532
2602.17560
2602.17594
2602.17623
2602.17659
2602.17669
2602.17696
2602.17769
2602.17791
2602.17919
2602.18029
2602.18047
2602.18092
2602.18182
2602.18230
2602.18351
2602.18415
2602.18444
2602.18451
2602.18454
2602.18459
2602.18462
2602.18468
2602.18483
2602.18525
2602.18535
2602.18550
2602.18583
2602.18600
2602.18671
2602.18689
2602.18693
2602.18710
2602.18729
2602.18745
2602.18752
2602.18823
2602.18911
2602.18935
2602.18971
2602.19028
2602.19041
2602.19124
2602.19141
2602.19149
2602.19177
2602.19208
2602.19467
2602.19534
2602.19560
2602.19615
2602.19643
2602.19690
2602.19870
2602.20014
2602.20021
2602.20042
2602.20065
2602.20094
2602.20156
2602.20170
2602.20202
2602.20379
2602.20400
2602.20440
2602.20513
2602.20528
2602.20624
2602.20629
2602.20696
2602.20759
2602.20800
2602.20813
2602.20876
2602.21059
2602.21103
2602.21137
2602.21143
2602.21180
2602.21217
2602.21226
2602.21236
2602.21297
2602.21317
2602.21327
2602.21368
2602.21415
2602.21416
2602.21485
2602.21628
2602.21653
2602.21655
2602.21686
2602.21835
2602.21939
2602.21941
2602.21950
2602.21978
2602.22070
2602.22120
2602.22142
2602.22145
2602.22196
2602.22207
2602.22404
2602.22438
2602.22470
2602.22475
2602.22585
2602.22591
2602.22601
2602.22642
2602.22675
2602.22680
2602.22698
2602.22716
2602.22755
2602.22766
2602.22771
2602.22787
2602.22831
2602.22843
2602.22955
2602.23029
2602.23117
2602.23225
2602.23329
2602.23351
2602.23391
2602.23436
2602.23580
2602.23862
2602.23971
2602.23993
2602.24002
2602.24014
2603.00024
2603.00048
2603.00059
2603.00061
2603.00072
2603.00076
2603.00078
2603.00088
2603.00089
2603.00102
2603.00131
2603.00423
2603.00529
2603.00533
2603.00590
2603.00634
2603.00777
2603.00993
2603.01185
2603.01204
2603.01211
2603.01214
2603.01246
2603.01291
2603.01326
2603.01457
2603.01589
2603.01616
2603.01625
2603.01724
2603.01919
2603.01952
2603.02128
2603.02225
2603.02370
2603.02420
2603.02568
2603.02588
2603.02635
2603.03047
2603.03163
2603.03242
2603.03295
2603.03315
2603.03319
2603.03585
2603.03687
2603.03919
2603.04123
2603.04217
2603.04299
2603.04346
2603.04409
2603.04582
2603.04598
2603.04636
2603.04698
2603.04804
2603.04820
2603.04822
2603.04837
2603.04897
2603.04992
2603.05189
2603.05392
2603.05399
2603.05485
2603.05494
2603.05582
2603.05651
2603.05710
2603.05723
2603.05801
2603.05872
2603.06264
2603.09957
2603.10001
2603.10723
2603.11126
2603.11266
2603.11360
2603.11736
2603.11793
2603.11936
2603.11974
2603.12397
2603.12471
2603.12511
2603.12522
2603.12541
2603.12741
2603.12768
2603.12872
2603.12935
2603.12998
2603.13036
2603.13116
2603.13189
2603.15187
2603.15448
2603.15527
2603.15949
2603.16749
2603.16900
2603.16941
2603.17179
2603.17218
2603.17305
2603.17417
2603.17444
2603.17476
2603.17659
2603.17759
2603.17838
2603.17915
2603.17952
2603.17962
2603.18008
2603.18015
2603.18096
2603.18116
2603.18280
2603.18294
2603.18300
2603.18449
2603.18530
2603.18729
2603.18736
2603.18765
2603.18788
2603.18822
2603.18879
2603.18881
2603.18945
2603.19028
2603.19093
2603.19144
2603.19273
2603.19279
2603.19282
2603.19460
2603.19527
2603.19649
2603.19744
2603.19791
2603.19931
2603.20581
2603.21953
2603.21975
2603.21990
2603.22103
2603.22115
2603.22260
2603.22291
2603.22582
2603.22588
2603.22642
2603.22714
2603.22730
2603.22837
2603.22944
2603.22985
2603.23114
2603.23301
2603.23406
2603.23474
2603.23485
2603.23509
2603.23521
2603.23522
2603.23654
2603.23659
2603.23682
2603.23750
2603.23780
2603.23828
2603.23841
2603.23848
2603.23916
2603.24079
2603.24125
2603.24218
2603.24222
2603.24242
2603.24359
2603.24549
2603.25092
2603.25201
2603.25269
2603.25309
2603.25326
2603.25613
2603.25727
2603.25761
2603.25852
2603.25900
2603.26008
2603.26013
2603.26015
2603.26324
2603.26332
2603.26410
2603.26511
2603.26516
2603.26846
2603.26909
2603.27011
2603.27056
2603.27057
2603.27141
2603.27356
2603.27664
2603.27771
2603.27838
2603.27895
2603.28066
2603.28123
2603.28130
2603.28196
2603.28197
2603.28213
2603.28351
2603.28714
2603.28755
2603.29077
2603.29141
2603.29288
2603.30028
2604.00074
2604.00200
2604.00228
2604.00237
2604.00323
2604.00547
2604.00568
2604.00758
2604.00979
2604.01181
2604.01312
2604.01354
2604.01366
2604.01438
2604.01520
2604.01745
2604.01853
2604.01925
2604.02022
2604.02154
2604.02174
2604.02406
2604.02423
2604.02458
2604.02557
2604.02585
2604.02592
2604.02660
2604.02669
2604.02772
2604.02912
2604.02923
2604.03058
2604.03121
2604.03356
2604.03493
2604.03592
2604.03796
2604.03962
2604.04043
2604.04081
2604.04120
2604.04144
2604.04204
2604.04261
2604.04561
2604.04732
2604.04735
2604.04782
2604.05224
2604.05279
2604.05318
2604.05368
2604.05483
2604.05555
2604.05575
2604.05756
2604.05939
2604.06008
2604.06047
2604.06381
2604.06418
2604.06421
2604.06484
2604.06552
2604.06663
2604.06817
2604.06820
2604.06826
2604.06833
2604.06863
2604.07102
2604.07119
2604.07123
2604.07338
2604.07369
2604.07513
2604.07655
2604.07709
2604.07729
2604.07749
2604.07883
2604.07964
2604.08111
2604.08178
2604.08243
2604.08326
2604.08362
2604.08425
2604.08450
2604.08455
2604.08465
2604.08525
2604.08846
2604.08881
2604.08963
2604.09189
2604.09544
2604.09905
2604.09945
2604.09946
2604.10014
2604.10151
2604.10200
2604.10288
2604.10290
2604.10401
2604.10403
2604.10733
2604.10751
2604.11065
2604.11070
2604.11120
2604.11121
2604.11174
2604.11206
2604.11216
2604.11312
2604.11490
2604.11609
2604.11663
2604.11721
2604.11803
2604.11934
2604.11943
2604.12076
2604.12119
2604.12138
2604.12289
2604.12337
2604.12481
2604.12500
2604.12545
2604.12640
2604.12710
2604.12816
2604.12851
2604.12875
2604.13305
2604.13705
2604.13765
2604.13776
2604.13803
2604.13833
2604.13899
2604.13996
2604.14266
2604.14408
2604.14514
2604.14576
2604.14602
2604.14672
2604.14832
2604.14907
2604.14934
2604.14970
2604.15078
2604.15224
2604.15461
2604.15559
2604.15607
2604.15675
2604.15705
2604.15774
2604.15789
2604.15829
2604.15937
2604.15967
2604.15990
2604.16095
2604.16132
2604.16275
2604.16654
2604.16656
2604.16757
2604.16780
2604.16812
2604.16845
2604.16884
2604.16916
2604.16917
2604.16968
2604.17008
2604.17132
2604.17215
2604.17247
2604.17248
2604.17299
2604.17316
2604.17359
2604.17398
2604.17587
2604.17596
2604.17691
2604.17769
2604.17843
2604.17989
2604.18038
2604.18069
2604.18091
2604.18153
2604.18167
2604.18404
2604.18423
2604.18510
2604.18596
2604.18729
2604.18789
2604.18914
2604.18942
2604.19016
2604.19124
2604.19125
2604.19151
2604.19204
2604.19260
2604.19278
2604.19281
2604.19292
2604.19301
2604.19431
