paper_id,latest_date,title
1501.06307,2015-03-25,It's a Man's Wikipedia? Assessing Gender Inequality in an Online   Encyclopedia
1502.02341,2015-12-29,"First Women, Second Sex: Gender Bias in Wikipedia"
1502.03086,2015-02-11,"Gender Gap Through Time and Space: A Journey Through Wikipedia   Biographies and the ""WIGI"" Index"
1503.03275,2015-03-12,"""Roles for the boys?"" Mining cast lists for gender and role   distributions over time"
1504.01383,2015-04-08,QUOTUS: The Structure of Political Media Coverage as Revealed by Quoting   Patterns
1506.00963,2015-08-03,Finding Intermediary Topics Between People of Opposing Views: A Case   Study
1506.02739,2016-08-23,Connotation Frames: A Data-Driven Investigation
1506.02275,2015-08-25,Confounds and Consequences in Geotagged Twitter Data
1508.00055,2015-08-04,"Cultural Anthropology through the Lens of Wikipedia: Historical Leader   Networks, Gender Bias, and News-based Sentiment"
1508.07744,2016-05-05,Ethnicity sensitive author disambiguation using semi-supervised learning
1510.02377,2016-08-17,FairTest: Discovering Unwarranted Associations in Data-Driven   Applications
1510.01920,2016-01-05,Encouraging Diversity- and Representation-Awareness in Geographically   Centralized Content
1511.00148,2015-11-23,A survey on measuring indirect discrimination in machine learning
1512.05671,2015-12-18,Characterizing the Demographics Behind the #BlackLivesMatter Movement
1601.04890,2016-03-04,Women Through the Glass Ceiling: Gender Asymmetries in Wikipedia
1601.00481,2016-01-05,Data Portraits and Intermediary Topics: Encouraging Exploration of   Politically Diverse Profiles
1603.04322,2016-03-15,Inferring Gender from Names on the Web: A Comparative Evaluation of   Gender Detection Methods
1602.07043,2016-12-01,Auditing Black-box Models for Indirect Influence
1603.07709,2016-03-25,Analyzing the Targets of Hate in Online Social Media
1603.08832,2016-03-30,Shirtless and Dangerous: Quantifying Linguistic Signals of Gender Bias   in an Online Fiction Writing Community
1604.07180,2016-04-26,Observing and Recommending from a Social Web with Biases
1605.06083,2016-05-20,Stereotyping and Bias in the Flickr30K Dataset
1605.02951,2016-05-12,"Race, Religion and the City: Twitter Word Frequency Patterns Reveal   Dominant Demographic Dimensions in the United States"
1606.03254,2016-08-16,Natural Language Generation enhances human decision-making with   uncertain information
1606.06121,2016-06-21,Quantifying and Reducing Stereotypes in Word Embeddings
1606.07558,2017-05-05,Satisfying Real-world Goals with Dataset Constraints
1607.03895,2016-07-15,Tie-breaker: Using language models to quantify gender bias in sports   journalism
1607.06520,2016-07-25,Man is to Computer Programmer as Woman is to Homemaker? Debiasing Word   Embeddings
1608.02499,2016-08-09,Identifying Stereotypes in the Online Perception of Physical   Attractiveness
1608.02195,2016-08-09,Automating Political Bias Prediction
1608.07187,2017-05-26,Semantics derived automatically from language corpora contain human-like   biases
1608.08868,2016-09-01,Demographic Dialectal Variation in Social Media: A Case Study of   African-American English
1608.08738,2016-09-01,A Dictionary-based Approach to Racism Detection in Dutch Social Media
1609.02809,2016-09-12,Harassment detection: a benchmark on the #HackHarassment dataset
1609.05413,2016-11-09,Stereotypes in Search Engine Results: Understanding The Role of Local   and Global Factors
1610.05461,2017-01-13,Personalized Machine Translation: Preserving Original Author Traits
1610.08914,2017-02-28,Ex Machina: Personal Attacks Seen at Scale
1611.06459,2016-11-24,Gendered Conversation in a Social Game-Streaming Platform
1611.08292,2017-07-05,Identifying Significant Predictive Bias in Classifiers
1612.06524,2017-04-12,3D Human Pose Estimation = 2D Pose Estimation + Matching
1612.06525,2021-11-30,Axiomatizing Mathematical Theories: Multiplication
1612.06526,2021-11-30,Computation in Logic and Logic in Computation
1612.06528,2017-01-01,Neuro-symbolic EDA-based Optimisation using ILP-enhanced DBNs
1612.06530,2017-05-30,Automatic Generation of Grounded Visual Questions
1612.06537,2017-01-24,DOA Estimation of Coherent Signals on Coprime Arrays Exploiting   Fourth-Order Cumulants
1612.06543,2016-12-21,Wide-Slice Residual Networks for Food Recognition
1612.06546,2019-07-03,Quantum states cannot be transmitted efficiently classically
1612.06549,2017-01-11,Exploring Different Dimensions of Attention for Uncertainty Detection
1612.06550,2017-03-08,Nonlinear imaging in photonic lattices
1612.06551,2017-01-01,The Impact of the Filter Bubble -- A Simulation Based Framework for   Measuring Personalisation Macro Effects in Online Communities
1612.06553,2018-06-01,Dictionary Learning Based Sparse Channel Representation and Estimation   for FDD Massive MIMO Systems
1612.06555,2016-12-21,Theory for the electron excitation in dielectrics under an intense   circularly polarized laser field
1612.06556,2017-01-01,"A performance evaluation of CCS QCD Benchmark on the COMA (Intel(R) Xeon   Phi$^{TM}$, KNC) system"
1612.06558,2016-12-21,End-to-End Pedestrian Collision Warning System based on a Convolutional   Neural Network with Semantic Segmentation
1612.06564,2017-05-03,Obliquity of Mercury: influence of the precession of the pericenter and   of tides
1612.06565,2016-12-21,RIDS: Robust Identification of Sparse Gene Regulatory Networks from   Perturbation Experiments
1612.06572,2017-02-09,Unsupervised Dialogue Act Induction using Gaussian Mixtures
1612.06573,2016-12-21,Detecting Unexpected Obstacles for Self-Driving Cars: Fusing Deep   Learning and Geometric Modeling
1612.06579,2017-09-05,A novel single-crystal & single-pass source for polarisation- and   colour-entangled photon pairs
1612.06580,2017-05-09,Efficient solution of 3D electromagnetic eddy-current problems within   the finite volume framework of OpenFOAM
1612.06581,2016-12-21,Grammar rules for the isiZulu complex verb
1612.06588,2017-06-28,Consensus formation times in fully connected societies
1612.06589,2017-01-01,A Latent-class Model for Estimating Product-choice Probabilities from   Clickstream Data
1612.06590,2016-12-21,A comparative study of discrete velocity methods for rarefied gas flows
1701.04931,2017-01-19,Characterizing Linguistic Attributes for Automatic Classification of   Intent Based Racist/Radicalized Posts on Tumblr Micro-Blogging Website
1701.08118,2017-01-30,Measuring the Reliability of Hate Speech Annotations: The Case of the   European Refugee Crisis
1702.00829,2017-02-06,Measuring Gender Inequalities of German Professions on Wikipedia
1702.07784,2017-02-28,"Measuring #GamerGate: A Tale of Hate, Sexism, and Bullying"
1702.05437,2017-03-08,Quantifying Program Bias
1703.04009,2017-03-14,Automated Hate Speech Detection and the Problem of Offensive Language
1703.02859,2017-03-30,A World of Difference: Divergent Word Interpretations among People
1703.05443,2018-07-06,Detecting the Hate Code on Social Media
1703.05819,2017-03-20,Identifying Partisan Slant in News Articles and Twitter during Political   Crises
1703.10090,2017-03-30,A Short Review of Ethical Challenges in Clinical Natural Language   Processing
1704.00139,2017-04-04,Who Makes Trends? Understanding Demographic Biases in Crowdsourced   Recommendations
1704.01347,2017-04-06,Quantifying Search Bias: Investigating Sources of Bias for Political   Searches in Social Media
1704.05730,2017-10-04,On Measuring Bias in Online Information
1705.03557,2019-03-29,DeepTingle
1705.10689,2017-05-31,Auditing Search Engines for Differential Satisfaction Across   Demographics
1705.08816,2017-05-25,Analysing Timelines of National Histories across Wikipedia Editions: A   Comparative Computational Approach
1705.09055,2017-05-26,The cost of fairness in classification
1706.00188,2017-06-02,Deep Learning for Hate Speech Detection in Tweets
1706.01206,2017-06-06,One-step and Two-step Classification for Abusive Language Detection on   Twitter
1705.09899,2017-05-31,Understanding Abuse: A Typology of Abusive Language Detection Subtasks
1706.00884,2017-06-06,Task-specific Word Identification from Short Texts Using a Convolutional   Neural Network
1706.03848,2018-02-04,"""(Weitergeleitet von Journalistin)"": The Gendered Presentation of   Professions on Wikipedia"
1706.03441,2017-06-13,"Dialog Structure Through the Lens of Gender, Gender Environment, and   Power"
1705.11122,2018-01-30,Controllable Invariance through Adversarial Feature Learning
1706.05011,2017-06-19,Measuring Personalization of Web Search
1706.09742,2017-06-30,"AP17-OLR Challenge: Data, Plan, and Baseline"
1706.09744,2018-08-01,Filter Bank Multicarrier in Massive MIMO: Analysis and Channel   Equalization
1706.09748,2017-06-30,On Sampling Edges Almost Uniformly
1706.09749,2017-06-30,Pattern of Internet Usage in Cyber Cafes in Manila: An Exploratory Study
1706.09752,2019-08-27,Bounds on Information Combining With Quantum Side Information
1706.09754,2017-07-03,Speaker Identification Investigation and Analysis in Unbiased and Biased   Emotional Talking Environments
1706.09758,2017-07-03,Using Second-Order Hidden Markov Model to Improve Speaker Identification   Recognition Performance under Neutral Condition
1706.09760,2017-06-30,Employing both Gender and Emotion Cues to Enhance Speaker Identification   Performance in Emotional Talking Environments
1706.09763,2018-09-05,Dynamical selection of Nash equilibria using Experience Weighted   Attraction Learning: emergence of heterogeneous mixed equilibria
1706.09764,2017-06-30,Multi-tap Digital Canceller for Full-Duplex Applications
1706.09765,2017-06-30,Numerical Semigroups and Codes
1706.09767,2017-06-30,Speaker Identification in each of the Neutral and Shouted Talking   Environments based on Gender-Dependent Approach Using SPHMMs
1706.09770,2017-06-30,New Lower Bounds on the Generalized Hamming Weights of AG Codes
1706.09771,2017-06-30,A Survey of Security Assessment Ontologies
1706.09772,2017-06-30,The Security Assessment Domain: A Survey of Taxonomies and Ontologies
1706.09773,2018-03-14,Interpretability via Model Extraction
1706.09774,2018-02-15,Force sensing with an optically levitated charged nanoparticle
1706.09776,2018-04-23,Numerical assessment of two-level domain decomposition preconditioners   for incompressible Stokes and elasticity equations
1706.09777,2017-06-30,Service adoption spreading in online social networks
1706.09778,2017-10-18,Opportunistic Scheduling as Restless Bandits
1706.09780,2019-03-26,ENLIVE: An Efficient Nonlinear Method for Calibrationless and Robust   Parallel Imaging
1706.09787,2018-08-24,Application Protocols enabling Internet of Remote Things via Random   Access Satellite Channels
1706.09789,2017-09-26,Two-Stage Synthesis Networks for Transfer Learning in Machine   Comprehension
1706.09793,2017-11-28,Scanning Diamond NV Center Probes Compatible with Conventional AFM   Technology
1706.09795,2017-06-30,Feature uncertainty bounding schemes for large robust nonlinear SVM   classifiers
1707.00061,2017-07-04,Racial Disparity in Natural Language Processing: A Case Study of Social   Media African-American English
1707.01477,2017-09-06,"Like trainer, like bot? Inheritance of bias in algorithmic content   moderation"
1707.00971,2017-07-05,"Characterizing videos, audience and advertising in Youtube channels for   kids"
1706.08519,2017-06-28,On conditional parity as a notion of non-discrimination in machine   learning
1707.09457,2017-08-01,Men Also Like Shopping: Reducing Gender Bias Amplification using   Corpus-level Constraints
1707.08120,2018-03-22,Proxy Non-Discrimination in Data-Driven Systems
1708.05448,2017-08-21,On Ensuring that Intelligent Machines Are Well-Behaved
1709.10159,2017-10-02,A Web of Hate: Tackling Hateful Speech in Online Social Spaces
1710.04117,2017-10-12,Analyzing Gender Stereotyping in Bollywood Movies
1710.04142,2017-10-12,"Bollywood Movie Corpus for Text, Images and Videos"
1710.03184,2018-05-29,On Formalizing Fairness in Prediction with Machine Learning
1710.06921,2017-10-20,Themis-ml: A Fairness-aware Machine Learning Interface for End-to-end   Discrimination Discovery and Mitigation
1710.11048,2017-11-07,Demographics in Social Media Data for Public Health Research: Does it   matter?
1711.08412,2018-06-20,Word Embeddings Quantify 100 Years of Gender and Ethnic Stereotypes
1711.09050,2017-11-27,Ethical Challenges in Data-Driven Dialogue Systems
1711.10251,2017-11-29,Joint Non-negative Matrix Factorization for Learning Ideological Leaning   on Twitter
1712.00846,2018-01-24,Always Lurking: Understanding and Mitigating Bias in Online Human   Trafficking Detection
1711.10093,2017-11-29,Surfacing contextual hate speech words within social media
1712.02033,2017-12-29,Evaluating the Usability of Automatically Generated Captions for People   who are Deaf or Hard of Hearing
1712.08291,2017-12-25,"TFW, DamnGina, Juvie, and Hotsie-Totsie: On the Linguistic and Social   Aspects of Internet Slang"
1712.07512,2017-12-21,Ethical Questions in NLP Research: The (Mis)-Use of Forensic Linguistics
1712.06427,2017-12-29,Detecting Hate Speech in Social Media
1801.03261,2018-01-11,Exploring Stereotypes and Biased Data with the Crowd
1801.05802,2018-03-16,"Measuring, Understanding, and Classifying News Media Sympathy on Twitter   after Crisis Events"
1801.07593,2018-01-25,Mitigating Unwanted Biases with Adversarial Learning
1801.07495,2018-03-09,The Enemy Among Us: Detecting Hate Speech with Threats Based 'Othering'   Language Embeddings
1801.10408,2018-02-01,'It's Reducing a Human Being to a Percentage'; Perceptions of Justice in   Algorithmic Decisions
1802.00385,2018-02-22,A Unified Deep Learning Architecture for Abuse Detection
1802.00393,2018-04-17,Large Scale Crowdsourcing and Characterization of Twitter Abusive   Behavior
1802.07281,2018-10-18,Fairness of Exposure in Rankings
1802.09416,2018-05-25,A Quality Type-aware Annotated Corpus and Lexicon for Harassment   Research
1802.09287,2018-02-27,Gender Aware Spoken Language Translation Applied to English-Arabic
1802.08690,2018-02-27,"""You are no Jack Kennedy"": On Media Selection of Highlights from   Presidential Debates"
1803.03428,2018-03-12,A Bias Aware News Recommendation System
1803.03662,2018-10-26,Hate Speech Detection: A Solved Problem? The Challenging Case of Long   Tail on Twitter
1803.05495,2018-03-16,Challenges in Discriminating Profanity from Hate Speech
1803.09288,2019-11-13,The Geometry of Culture: Analyzing Meaning through Word Embeddings
1803.07233,2018-03-21,Closing the AI Knowledge Gap
1803.09797,2019-03-15,Women also Snowboard: Overcoming Bias in Captioning Models
1803.11175,2018-04-13,Universal Sentence Encoder
1803.10124,2018-08-17,Sampling the News Producers: A Large News and Feature Data Set for the   Study of the Complex Media Landscape
1803.10329,2019-12-03,Gender Bias in Sharenting: Both Men and Women Mention Sons More Often   Than Daughters on Social Media
1804.00084,2018-04-03,Characterizing Interconnections and Linguistic Patterns in Twitter
1803.10738,2018-03-29,Self-Representation on Twitter Using Emoji Skin Color Modifiers
1803.09002,2018-09-06,Socio-spatial Self-organizing Maps: Using Social Media to Assess   Relevant Geographies for Exposure to Social Processes
1804.03839,2018-04-12,Generating Clues for Gender based Occupation De-biasing in Text
1804.04096,2018-04-12,"Analyzing Right-wing YouTube Channels: Hate, Violence and Discrimination"
1804.04257,2018-04-13,Hate Lingo: A Target-based Linguistic Analysis of Hate Speech in Social   Media
1804.04649,2018-04-13,Peer to Peer Hate: Hate Speech Instigators and Their Targets
1804.06876,2018-04-20,Gender Bias in Coreference Resolution: Evaluation and Debiasing Methods
1804.06440,2018-04-19,Detecting Linguistic Characteristics of Alzheimer's Dementia by   Interpreting Neural Models
1804.05704,2018-04-23,The Effect of Extremist Violence on Hateful Speech Online
1804.07331,2018-04-23,Stylistic Variation in Social Media Part-of-Speech Tagging
1804.09301,2018-04-26,Gender Bias in Coreference Resolution
1804.09000,2018-05-25,Style Transfer Through Back-Translation
1805.00352,2018-05-02,Word2Vec and Doc2Vec in Unsupervised Sentiment Analysis of Clinical   Discharge Summaries
1805.00444,2018-05-02,Skin Tone Emoji and Sentiment on Twitter
1805.00471,2018-05-03,"""I ain't tellin' white folks nuthin"": A quantitative exploration of the   race-related problem of candour in the WPA slave narratives"
1805.04508,2018-05-14,Examining Gender and Race Bias in Two Hundred Sentiment Analysis Systems
1805.06093,2018-05-17,Towards Robust and Privacy-preserving Text Representations
1805.04661,2018-05-15,Examining a hate speech corpus for hate speech detection and popularity   prediction
1805.06939,2019-06-21,"Event2Mind: Commonsense Inference on Events, Intents, and Reactions"
1805.09139,2018-05-24,Demographic differences in search engine use with implications for   cohort selection
1805.08718,2018-07-26,Inferring Human Traits From Facebook Statuses
1805.11295,2018-05-31,Unsupervised detection of diachronic word sense evolution
1805.12002,2018-12-12,Why Is My Classifier Discriminatory?
1805.12512,2018-09-25,On the Origins of Memes by Means of Fringe Web Communities
1806.04197,2018-06-13,Degree based Classification of Harmful Speech using Twitter Data
1806.05337,2019-01-17,Hierarchical interpretations for neural network predictions
1806.03743,2020-02-26,Are All Languages Equally Hard to Language-Model?
1806.06301,2018-06-19,"Biased Embeddings from Wild Data: Measuring, Understanding and Removing"
1806.08010,2018-08-01,Fairness Without Demographics in Repeated Loss Minimization
1806.05112,2018-06-14,Comparing Fairness Criteria Based on Social Outcome
1806.05521,2018-06-15,SemAxis: A Lightweight Framework to Characterize Domain-Specific Word   Semantics Beyond Sentiment
1806.06055,2020-04-16,Classification with Fairness Constraints: A Meta-Algorithm with Provable   Guarantees
1807.00517,2018-07-03,Women also Snowboard: Overcoming Bias in Captioning Models (Extended   Abstract)
1807.00124,2019-07-03,Modeling Mistrust in End-of-Life Care
1806.09202,2018-06-26,Balanced News Using Constrained Bandit-based Personalization
1806.11183,2018-07-02,Cross-Discourse and Multilingual Exploration of Textual Corpora with the   DualNeighbors Algorithm
1807.05184,2019-05-22,Quantifying time-dependent Media Agenda and Public Opinion by topic   modeling
1807.07217,2019-09-10,Deconfounding age effects with fair representation learning when   assessing dementia
1807.10615,2018-07-30,Judging a Book by its Description : Analyzing Gender Stereotypes in the   Man Bookers Prize Winning Fiction
1808.00089,2019-01-16,Towards Composable Bias Rating of AI Services
1807.11714,2019-06-03,Gender Bias in Neural Natural Language Processing
1807.10875,2018-07-31,TensorFuzz: Debugging Neural Networks with Coverage-Guided Fuzzing
1807.10882,2018-07-31,Analyzing Uncivil Speech Provocation and Implicit Topics in Online   Political News
1808.04409,2019-04-08,Thou shalt not hate: Countering Online Hate Speech
1808.06640,2018-09-05,Adversarial Removal of Demographic Attributes from Text Data
1808.07231,2018-08-23,Reducing Gender Bias in Abusive Language Detection
1808.07235,2018-08-23,Finding Good Representations of Emotions for Text Classification
1808.09023,2019-03-19,Real-time Pedestrian Detection Approach with an Efficient Data   Communication Bandwidth Strategy
1808.09024,2018-08-29,Optimal Grid Drawings of Complete Multipartite Graphs and an Integer   Variant of the Algebraic Connectivity
1808.09025,2020-01-08,Wavefront shaping in complex media at 350 KHz with a 1D-to-2D transform
1808.09027,2018-10-30,SD-WAN Internet Census
1808.09028,2021-04-30,"Robust, Expressive, and Quantitative Linear Temporal Logics: Pick any   Two for Free (full version)"
1808.09029,2018-08-29,Pyramidal Recurrent Unit for Language Modeling
1808.09031,2018-08-29,Targeted Syntactic Evaluation of Language Models
1808.09034,2018-10-30,Importance Weighting and Variational Inference
1808.09036,2018-08-29,ParsRec: Meta-Learning Recommendations for Bibliographic Reference   Parsing
1808.09037,2021-09-21,Measuring the Volatility of the Political agenda in Public Opinion and   News Media
1808.09040,2018-08-29,One-Shot Relational Learning for Knowledge Graphs
1808.09042,2019-04-11,Adversarial Decomposition of Text Representation
1808.09044,2018-08-29,Single Shot Scene Text Retrieval
1808.09050,2019-07-23,Adversarial Feature Learning of Online Monitoring Data for Operational   Risk Assessment in Distribution Networks
1808.09053,2018-08-29,Hybrid Processing Design for Multipair Massive MIMO Relaying with   Channel Spatial Correlation
1808.09055,2018-10-08,Parameter sharing between dependency parsers for related languages
1808.09057,2020-03-03,"Loss Functions, Axioms, and Peer Review"
1808.09058,2018-09-14,Quantum enhanced cross-validation for near-optimal neural networks   architecture selection
1808.09060,2018-08-29,"An Investigation of the Interactions Between Pre-Trained Word   Embeddings, Character Models and POS Tags in Dependency Parsing"
1808.09062,2018-09-21,Cognitive Consistency Routing Algorithm of Capsule-network
1808.09063,2019-08-07,Greedy Rectilinear Drawings
1808.09068,2018-08-29,WeSeer: Visual Analysis for Better Information Cascade Prediction of   WeChat Articles
1808.09071,2018-11-06,Closed-Form Word Error Rate Analysis for Successive Interference   Cancellation Decoders
1808.09074,2018-08-29,EmbeddingVis: A Visual Analytics Approach to Comparative Network   Embedding Inspection
1808.09075,2018-08-29,Evaluating the Utility of Hand-crafted Features in Sequence Labelling
1808.08460,2018-11-26,The Social Cost of Strategic Classification
1808.09115,2018-11-06,"All You Need is ""Love"": Evading Hate-speech Detection"
1808.10245,2018-08-31,Comparative Studies of Detecting Abusive Language on Twitter
1809.01496,2018-09-06,Learning Gender-Neutral Word Embeddings
1809.02208,2019-03-12,Assessing Gender Bias in Machine Translation -- A Case Study with Google   Translate
1809.00378,2018-09-05,Neural Character-based Composition Models for Abuse Detection
1809.01644,2021-01-12,A Quantitative Approach to Understanding Online Antisemitism
1809.03040,2018-10-05,Fairness-Aware Recommendation of Information Curators
1809.03944,2018-09-12,Multilingual Cross-domain Perspectives on Online Hate Speech
1809.03332,2018-09-11,Assessing and Addressing Algorithmic Bias - But Before We Get There
1809.04444,2018-09-13,Hate Speech Dataset from a White Supremacy Forum
1809.03260,2018-09-11,Automated Test Generation to Detect Individual Discrimination in AI   Models
1809.04578,2019-06-04,"Simplicity Creates Inequity: Implications for Fairness, Stereotypes, and   Interpretability"
1809.06951,2018-09-20,Mind Your POV: Convergence of Articles and Editors Towards Wikipedia's   Neutrality Norm
1809.08651,2018-09-25,Detecting Hate Speech and Offensive Language on Twitter using Machine   Learning: An N-gram and TFIDF based Approach
1809.08652,2018-09-25,Mind Your Language: Abuse and Offense Detection for Code-Switched   Languages
1809.10610,2019-02-15,Counterfactual Fairness in Text Classification through Robustness
1809.07842,2018-09-24,Bias Amplification in Artificial Intelligence Systems
1810.01765,2018-10-04,Predicting Factuality of Reporting and Bias of News Media Sources
1810.03993,2019-01-16,Model Cards for Model Reporting
1810.04528,2018-10-11,Is there Gender bias and stereotype in Portuguese Word Embeddings?
1810.03611,2019-06-11,Understanding the Origins of Bias in Word Embeddings
1810.05201,2018-10-15,Mind the GAP: A Balanced Corpus of Gendered Ambiguous Pronouns
1810.09147,2019-09-04,Summarizing User-generated Textual Content: Motivation and Methods for   Fairness in Algorithmic Summaries
1811.00644,2019-07-11,Analyzing and learning the language for different types of harassment
1810.13314,2019-03-04,"Crowdsourcing with Fairness, Diversity and Budget Constraints"
1811.01747,2019-06-17,The Knowref Coreference Corpus: Removing Gender and Number Cues for   Difficult Pronominal Anaphora Resolution
1811.03275,2018-11-09,Quantum Semantic Correlations in Hate and Non-Hate Speeches
1811.04599,2020-07-01,The Cinderella Complex: Word Embeddings Reveal Gender Stereotypes in   Movies and Books
1811.02994,2018-11-08,An exploration of algorithmic discrimination in data and classification
1811.05740,2018-11-15,Neural Based Statement Classification for Biased Language
1811.04890,2018-11-16,When do Words Matter? Understanding the Impact of Lexical Choice on   Audience Perception using Individual Treatment Effect Estimation
1811.06693,2018-12-06,Exploring Media Bias and Toxicity in South Asian Political Discourse
1811.07497,2018-11-20,A Comparative Analysis of Content-based Geolocation in Blogs and Tweets
1811.05577,2019-04-30,Aequitas: A Bias and Fairness Audit Toolkit
1811.07061,2018-11-20,Using Sentiment Induction to Understand Variation in Gendered Online   Communities
1811.09539,2024-05-28,State of the Art in Fair ML: From Moral Philosophy and Legislation to   Fair Classifiers
1811.10670,2018-11-28,AI Fairness for People with Disabilities: Point of View
1811.12254,2018-11-30,The Effect of Heterogeneous Data for Alzheimer's Disease Detection from   Speech
1811.12900,2018-12-03,Detecting Offensive Content in Open-domain Conversations using Two Stage   Semi-supervision
1812.02712,2018-12-07,Analyzing the hate and counter speech accounts on Twitter
1812.02573,2020-01-01,Probabilistic Verification of Fairness Properties via Concentration
1812.06700,2018-12-18,Hateminers : Detecting Hate speech against Women
1812.05239,2019-01-09,Improving fairness in machine learning systems: What do industry   practitioners need?
1812.08769,2019-06-21,What are the biases in my word embedding?
1812.10424,2021-04-28,Measuring Societal Biases from Text Corpora with Smoothed First-Order   Co-occurrence
1901.03116,2019-06-04,Equalizing Gender Biases in Neural Machine Translation with Word   Embeddings Techniques
1901.03793,2019-01-15,The Importance of Socio-Cultural Differences for Annotating and   Detecting the Affective States of Students
1901.04562,2019-01-16,"Putting Fairness Principles into Practice: Challenges, Metrics, and   Improvements"
1901.07656,2019-01-24,Attenuating Bias in Word Vectors
1901.04966,2019-01-16,Identifying and Correcting Label Bias in Machine Learning
1901.07999,2019-06-11,Wikipedia Cultural Diversity Dataset: A Complete Cartography for 300   Language Editions
1901.09451,2019-01-29,Bias in Bios: A Case Study of Semantic Representation Bias in a   High-Stakes Setting
1901.07694,2019-01-24,Explaining Models: An Empirical Study of How Explanations Impact   Fairness Judgment
1901.09565,2019-01-29,Fairness in representation: quantifying stereotyping as a   representational harm
1901.10437,2019-05-14,Quantifying the Impact of User Attention on Fair Group Representation in   Ranked Lists
1902.00119,2019-02-04,"Race, Ethnicity and National Origin-based Discrimination in Social Media   and Hate Crimes Across 100 U.S. Cities"
1902.00496,2019-02-04,Examining the Presence of Gender Bias in Customer Reviews Using Word   Embedding
1902.02179,2019-02-07,Assessing Partisan Traits of News Text Attributions
1902.03089,2019-02-11,How is Your Mood When Writing Sexist tweets? Detecting the Emotion Type   and Intensity of Emotion Using Natural Language Processing Techniques
1902.03093,2019-02-11,A large-scale crowdsourced analysis of abuse against women journalists   and politicians on Twitter
1902.02765,2019-02-11,Red Bots Do It Better: Comparative Analysis of Social Bot Partisan   Behavior
1902.10584,2019-02-28,When a Tweet is Actually Sexist. A more Comprehensive Classification of   Different Online Harassment Categories and The Challenges in NLP
1902.06734,2019-02-19,Author Profiling for Hate Speech Detection
1902.10419,2021-07-29,Reconciliation k-median: Clustering with Non-Polarized Representatives
1903.02088,2019-03-07,Limitations of Pinned AUC for Measuring Unintended Bias
1903.03862,2019-09-25,Lipstick on a Pig: Debiasing Methods Cover up Systematic Gender Biases   in Word Embeddings But do not Remove Them
1903.04561,2019-05-09,Nuanced Metrics for Measuring Unintended Bias with Real Data for Text   Classification
1903.02134,2020-08-19,Negative Training for Neural Dialogue Response Generation
1903.03467,2019-03-11,Filling Gender & Number Gaps in Neural Machine Translation with   Black-box Context Injection
1903.06469,2020-06-16,Using Data Science to Understand the Film Industry's Gender Gap
1903.07581,2019-05-14,MediaRank: Computational Ranking of Online News Sources
1903.10561,2019-03-27,On Measuring Social Biases in Sentence Encoders
1904.00542,2019-04-02,Multi-Task Ordinal Regression for Jointly Predicting the Trustworthiness   and the Leading Political Ideology of News Media
1904.02095,2019-09-13,Discrimination through optimization: How Facebook's ad delivery can lead   to skewed outcomes
1904.02679,2019-06-12,Visualizing Attention in Transformer-Based Language Representation   Models
1904.01531,2019-05-20,Rating Reliability and Bias in News Articles: Does AI Assistance Help   Everyone?
1904.01546,2019-04-03,NELA-GT-2018: A Large Multi-Labelled News Dataset for The Study of   Misinformation in News Articles
1904.03035,2019-04-08,Identifying and Reducing Gender Bias in Word-Level Language Models
1904.02418,2019-04-05,Learning to Decipher Hate Symbols
1904.03352,2020-10-02,Simple dynamic word embeddings for mapping perceptions in the public   sphere
1904.03310,2019-04-09,Gender Bias in Contextualized Word Embeddings
1904.01596,2019-04-05,Analyzing Polarization in Social Media: Method and Application to Tweets   on 21 Mass Shootings
1904.01628,2019-04-04,"Identification, Interpretability, and Bayesian Word Embeddings"
1904.04047,2019-07-03,Black is to Criminal as Caucasian is to Police: Detecting and Removing   Multiclass Bias in Word Embeddings
1904.03513,2019-04-09,Team QCRI-MIT at SemEval-2019 Task 4: Propaganda Analysis Meets   Hyperpartisan News Detection
1904.04164,2019-04-09,Contextual Affective Analysis: A Case Study of People Portrayals in   Online #MeToo Stories
1904.04176,2019-04-09,"Smart, Responsible, and Upper Caste Only: Measuring Caste Attitudes   through Large-Scale Analysis of Matrimonial Profiles"
1904.05233,2019-04-11,What's in a Name? Reducing Bias in Bios without Access to Protected   Attributes
1904.03596,2019-07-18,Hybrid Approaches to Detect Comments Violating Macro Norms on Reddit
1904.05152,2019-04-11,NLPR@SRPOL at SemEval-2019 Task 6 and Task 5: Linguistically enhanced   deep learning offensive sentence classifier
1904.08292,2019-04-18,Amobee at SemEval-2019 Tasks 5 and 6: Multiple Choice CNN Over   Contextual Embedding
1904.08783,2019-04-19,Evaluating the Underlying Gender Bias in Contextualized Word Embeddings
1904.08654,2019-09-16,Analytical Methods for Interpretable Ultradense Word Embeddings
1904.07839,2019-04-17,UTFPR at SemEval-2019 Task 5: Hate Speech Identification with Recurrent   Neural Networks
1904.11783,2019-04-30,Are We Consistently Biased? Multidimensional Analysis of Biases in   Distributional Word Vectors
1905.00724,2019-11-20,KnowBias: A Novel AI Method to Detect Polarity in Online Content
1904.12991,2019-06-05,"""Why Should You Trust My Explanation?"" Understanding Uncertainty in LIME   Explanations"
1905.01780,2019-06-12,Anonymized BERT: An Augmentation Approach to the Gendered Pronoun   Resolution Challenge
1905.03403,2019-05-10,Fairness across Network Positions in Cyberbullying Detection Algorithms
1905.01989,2019-09-04,Fairness-Aware Ranking in Search & Recommendation Systems with   Application to LinkedIn Talent Search
1905.00569,2019-11-05,Group Retention when Using Machine Learning in Sequential Decision   Making: the Interplay between User Dynamics and Fairness
1905.05961,2019-05-16,Demographic Inference and Representative Population Estimates from   Multilingual Social Media Data
1905.06134,2019-05-16,Recommending Dream Jobs in a Biased Real World
1905.04799,2019-05-14,The Secret Lives of Names? Name Embeddings from Social Media
1905.08868,2019-06-04,Look Again at the Syntax: Relational Graph Convolutional Network for   Gendered Ambiguous Pronoun Resolution
1905.09866,2019-11-12,Fair is Better than Sensational:Man is to Doctor as Woman is to Doctor
1905.07857,2020-07-07,"CERTIFAI: Counterfactual Explanations for Robustness, Transparency,   Interpretability, and Fairness of Artificial Intelligence models"
1905.11684,2019-05-29,On Measuring Gender Bias in Translation of Gender-neutral Pronouns
1905.11742,2020-02-11,Overlearning Reveals Sensitive Attributes
1905.11985,2020-07-01,Wide range screening of algorithmic bias in word embedding models using   large sentiment lexicons reveals underreported bias types
1905.12516,2019-05-30,Racial Bias in Hate Speech and Abusive Language Detection Datasets
1905.12101,2019-10-29,Differential Privacy Has Disparate Impact on Model Accuracy
1905.12801,2019-06-05,Reducing Gender Bias in Word-Level Language Models with a   Gender-Equalizing Loss Function
1905.13364,2019-06-03,Can We Derive Explicit and Implicit Bias from Corpus?
1905.13134,2020-04-24,FairSearch: A Tool For Fairness in Ranked Search Results
1906.00742,2019-06-04,Gender-preserving Debiasing for Pre-trained Word Embeddings
1906.00591,2019-06-04,Evaluating Gender Bias in Machine Translation
1906.00839,2019-06-04,Gendered Ambiguous Pronouns Shared Task: Boosting Model Confidence by   Evidence Pooling
1905.12741,2020-07-28,Adapting Text Embeddings for Causal Inference
1906.01440,2019-06-05,Tracing Antisemitic Language Through Diachronic Embedding Projections:   France 1789-1914
1906.01161,2019-06-14,Resolving Gendered Ambiguous Pronouns with BERT
1906.01762,2019-06-06,Entity-Centric Contextual Affective Analysis
1906.01738,2019-06-11,A Just and Comprehensive Strategy for Using NLP to Address Online Abuse
1906.02164,2020-07-01,Data preprocessing to mitigate bias: A maximum entropy based approach
1906.02059,2019-06-06,Neural Legal Judgment Prediction in English
1906.03695,2019-06-11,Gendered Pronoun Resolution using BERT and an extractive question   answering formulation
1906.04571,2020-05-28,Counterfactual Data Augmentation for Mitigating Gender Stereotypes in   Languages with Rich Morphology
1906.04760,2019-06-13,Unsupervised Discovery of Gendered Language through Latent-Variable   Modeling
1906.04836,2019-06-13,Unmasking Bias in News
1906.03518,2019-06-11,Maximum Weighted Loss Discrepancy
1906.05714,2019-06-14,A Multiscale Visualization of Attention in the Transformer Model
1906.05993,2019-06-17,Conceptor Debiasing of Word Representations Evaluated on WEAT
1906.06425,2019-06-18,Principled Frameworks for Evaluating Ethics in NLP Systems
1906.07337,2019-06-19,Measuring Bias in Contextualized Word Representations
1906.03829,2023-10-31,Transfer Learning for Hate Speech Detection in Social Media
1906.03843,2020-05-11,Learning Fair Naive Bayes Classifiers by Discovering and Eliminating   Discrimination Patterns
1906.05330,2020-01-08,Pairwise Fairness for Ranking and Regression
1906.08286,2019-06-21,Incorporating Priors with Feature Attribution on Text Classification
1906.08379,2019-06-21,Considerations for the Interpretation of Bias Measures of Word   Embeddings
1906.08976,2019-06-24,Mitigating Gender Bias in Natural Language Processing: Literature Review
1906.08732,2019-08-30,Multi-Category Fairness in Sponsored Search Auctions
1906.10256,2019-07-16,"Good Secretaries, Bad Truck Drivers? Occupational Gender Stereotypes in   Sentiment Analysis"
1906.09688,2019-11-18,Transfer of Machine Learning Fairness across Domains
1906.09325,2019-06-25,Exploiting Unsupervised Pre-training and Automated Feature Engineering   for Low-resource Hate Speech Detection in Polish
1906.12068,2019-07-01,Lost in Translation: Loss and Decay of Linguistic Richness in Machine   Translation
1906.10244,2019-06-26,Generating User-friendly Explanations for Loan Denials using GANs
1907.00020,2020-03-16,Training individually fair ML models with Sensitive Subspace Robustness
1907.00810,2019-07-02,"Multilingual, Multi-scale and Multi-layer Visualization of Intermediate   Representations"
1907.01260,2020-05-22,Predicting the Topical Stance of Media and Popular Twitter Users
1907.02227,2019-08-06,Toward Fairness in AI for People with Disabilities: A Research Roadmap
1907.02956,2019-07-08,The FACTS of Technology-Assisted Sensitivity Review
1907.01671,2019-07-04,Quantifying Algorithmic Biases over Time
1907.03702,2020-11-24,Identifying Missing Component in the Bechdel Test Using Principal   Component Analysis Method
1907.00510,2019-07-02,Hidden in Plain Sight For Too Long: Using Text Mining Techniques to   Shine a Light on Workplace Sexism and Sexual Harassment
1907.03718,2019-07-09,CobWeb: A Research Prototype for Exploring User Bias in Political   Fact-Checking
1907.04135,2019-10-04,The What-If Tool: Interactive Probing of Machine Learning Models
1907.07818,2019-07-19,Decoding the Style and Bias of Song Lyrics
1907.05755,2019-07-15,Proceedings of FACTS-IR 2019
1907.07253,2019-07-18,Fairness and Diversity in the Recommendation and Ranking of   Participatory Media Content
1907.08922,2019-07-23,"Using Word Embeddings to Examine Gender Bias in Dutch Newspapers,   1950-1990"
1907.09328,2019-07-23,A Conceptual Framework for Evaluating Fairness in Search
1907.10641,2019-11-25,WinoGrande: An Adversarial Winograd Schema Challenge at Scale
1907.10855,2019-07-26,Machine learning and semantic analysis of in-game chat for cyberbullying
1908.00308,2019-08-02,MSnet: A BERT-based Network for Gendered Pronoun Resolution
1907.12059,2019-07-30,Wasserstein Fair Classification
1907.13511,2021-05-11,Personalizing ASR for Dysarthric and Accented Speech with Limited Data
1908.00153,2019-08-30,Hateful People or Hateful Bots? Detection and Characterization of Bots   Spreading Religious Hatred in Arabic Social Media
1908.02810,2019-08-09,Debiasing Embeddings for Reduced Gender Bias in Text Classification
1908.00456,2019-08-02,Auditing News Curation Systems: A Case Study Examining Algorithmic and   Editorial Logic in Apple News
1908.02322,2019-08-08,DpgMedia2019: A Dutch News Dataset for Partisanship Detection
1908.04728,2019-08-14,Improving Generalization in Coreference Resolution via Adversarial   Training
1908.05757,2019-08-19,Debiasing Personal Identities in Toxicity Classification
1908.06361,2019-08-20,Understanding Undesirable Word Embedding Associations
1908.06165,2019-08-20,Oxford Handbook on AI Ethics Book Chapter on Race and Gender
1908.07125,2021-01-05,Universal Adversarial Triggers for Attacking and Analyzing NLP
1908.08025,2019-10-15,WikiCREM: A Large Unsupervised Corpus for Coreference Resolution
1908.06024,2020-10-01,Tackling Online Abuse: A Survey of Automated Abuse Detection Methods
1908.07336,2019-08-21,Interpreting Social Respect: A Normative Lens for ML Models
1908.08717,2019-08-26,Gender Representation in French Broadcast Corpora and Its Impact on ASR   Performance
1908.07333,2019-08-21,Fairness Issues in AI Systems that Augment Sensory Abilities
1908.06708,2019-08-20,Recommender Systems Fairness Evaluation via Generalized Cross Entropy
1908.07924,2019-10-02,Data Management for Causal Algorithmic Fairness
1908.09369,2019-11-27,On Measuring and Mitigating Biased Inferences of Word Embeddings
1908.08843,2020-03-20,Fairness in Deep Learning: A Computational Perspective
1908.09203,2019-11-14,Release Strategies and the Social Impacts of Language Models
1908.09635,2022-01-26,A Survey on Bias and Fairness in Machine Learning
1908.11030,2019-12-11,Towards Ethical Content-Based Detection of Online Influence Campaigns
1908.11474,2019-10-24,Detecting and Reducing Bias in a High Stakes Domain
1908.09091,2019-12-24,BERT for Coreference Resolution: Baselines and Analysis
1908.09092,2019-12-06,Fairness Warnings and Fair-MAML: Learning Fairly with Minimal Data
1908.10414,2019-09-04,Artificial Intelligence Fairness in the Context of Accessibility   Research on Intelligent Systems for People who are Deaf or Hard of Hearing
1908.11049,2019-08-30,Multilingual and Multi-Aspect Hate Speech Analysis
1909.00091,2019-09-04,Automatically Inferring Gender Associations from Language
1909.00871,2020-02-06,It's All in the Name: Mitigating Gender Bias with Name-Based   Counterfactual Data Substitution
1909.01167,2019-09-04,Feasibility of Using Automatic Speech Recognition with Voices of Deaf   and Hard-of-Hearing Individuals
1909.01176,2019-09-04,"Deaf, Hard of Hearing, and Hearing Perspectives on using Automatic   Speech Recognition in Conversation"
1909.00554,2019-09-04,Analysis of Bias in Gathering Information Between User Attributes in   News Application
1909.01326,2019-10-25,The Woman Worked as a Babysitter: On Biases in Language Generation
1909.02224,2019-09-11,Examining Gender Bias in Languages with Grammatical Gender
1909.02670,2019-09-09,In Plain Sight: Media Bias Through the Lens of Factual Reporting
1909.01495,2019-09-05,Cross-Cutting Political Awareness through Diverse News Recommendations
1909.02126,2019-09-06,Reporting the Unreported: Event Extraction for Analyzing the Local   Representation of Hate Crimes
1909.02602,2019-09-09,Common Library 1.0: A Corpus of Victorian Novels Reflecting the   Population in Terms of Publication Year and Author Gender
1909.02853,2019-09-10,Automatic Speech Recognition Services: Deaf and Hard-of-Hearing   Usability
1909.03343,2019-10-22,Investigating Sports Commentator Bias within a Large Corpus of American   Football Broadcasts
1909.03290,2019-09-10,"Pretrained AI Models: Performativity, Mobility, and Change"
1909.02063,2022-10-12,The Diversity-Innovation Paradox in Science
1909.04251,2019-09-11,A Benchmark Dataset for Learning to Intervene in Online Hate Speech
1909.04386,2019-09-11,Attesting Biases and Discrimination using Language Semantics
1909.06092,2020-01-06,A General Framework for Implicit and Explicit Debiasing of   Distributional Word Vector Spaces
1909.05088,2019-09-12,Getting Gender Right in Neural Machine Translation
1909.06865,2021-06-22,I-MAD: Interpretable Malware Detector Using Galaxy Transformer
1909.06867,2020-05-01,A Dual-hierarchy Semantic Graph for Robust Object Recognition
1909.06868,2019-09-17,ChOracle: A Unified Statistical Framework for Churn Prediction
1909.06869,2019-09-17,State Space Collapse in Resource Allocation for Demand Dispatch
1909.06871,2019-09-17,Optimal robustness of passive discrete time systems
1909.06872,2020-03-20,Detecting Adversarial Samples Using Influence Functions and Nearest   Neighbors
1909.06873,2019-09-17,A Robust Closed-Loop Biped Locomotion Planner Based on Time Varying   Model Predictive Control
1909.06876,2019-09-17,Global optimization of parameters in the reactive force field ReaxFF for   SiOH
1909.06877,2019-09-17,Query-Focused Scenario Construction
1909.06878,2021-03-09,Model Based Planning with Energy Based Models
1909.06881,2020-06-02,Ar/Cl$_{2}$ etching of GaAs optomechanical microdisks fabricated with   positive electroresist
1909.06884,2019-09-17,Performance Evaluation of Learned 3D Features
1909.06885,2021-03-30,6DLS: Modeling Nonplanar Frictional Surface Contacts for Grasping using   6D Limit Surfaces
1909.06886,2020-06-16,Temporal Self-Attention Network for Medical Concept Embedding
1909.06887,2019-09-17,Learning an Effective Equivariant 3D Descriptor Without Supervision
1909.06890,2019-09-17,Hijacking Routes in Payment Channel Networks: A Predictability Tradeoff
1909.06892,2020-05-06,TiM-DNN: Ternary in-Memory accelerator for Deep Neural Networks
1909.06893,2019-09-17,Empirical study towards understanding line search approximations for   training neural networks
1909.06894,2019-11-27,Non-Causal Tracking by Deblatting
1909.06895,2020-05-13,Asynchronous Filling by Myopic Luminous Robots
1909.06897,2021-11-02,Brno Urban Dataset -- The New Data for Self-Driving Agents and Mapping   Tasks
1909.06898,2021-08-10,Efficient Rational Creative Telescoping
1909.06900,2019-09-17,Exploiting Fast Decaying and Locality in Multi-Agent MDP with Tree   Dependence Structure
1909.06904,2019-09-17,Using an AI creativity system to explore how aesthetic experiences are   processed along the brains perceptual neural pathways
1909.06907,2019-09-17,X-ToM: Explaining with Theory-of-Mind for Gaining Justified Human Trust
1909.07913,2020-04-08,Learning to Deceive with Attention-Based Explanations
1909.06429,2019-09-17,Recommendation or Discrimination?: Quantifying Distribution Parity in   Information Retrieval Systems
1909.07547,2020-01-03,Hierarchical Reinforcement Learning for Open-Domain Dialog
1909.08159,2020-03-12,Decision-Directed Data Decomposition
1909.08975,2019-09-20,Analysing Neural Language Models: Contextual Decomposition Reveals   Default Reasoning in Number and Gender Assignment
1909.09065,2019-10-23,Towards Explainable Neural-Symbolic Visual Reasoning
1909.09758,2020-03-30,Empirical Analysis of Multi-Task Learning for Reducing Model Bias in   Toxic Comment Detection
1909.09285,2019-10-08,Characterizing Sources of Uncertainty to Proxy Calibration and   Disambiguate Annotator and Data Bias
1909.08081,2019-09-19,A Distributed Fair Machine Learning Framework with Private Demographic   Data Protection
1909.10213,2019-09-24,Embedding-based Qualitative Analysis of Polarization in Turkey
1909.12230,2019-11-21,KnowBias: Detecting Political Polarity in Long Text Content
1910.01214,2019-10-07,Annotating Antisemitic Online Content. Towards an Applicable Definition   of Antisemitism
1910.00920,2019-10-25,Race and Religion in Online Abuse towards UK Politicians: Working Paper
1910.01043,2019-10-03,Neural Word Decomposition Models for Abusive Language Detection
1910.03814,2019-10-10,Exploring Hate Speech Detection in Multimodal Publications
1910.04210,2019-10-11,Perturbation Sensitivity Analysis to Detect Unintended Model Biases
1910.02028,2019-10-07,Tanbih: Get To Know What You Are Reading
1910.03206,2020-01-08,Voice for the Voiceless: Active Sampling to Detect Comments Supporting   the Rohingyas
1910.04602,2019-11-19,Multi-label Categorization of Accounts of Sexism using a Neural   Framework
1910.06144,2020-01-20,"What does it mean to solve the problem of discrimination in hiring?   Social, technical and legal perspectives from the UK on automated hiring   systems"
1910.05794,2023-01-05,Islamophobes are not all the same! A study of far right actors on   Twitter
1910.08948,2019-10-22,"Predicting the Leading Political Ideology of YouTube Channels Using   Acoustic, Textual, and Metadata Information"
1910.09729,2019-10-23,"Grammatical Gender, Neo-Whorfianism, and Word Embeddings: A Data-Driven   Approach to Linguistic Relativity"
1910.10486,2020-11-03,Does Gender Matter? Towards Fairness in Dialogue Systems
1910.10872,2019-10-25,Man is to Person as Woman is to Location: Measuring Gender Bias in Named   Entity Recognition
1910.11779,2019-10-28,Toward a better trade-off between performance and fairness with   kernel-based distribution matching
1910.11386,2019-11-05,Detecting gender differences in perception of emotion in crowdsourced   data
1910.13913,2020-12-03,Toward Gender-Inclusive Coreference Resolution
1910.14026,2019-11-01,Neural networks trained with WiFi traces to predict airport passenger   behavior
1910.14028,2020-09-22,"SoK: Chasing Accuracy and Privacy, and Catching Both in Differentially   Private Histogram Publication"
1910.14029,2020-10-28,Flash X-ray diffraction imaging in 3D: a proposed analysis pipeline
1910.14031,2023-06-02,Crop Height and Plot Estimation for Phenotyping from Unmanned Aerial   Vehicles using 3D LiDAR
1910.14033,2020-08-04,Plan Arithmetic: Compositional Plan Vectors for Multi-Task Control
1910.14034,2021-01-27,Are Out-of-Distribution Detection Methods Effective on Large-Scale   Datasets?
1910.14037,2020-04-15,Effects of the Great American Solar Eclipse on the lower ionosphere   observed with VLF waves
1910.14055,2019-11-04,Policy Continuation with Hindsight Inverse Dynamics
1910.14056,2019-11-01,Unsupervised Star Galaxy Classification with Cascade Variational   Auto-Encoder
1910.14063,2019-11-01,LaplacianNet: Learning on 3D Meshes with Laplacian Encoding and Pooling
1910.14064,2020-07-08,Infinite Switch Simulated Tempering in Force (FISST)
1910.14067,2025-03-28,Spectral properties of kernel matrices in the flat limit
1910.14070,2019-11-01,"Comment on ""Convergence towards asymptotic state in 1-D mappings: A   scaling investigation"""
1910.14071,2019-11-01,"On the Stability of Self-similar Blow-up for $C^{1,\alpha}$ Solutions to   the Incompressible Euler Equations on $\mathbb{R}^3$"
1910.14072,2020-06-09,Unsupervised inference approach to facial attractiveness
1910.14073,2019-11-20,A Primal-dual weak Galerkin finite element method for linear convection   equations in non-divergence form
1910.14075,2019-11-01,Fill in the Blanks: Imputing Missing Sentences for Larger-Context Neural   Machine Translation
1910.14076,2019-11-01,A Neural Topic-Attention Model for Medical Term Abbreviation   Disambiguation
1910.14079,2022-01-19,Implicit multirate GARK methods
1910.14080,2024-03-06,Contextual Text Denoising with Masked Language Models
1910.14081,2020-07-21,Duality and Stability in Complex Multiagent State-Dependent Network   Dynamics
1910.14084,2021-11-29,Building an Application Independent Natural Language Interface
1910.14087,2019-11-01,Towards Generalizable Neuro-Symbolic Systems for Commonsense Question   Answering
1910.14088,2019-11-01,A Need for Dedicated Outreach Expertise and Online Programming:   Astro2020 Science White Paper
1910.14093,2025-01-06,Superconvergence of differential structure for finite element methods on   perturbed surface meshes
1910.14497,2023-06-27,Probabilistic Bias Mitigation in Word Embeddings
1910.12574,2019-10-29,A BERT-Based Transfer Learning Approach for Hate Speech Detection in   Online Social Media
1911.00461,2019-11-04,On the Unintended Social Bias of Training Language Generation Models   with Data from Local Media
1910.14161,2019-11-01,How does Grammatical Gender Affect Noun Representations in   Gender-Marking Languages?
1910.14210,2019-11-01,Methodological Blind Spots in Machine Learning Fairness: Lessons from   the Philosophy of Science and Computer Science
1911.01485,2019-11-06,Assessing Social and Intersectional Biases in Contextualized Word   Representations
1911.00147,2019-11-04,Predicting the Politics of an Image Using Webly Supervised Data
1911.01746,2020-07-21,Coreference Resolution as Query-based Span Prediction
1911.03064,2020-10-09,Reducing Sentiment Bias in Language Models via Counterfactual Evaluation
1911.03681,2020-05-04,E-BERT: Efficient-Yet-Effective Entity Embeddings for BERT
1911.02471,2019-11-07,Designing Evaluations of Machine Learning Models for Subjective   Inference: The Case of Sentence Toxicity
1911.03891,2020-04-27,Social Bias Frames: Reasoning about Social and Power Implications of   Language
1911.03842,2020-04-17,Queens are Powerful too: Mitigating Gender Bias in Dialogue Generation
1911.03642,2020-08-11,Towards Understanding Gender Bias in Relation Extraction
1911.03562,2019-11-12,The State of NLP Literature: A Diachronic Analysis of the ACL Anthology
1911.03058,2020-04-07,Should All Cross-Lingual Embeddings Speak English?
1911.09709,2019-12-13,Automatically Neutralizing Subjective Bias in Text
1911.08731,2020-04-03,Distributionally Robust Neural Networks for Group Shifts: On the   Importance of Regularization for Worst-Case Generalization
1911.10787,2019-11-26,A Causal Inference Method for Reducing Gender Bias in Word Embedding   Relations
1911.11025,2019-11-26,"Women, politics and Twitter: Using machine learning to change the   discourse"
1911.11558,2019-11-27,FairyTED: A Fair Rating Predictor for TED Talk Data
1912.00651,2019-12-03,An Investigation of Biases in Web Search Engine Query Suggestions
1912.00578,2019-12-03,Exposing and Correcting the Gender Bias in Image Captioning Datasets and   Models
1911.13248,2019-12-02,"To Trust, or Not to Trust? A Study of Human Bias in Automated Video   Interview Assessments"
1912.02761,2020-05-08,Measuring Social Bias in Knowledge Graph Embeddings
1912.01094,2024-08-23,Recovering from Biased Data: Can Fairness Constraints Improve Accuracy?
1912.04778,2019-12-11,GeBioToolkit: Automatic Extraction of Gender-Balanced Multilingual   Corpus of Wikipedia Biographies
1912.04106,2020-05-04,Towards countering hate speech against journalists on social media
1912.02943,2019-12-09,An Algorithmic Equity Toolkit for Technology Audits by Community   Advocates and Activists
1912.03593,2019-12-10,Towards a Critical Race Methodology in Algorithmic Fairness
1912.05238,2019-12-12,BERT has a Moral Compass: Improvements of ethical and moral values of   machines
1912.04255,2019-12-18,Ad Delivery Algorithms: The Hidden Arbiters of Political Messaging
1912.06872,2019-12-17,Towards Robust Toxic Content Classification
1912.06883,2019-12-17,On the Apparent Conflict Between Individual and Group Fairness
1912.09318,2019-12-21,AI and Holistic Review: Informing Human Reading in College Admissions
1912.11078,2020-09-15,Predictive Biases in Natural Language Processing Models: A Conceptual   Framework and Overview
1912.10818,2019-12-24,Artificial mental phenomena: Psychophysics as a framework to detect   perception biases in AI models
1912.10389,2019-12-24,Lessons from Archives: Strategies for Collecting Sociocultural Data in   Machine Learning
1912.12463,2022-12-14,Arachne: Search Based Repair of Deep Neural Networks
2001.01819,2020-07-02,RECAST: Interactive Auditing of Automatic Toxicity Detection Models
2001.02271,2020-01-13,Revealing Neural Network Bias to Non-Experts Through Interactive   Counterfactual Examples
2001.03203,2020-01-16,"Theory In, Theory Out: The uses of social theory in machine learning for   social science"
2001.05495,2020-01-17,Stereotypical Bias Removal for Hate Speech Detection Task using   Knowledge-based Generalizations
2001.06286,2020-09-17,RobBERT: a Dutch RoBERTa-based Language Model
2001.04693,2020-01-15,Balancing the composition of word embeddings across heterogenous data   sets
2001.04879,2020-01-15,Keeping Community in the Loop: Understanding Wikipedia Stakeholder   Values for Machine Learning-Based Systems
2001.07209,2020-01-22,Text-based inference of moral sentiment change
2001.06693,2020-01-22,Fair Transfer of Multiple Style Attributes in Text
2001.07578,2021-08-24,Adequate and fair explanations
2001.07864,2020-01-28,Fairness Metrics: A Comparative Analysis
2001.08293,2021-08-24,"""How over is it?"" Understanding the Incel Community on YouTube"
2001.09955,2020-01-29,The Effects of Gender Signals and Performance in Online Product Reviews
2001.08764,2020-11-02,Reducing Non-Normative Text Generation from Language Models
2001.08777,2020-01-27,Whose Tweets are Surveilled for the Police: An Audit of Social-Media   Monitoring Tool via Log Files
2002.06644,2020-06-16,Towards Detection of Subjective Bias using Contextualized Word   Embeddings
2002.05819,2020-02-17,Fairness through Experimentation: Inequality in A/B testing as an   approach to responsible design
2002.08911,2023-08-23,Measuring Social Biases in Grounded Vision and Language Embeddings
2002.08608,2021-07-26,FrameAxis: Characterizing Microframe Bias and Intensity with Word   Embedding
2002.10361,2020-03-04,Multilingual Twitter Corpus and Baselines for Evaluating Demographic   Bias in Hate Speech Recognition
2002.09343,2020-11-11,Robust Optimization for Fairness with Noisy Protected Groups
2002.10943,2020-08-20,Data Augmentation for Personal Knowledge Base Population
2002.10689,2020-02-26,A Theory of Usable Information Under Computational Constraints
2002.10284,2020-02-25,Word Embeddings Inherently Recover the Conceptual Organization of the   Human Mind
2002.10312,2020-12-01,Learning Certified Individually Fair Representations
2003.00683,2020-03-03,Detection and Mitigation of Bias in Ted Talk Ratings
2003.03014,2020-10-02,A Framework for the Computational Linguistic Analysis of Dehumanization
2003.04794,2020-03-11,Addressing multiple metrics of group fairness in data-driven decision   making
2003.07428,2020-03-18,Developing a Multilingual Annotated Corpus of Misogyny and Aggression
2003.07459,2020-03-19,Offensive Language Identification in Greek
2003.06920,2020-03-17,Getting Fairness Right: Towards a Toolbox for Practitioners
2003.08132,2020-03-19,Gender Representation in Open Source Speech Resources
2003.08835,2020-11-03,Text-mining forma mentis networks reconstruct public perception of the   STEM gender gap in social media
2003.07680,2020-03-19,Designing Tools for Semi-Automated Detection of Machine Learning Biases:   An Interview Study
2003.11515,2020-03-26,Hurtful Words: Quantifying Biases in Clinical Contextual Word Embeddings
2003.11520,2020-03-26,Joint Multiclass Debiasing of Word Embeddings
2003.12133,2020-06-16,Machine learning as a model for cultural learning: Teaching an algorithm   what it means to be fat
2003.11650,2020-03-27,Overview of the TREC 2019 Fair Ranking Track
2003.10354,2020-10-07,Fairway: A Way to Build Fair ML Software
2003.11743,2020-03-30,"Egoshots, an ego-vision life-logging dataset and semantic fidelity   metric to evaluate diversity in image captioning models"
2004.02192,2021-03-11,Arabic Offensive Language on Twitter: Analysis and Experiments
2004.02028,2020-04-07,Measuring Social Biases of Crowd Workers using Counterfactual Queries
2004.01670,2023-03-24,"Directions in Abusive Language Training Data: Garbage In, Garbage Out"
2004.03133,2020-11-04,Neutralizing Gender Bias in Word Embedding with Latent Disentanglement   and Counterfactual Generation
2004.03012,2020-09-17,"""You are grounded!"": Latent Name Artifacts in Pre-trained Language   Models"
2004.03422,2021-10-06,A Legal Approach to Hate Speech: Operationalizing the EU's Legal   Framework against the Expression of Hatred as an NLP Task
2004.04123,2021-01-14,Entity-Switched Datasets: An Approach to Auditing the In-Domain   Robustness of Named Entity Recognition Models
2004.04498,2020-07-10,Reducing Gender Bias in Neural Machine Translation as a Domain   Adaptation Problem
2004.04460,2021-06-09,PANDORA Talks: Personality and Demographics on Reddit
2004.04877,2020-06-17,Probing Neural Language Models for Human Tacit Assumptions
2004.04046,2021-03-04,"""Go eat a bat, Chang!"": On the Emergence of Sinophobic Behavior on Web   Communities in the Face of COVID-19"
2004.04216,2020-04-10,Generating Counter Narratives against Online Hate Speech: Data and   Strategies
2004.06465,2020-12-10,Deep Learning Models for Multilingual Hate Speech Detection
2004.07173,2020-04-16,Bias in Multimodal AI: Testbed for Fair Automatic Recruitment
2004.07667,2020-04-30,Null It Out: Guarding Protected Attributes by Iterative Nullspace   Projection
2004.07132,2020-04-16,Hiring Fairly in the Age of Algorithms
2004.08361,2020-10-07,Unsupervised Discovery of Implicit Gender Bias
2004.09095,2021-01-28,The State and Fate of Linguistic Diversity and Inclusion in the NLP   World
2004.08726,2020-12-07,Automatically Characterizing Targeted Information Operations Through   Biases Present in Discourse on Twitter
2004.09456,2020-04-21,StereoSet: Measuring stereotypical bias in pretrained language models
2004.07807,2020-04-21,Classification Benchmarks for Under-resourced Bengali Language based on   Multichannel Convolutional-LSTM Network
2004.10225,2020-09-14,In the Eyes of the Beholder: Analyzing Social Media Use of Neutral and   Controversial Terms for COVID-19
2004.12043,2020-04-28,When do Word Embeddings Accurately Reflect Surveys on our Beliefs About   People?
2004.12332,2020-04-28,Is Your Classifier Actually Biased? Measuring Fairness under Uncertainty   with Bernstein Bounds
2004.12265,2020-11-24,Causal Mediation Analysis for Interpreting Neural NLP: The Case of   Gender Bias
2004.12764,2021-06-03,"""Call me sexist, but..."": Revisiting Sexism Detection Using   Psychological Scales and Adversarial Samples"
2004.14065,2020-10-16,Automatically Identifying Gender Issues in Machine Translation using   Perturbations
2004.13157,2020-10-22,Evaluating Stochastic Rankings with Expected Exposure
2004.14088,2020-08-21,Demographics Should Not Be the Reason of Toxicity: Mitigating   Discrimination in Text Classifications with Instance Weighting
2004.13980,2020-10-08,Measuring Information Propagation in Literary Social Networks
2005.00372,2021-01-20,Do Neural Ranking Models Intensify Gender Bias?
2005.00268,2020-10-08,Towards Controllable Biases in Language Generation
2005.00614,2020-05-05,Multi-Dimensional Gender Bias Classification
2004.14733,2020-10-01,Does Terrorism Trigger Online Hate Speech? On the Association of Events   and Time Series
2005.00033,2021-09-23,"Fighting the COVID-19 Infodemic: Modeling the Perspective of   Journalists, Fact-Checkers, Social Media Platforms, Policy Makers, and the   Society"
2005.00699,2020-05-05,Gender Bias in Multilingual Embeddings and Cross-Lingual Transfer
2004.14366,2021-02-05,Elastic weight consolidation for better bias inoculation
2004.13274,2021-07-01,Exploring the contextual factors affecting multimodal emotion   recognition in videos
2005.00813,2020-05-05,Social Biases in NLP Models as Barriers for Persons with Disabilities
2005.00965,2020-05-05,Double-Hard Debias: Tailoring Word Embeddings for Gender Bias Mitigation
2005.02439,2020-07-08,Contextualizing Hate Speech Classifiers with Post-hoc Explanation
2005.01348,2020-05-08,The Sensitivity of Language Models and Humans to Winograd Schema   Perturbations
2005.02235,2020-05-06,Creating a Multimodal Dataset of Images and Text to Study Abusive   Language
2005.03909,2020-05-13,Detecting East Asian Prejudice on Social Media
2005.04364,2021-05-10,It's Morphin' Time! Combating Linguistic Discrimination with   Inflectional Perturbations
2005.04518,2020-05-12,What Was Written vs. Who Read It: News Media Profiling Using Text   Analysis and Social Media Context
2005.04118,2020-05-11,Beyond Accuracy: Behavioral Testing of NLP models with CheckList
2005.05921,2020-05-29,Intersectional Bias in Hate Speech and Abusive Language Datasets
2005.06251,2020-05-14,Mitigating Gender Bias Amplification in Distribution by Posterior   Regularization
2005.04790,2021-04-09,The Hateful Memes Challenge: Detecting Hate Speech in Multimodal Memes
2005.06618,2020-07-29,Towards Socially Responsible AI: Cognitive Bias-Aware Multi-Objective   Learning
2005.06625,2021-02-23,Cyberbullying Detection with Fairness Constraints
2005.05906,2020-05-13,Why Fairness Cannot Be Automated: Bridging the Gap Between EU   Non-Discrimination Law and AI
2005.06370,2020-05-14,Towards Hate Speech Detection at Large via Deep Generative Modeling
2005.06898,2020-05-19,Mitigating Gender Bias in Machine Learning Data Sets
2005.06022,2020-05-14,Reputation Agent: Prompting Fair Reviews in Gig Markets
2005.06915,2020-06-26,Can The Crowd Identify Misinformation Objectively? The Effects of   Judgment Scale and Assessor's Background
2005.08033,2020-05-19,Towards classification parity across cohorts
2005.07734,2020-05-19,Uncovering Gender Bias in Media Coverage of Politicians with Machine   Learning
2005.08864,2020-05-19,Grammatical gender associations outweigh topical gender bias in   crosslinguistic word embeddings
2005.08793,2020-05-19,Corpus of Chinese Dynastic Histories: Gender Analysis over Two Millennia
2005.08141,2021-09-27,Neutral bots probe political bias on social media
2005.07926,2020-05-19,Measuring and Characterizing Hate Speech on News Websites
2005.07934,2020-09-08,"ApplicaAI at SemEval-2020 Task 11: On RoBERTa-CRF, Span CLS and Whether   Self-Training Helps Them"
2005.08612,2023-02-16,The presence of occupational structure in online texts based on word   embedding NLP models
2005.07297,2020-05-18,OSACT4 Shared Task on Offensive Language Detection: Intensive   Preprocessing-Based Approach
2005.08224,2020-05-19,#Coronavirus or #Chinesevirus?!: Understanding the negative sentiment   reflected in Tweets with racist hashtags across the development of COVID-19
2005.10067,2020-10-13,Personalized Chatbot Trustworthiness Ratings
2005.10004,2020-09-24,Characterizing networks of propaganda on Twitter: a case study
2005.12246,2020-05-26,Demoting Racial Bias in Hate Speech Detection
2005.11882,2021-01-15,"Sentiment Analysis: Automatically Detecting Valence, Emotions, and Other   Affectual States from Text"
2005.12503,2020-05-27,BEEP! Korean Corpus of Online News Comments for Toxic Speech Detection
2005.12423,2021-11-12,Racism is a Virus: Anti-Asian Hate and Counterspeech in Social Media   during the COVID-19 Crisis
2005.10430,2020-05-22,Gender Slopes: Counterfactual Fairness for Computer Vision Models by   Attribute Manipulation
2005.13041,2020-05-28,Examining Racial Bias in an Online Abuse Corpus with Structural Topic   Modeling
2005.13213,2020-05-28,"Give Me Convenience and Give Her Death: Who Should Decide What Uses of   NLP are Appropriate, and on What Basis?"
2005.14165,2020-07-24,Language Models are Few-Shot Learners
2005.13407,2022-11-15,CausaLM: Causal Model Explanation Through Counterfactual Language Models
2005.14050,2020-06-01,"Language (Technology) is Power: A Critical Survey of ""Bias"" in NLP"
2006.01938,2020-06-04,Nurse is Closer to Woman than Surgeon? Mitigating Gender-Biased   Proximities in Word Embeddings
2005.14713,2020-06-01,Controlling Fairness and Bias in Dynamic Learning-to-Rank
2006.03051,2023-09-12,"NewB: 200,000+ Sentences for Political Bias Detection"
2006.03121,2026-01-06,Effects of algorithmic flagging on fairness: quasi-experimental evidence from Wikipedia
2006.03950,2021-11-09,ValNorm Quantifies Semantics to Reveal Consistent Valence Biases Across   Languages and Over Centuries
2006.03955,2021-05-20,Detecting Emergent Intersectional Biases: Contextualized Word Embeddings   Contain a Distribution of Human-like Biases
2006.02046,2020-06-30,Fairness-Aware Explainable Recommendation over Knowledge Graphs
2006.05754,2020-06-11,Gender in Danger? Evaluating Speech Translation Technology on the   MuST-SHE Corpus
2006.06328,2020-06-12,See what I'm saying? Comparing Intelligent Personal Assistant use for   Native and Non-Native Language Speakers
2006.06331,2020-06-12,Mental Workload and Language Production in Non-Native Speaker IPA   Interaction
2006.05267,2020-06-11,Quantum Criticism: A Tagged News Corpus Analysed for Sentiment and Named   Entities
2006.06082,2021-02-16,Towards Integrating Fairness Transparently in Industrial Applications
2006.08315,2021-04-22,Mitigating Gender Bias in Captioning Systems
2006.08881,2020-06-17,Scalable Cross Lingual Pivots to Model Pronoun Gender for Translation
2006.08564,2022-04-12,Intra-Processing Methods for Debiasing Neural Networks
2006.09589,2020-10-16,Modeling Subjective Assessments of Guilt in Newspaper Crime Narratives
2006.08328,2022-01-05,ETHOS: an Online Hate Speech Detection Dataset
2006.08669,2020-06-17,On Adversarial Bias and the Robustness of Fair Machine Learning
2006.08688,2020-06-17,Causal intersectionality for fair ranking
2006.10437,2020-06-19,"""EHLO WORLD"" -- Checking If Your Conversational AI Knows Right from   Wrong"
2006.10518,2020-12-15,Improving Post Training Neural Quantization: Layer-wise Calibration and   Integer Programming
2006.10520,2020-06-20,Multi-view Low-rank Preserving Embedding: A Novel Method for Multi-view   Representation
2006.10521,2020-06-19,LSTM-TrajGAN: A Deep Learning Approach to Trajectory Privacy Protection
2006.10522,2022-04-08,PIDA: Smooth and Stable Flight Using Stochastic Dual Simplex Algorithm   and Genetic Filter
2006.10523,2020-06-19,Optimization of Fuzzy Controller of a Wind Power Plant Based on the   Swarm Intelligence
2006.10524,2020-07-07,Reinforcement Learning as Iterative and Amortised Inference
2006.10525,2020-06-19,StarCraft II Build Order Optimization using Deep Reinforcement Learning   and Monte-Carlo Tree Search
2006.10526,2020-09-17,"The effect of adaptive mobility policy to the spread of COVID-19 in   urban environment: intervention analysis of Seoul, South Korea"
2006.10527,2020-06-19,A decoding algorithm for 2D convolutional codes over the erasure channel
2006.10528,2020-06-19,The United Nations Sustainable Development Goals in Systems Engineering:   Eliciting sustainability requirements
2006.10529,2021-06-15,Neural Path Features and Neural Path Kernel : Understanding the role of   gates in deep learning
2006.10530,2021-01-07,Optimal speed in Thoroughbred horse racing
2006.10531,2020-06-19,LimeOut: An Ensemble Approach To Improve Process Fairness
2006.10532,2020-07-10,COVID-ABS: An Agent-Based Model of COVID-19 Epidemic to Simulate Health   and Economic Effects of Social Distancing Interventions
2006.10535,2022-09-15,Regime transitions in stratified shear flows: the link between   horizontal and inclined ducts
2006.10538,2020-11-10,Subgraph Neural Networks
2006.10540,2020-06-19,Infinite attention: NNGP and NTK for deep attention networks
2006.10541,2020-11-30,Exact posterior distributions of wide Bayesian neural networks
2006.10543,2020-06-19,AstroDance: Engaging Deaf and Hard-of-Hearing Students in Astrophysics   via Multimedia Performances
2006.10544,2020-06-19,Methods of Stellar Space-Density Analyses: A Retrospective Review
2006.10547,2020-06-22,MOSQUITO-NET: A deep learning based CADx system for malaria diagnosis   along with model interpretation using GradCam and class activation maps
2006.10550,2020-10-20,ChestX-Det10: Chest X-ray Dataset on Detection of Thoracic Abnormalities
2006.10552,2020-06-19,XRayGAN: Consistency-preserving Generation of X-ray Images from   Radiology Reports
2006.10553,2020-06-19,Artificial Musical Intelligence: A Survey
2006.10554,2020-10-28,"Dimits shift, avalanche-like bursts, and Solitary propagating structures   in the two-field Flux-Balanced Hasegawa-Wakatani model for plasma edge   turbulence"
2006.11130,2020-06-22,Systematic Attack Surface Reduction For Deployed Sentiment Analysis   Models
2006.11642,2020-06-23,MDR Cluster-Debias: A Nonlinear WordEmbedding Debiasing Pipeline
2006.11439,2020-06-23,Two Simple Ways to Learn Individual Fairness Metrics from Data
2006.12302,2021-03-23,Improving LIME Robustness with Smarter Locality Sampling
2006.12442,2020-07-14,"Open-Domain Conversational Agents: Current Progress, Open Problems, and   Future Directions"
2006.13519,2020-06-25,Black-box Adaptation of ASR for Accented Speech
2006.12995,2020-06-24,Mitigating Bias in Online Microfinance Platforms: A Case Study on   Kiva.org
2006.13114,2020-11-04,Fairness without Demographics through Adversarially Reweighted Learning
2006.14168,2021-04-02,SenSeI: Sensitive Set Invariance for Enforcing Individual Fairness
2006.16402,2020-07-01,Reading Between the Demographic Lines: Resolving Sources of Bias in   Toxicity Classifiers
2006.16309,2021-02-22,Adversarial Learning for Debiasing Knowledge Graph Embeddings
2007.00049,2021-09-14,OSCaR: Orthogonal Subspace Correction and Rectification of Biases in   Word Embeddings
2006.16742,2021-04-16,FairRec: Fairness-aware News Recommendation with Decomposed Adversarial   Learning
2007.01448,2020-07-06,From Fear to Hate: How the Covid-19 Pandemic Sparks Racial Animus in the   United States
2007.04181,2020-07-09,Automatic Detection of Sexist Statements Commonly Used at the Workplace
2007.05039,2022-06-29,On the Social and Technical Challenges of Web Search Autosuggestion   Moderation
2007.02598,2020-07-08,Reflection-based Word Attribute Transfer
2007.04361,2020-07-10,Understanding the impact of the alphabetical ordering of names in user   interfaces: a gender bias analysis
2007.04508,2021-05-05,Cultural Cartography with Word Embeddings
2007.05084,2020-07-13,"Attack of the Tails: Yes, You Really Can Backdoor Federated Learning"
2007.05872,2020-07-14,Is Machine Learning Speaking my Language? A Critical Look at the   NLP-Pipeline Across 8 Human Languages
2007.04824,2020-07-10,Predicting Court Decisions for Alimony: Avoiding Extra-legal Factors in   Decision made by Judges and Not Understandable AI Models
2007.05461,2020-07-13,Grading video interviews with fairness considerations
2007.06024,2021-02-02,The Impossibility Theorem of Machine Fairness -- A Causal Perspective
2007.06029,2020-11-05,Ensuring Fairness Beyond the Training Data
2007.07860,2021-04-06,Dialect Diversity in Text Summarization on Twitter
2007.07399,2024-03-14,Bringing the People Back In: Contesting Benchmark Machine Learning   Datasets
2007.08100,2020-07-17,Towards Debiasing Sentence Representations
2007.06897,2020-07-15,What's in a Name? Are BERT Named Entity Representations just as Good for   any other Name?
2007.08197,2022-04-04,How Inclusive Are Wikipedia's Hyperlinks in Articles Covering Polarizing   Topics?
2007.08666,2021-02-10,Conservative AI and social inequality: Conceptualizing alternatives to   bias through social theory
2007.11659,2020-07-24,Proceedings of the KG-BIAS Workshop 2020 at AKBC 2020
2007.10083,2020-10-28,The Geometry of Information Cocoon: Analyzing the Cultural Space with   Word Embedding Models
2007.10712,2020-07-22,On Analyzing Antisocial Behaviors Amid COVID-19 Pandemic
2007.13735,2020-07-29,Large scale analysis of violent death count in daily newspapers to   quantify bias and censorship
2007.13982,2022-08-12,Distributionally Robust Losses for Latent Covariate Mixtures
2007.13798,2020-07-29,Linguistic Taboos and Euphemisms in Nepali
2008.00508,2020-08-04,"Unacceptable, where is my privacy? Exploring Accidental Triggers of   Smart Speakers"
2008.01548,2020-08-05,Defining and Evaluating Fair Natural Language Generation
2008.01194,2020-08-05,Facets of Fairness in Search and Recommendation
2008.02754,2020-08-17,Discovering and Categorising Language Biases in Reddit
2008.02047,2021-06-01,Multiple Texts as a Limiting Factor in Online Learning: Quantifying   (Dis-)similarities of Knowledge Networks across Languages
2008.00371,2020-08-04,An\'alisis jur\'idico de la discriminaci\'on algor\'itmica en los   procesos de selecci\'on laboral
2008.02275,2023-02-20,Aligning AI With Shared Human Values
2008.03415,2020-08-11,Assessing Demographic Bias in Named Entity Recognition
2008.05122,2020-08-13,"The Language Interpretability Tool: Extensible, Interactive   Visualizations and Analysis for NLP Models"
2008.04068,2020-08-11,"Crowd, Lending, Machine, and Bias"
2008.06222,2020-08-17,Annotating for Hate Speech: The MaNeCo Corpus and Some Input from   Critical Discourse Analysis
2008.04374,2020-08-12,"Can We Spot the ""Fake News"" Before It Was Even Written?"
2008.04541,2020-08-12,Comprehensiveness of Archives: A Modern AI-enabled Approach to Build   Comprehensive Shared Cultural Heritage
2008.06460,2021-01-27,Hate Speech Detection and Racial Bias Mitigation in Social Media based   on BERT model
2008.07520,2020-11-04,Do face masks introduce bias in speech technologies? The case of   automated scoring of speaking proficiency
2008.05701,2020-08-14,The COVID-19 Infodemic: Can the Crowd Judge Recent Misinformation   Objectively?
2008.06007,2022-01-26,Analyzing Who and What Appears in a Decade of US Cable TV News
2008.07433,2020-08-18,LiFT: A Scalable Framework for Measuring Fairness in ML Applications
2008.07309,2021-06-07,Bias and Discrimination in AI: a cross-disciplinary perspective
2008.08225,2020-09-01,Victim or Perpetrator? Analysis of Violent Characters Portrayals from   Movie Scripts
2008.07341,2020-08-18,"Data, Power and Bias in Artificial Intelligence"
2008.09656,2020-08-25,Auditing Digital Platforms for Discrimination in Economic Opportunity   Advertising
2008.12314,2021-02-01,A Taxonomy of Knowledge Gaps for Wikimedia Projects (Second Draft)
2009.01311,2022-01-11,Comparing Fair Ranking Metrics
2009.01334,2020-09-04,Gender Stereotype Reinforcement: Measuring the Gender Bias Conveyed by   Ranking Algorithms
2009.01772,2021-12-21,Reading In-Between the Lines: An Analysis of Dissenter
2009.01896,2024-01-23,Author Mentions in Science News Reveal Widespread Disparities Across   Name-inferred Ethnicities
2009.05021,2020-09-11,Investigating Gender Bias in BERT
2009.04640,2020-09-14,On the Fairness of 'Fake' Data in Legal AI
2009.05664,2020-12-22,Towards an Atlas of Cultural Commonsense for Machine Reasoning
2009.04441,2021-06-09,Addressing Fairness in Classification with a Model-Agnostic   Multi-Objective Algorithm
2009.06367,2020-10-23,GeDi: Generative Discriminator Guided Sequence Generation
2009.07025,2020-09-16,FairCVtest Demo: Understanding Bias in Multimodal Learning with a   Testbed in Fair Automatic Recruitment
2009.06389,2020-10-06,Neither Private Nor Fair: Impact of Data Imbalance on Utility and   Fairness in Differential Privacy
2009.06807,2020-09-16,The Radicalization Risks of GPT-3 and Advanced Neural Language Models
2009.07391,2020-09-17,Pardon the Interruption: An Analysis of Gender and Turn-Taking in U.S.   Supreme Court Oral Arguments
2009.06516,2021-10-08,Justicia: A Stochastic SAT Approach to Formally Verify Fairness
2009.09435,2024-05-24,Exploring the Linear Subspace Hypothesis in Gender Bias Mitigation
2009.10277,2020-09-23,Constructing interval variables via faceted Rasch measurement and   multitask deep learning: a hate speech application
2009.09609,2020-09-22,Weakly Supervised Learning of Nuanced Frames for Analyzing Polarization   in News Media
2009.11207,2021-02-16,Crosslingual Topic Modeling with WikiPDA
2009.11982,2020-09-29,Type B Reflexivization as an Unambiguous Testbed for Multilingual   Multi-Task Gender Bias
2009.10050,2020-10-01,Measuring justice in machine learning
2009.11462,2020-09-29,RealToxicityPrompts: Evaluating Neural Toxic Degeneration in Language   Models
2009.12979,2020-09-29,Moral Framing and Ideological Bias of News
2009.13028,2020-11-03,Mitigating Gender Bias for Neural Dialogue Generation with Adversarial   Learning
2009.11677,2020-09-25,Legally grounded fairness objectives
2009.13650,2020-09-30,Towards a Measure of Individual Fairness for Deep Learning
2010.00121,2020-10-02,Interactive Re-Fitting as a Technique for Improving Word Embeddings
2010.00133,2020-10-02,CrowS-Pairs: A Challenge Dataset for Measuring Social Biases in Masked   Language Models
2009.13888,2021-03-04,Utility is in the Eye of the User: A Critique of NLP Leaderboards
2010.00038,2020-10-09,"AbuseAnalyzer: Abuse Detection, Severity and Target Prediction for Gab   Posts"
2010.00357,2020-10-02,Detecting White Supremacist Hate Speech using Domain Specific Word   Embedding with Deep Learning and BERT
2010.01285,2020-10-06,Differentially Private Representation for NLP: Formal Guarantee and An   Empirical Study on Privacy and Fairness
2010.00590,2021-12-06,Quantifying social organization and political polarization in online   platforms
2010.02150,2020-10-06,Viable Threat on News Reading: Generating Biased News Using Natural   Language Models
2010.02510,2020-10-30,Investigating African-American Vernacular English in Transformer-Based   Text Generation
2010.02428,2020-10-13,UnQovering Stereotyping Biases via Underspecified Questions
2010.02542,2022-01-11,Astraea: Grammar-based Fairness Testing
2010.02847,2020-10-29,Robustness and Reliability of Gender Bias Assessment in Word Embeddings:   The Role of Base Pairs
2010.02867,2020-10-07,LOGAN: Local Group Bias Detection by Clustering
2010.02339,2020-10-20,We Don't Speak the Same Language: Interpreting Polarization through   Machine Translation
2010.01470,2021-09-14,"User Fairness, Item Fairness, and Diversity for Rankings in Two-Sided   Markets"
2010.03154,2020-10-08,Fortifying Toxic Speech Detectors Against Veiled Toxicity
2010.01786,2020-10-06,Corpora Evaluation and System Bias Detection in Multi-document   Summarization
2010.02976,2020-10-27,"Are ""Undocumented Workers"" the Same as ""Illegal Aliens""? Disentangling   Denotation and Connotation in Vector Spaces"
2010.04053,2025-03-06,Fairness in Machine Learning: A Survey
2010.03058,2020-12-21,Characterising Bias in Compressed Models
2010.04987,2020-10-13,FIND: Human-in-the-Loop Debugging Deep Text Classifiers
2010.03542,2020-10-08,Galileo at SemEval-2020 Task 12: Multi-lingual Learning for Offensive   Language Identification using Pre-trained Language Models
2010.04658,2021-04-14,Case Study: Deontological Ethics in NLP
2010.04543,2020-10-12,Toxic Language Detection in Social Media for Brazilian Portuguese: New   Dataset and Multilingual Analysis
2010.06018,2020-10-14,Gender Coreference and Bias Evaluation at WMT 2020
2010.06032,2021-03-04,Measuring and Reducing Gendered Correlations in Pre-trained Models
2010.05332,2020-12-11,Neural Machine Translation Doesn't Translate Gender Coreference Right   Unless You Make It
2010.05338,2020-10-13,We Can Detect Your Bias: Predicting the Political Ideology of News   Articles
2010.06203,2020-10-20,Mitigating Gender Bias in Machine Translation with Target Gender   Annotations
2010.07079,2021-08-06,Recipes for Safety in Open-domain Chatbots
2010.06986,2021-02-19,On the Problem of Underranking in Group-Fair Ranking
2010.07249,2021-07-16,Environment Inference for Invariant Learning
2010.05166,2021-02-09,Robust Fairness under Covariate Shift
2010.07431,2020-10-20,Fairness in Streaming Submodular Maximization: Algorithms and Hardness
2010.07410,2021-04-02,Six Attributes of Unhealthy Conversation
2010.07414,2021-05-21,On Cross-Dataset Generalization in Automatic Detection of Online Abuse
2010.06059,2021-01-06,A Framework for Addressing the Risks and Opportunities In AI-Supported   Virtual Health Coaches
2010.08540,2020-10-19,Detecting Objectifying Language in Online Professor Reviews
2010.09768,2020-10-21,Not Judging a User by Their Cover: Understanding Harm in Multi-Modal   Processing within Social Media Research
2010.08865,2020-10-20,HABERTOR: An Efficient and Effective Deep Hatespeech Detector
2010.10649,2020-10-22,Detecting Media Bias in News Articles using Gaussian Bias Distributions
2010.10652,2020-10-22,Analyzing Political Bias and Unfairness in News Articles at Different   Levels of Granularity
2010.10820,2021-04-09,Multilingual Contextual Affective Analysis of LGBT People Portrayals in   Wikipedia
2010.10409,2020-10-21,Bias in Conversational Search: The Double-Edged Sword of the   Personalized Knowledge Graph
2010.11666,2020-10-23,Reducing Unintended Identity Bias in Russian Hate Speech Detection
2010.12472,2021-02-05,HateBERT: Retraining BERT for Abusive Language Detection in English
2010.12779,2020-10-27,Fair Hate Speech Detection through Evaluation of Social Group   Counterfactuals
2010.12864,2021-04-13,On Transferability of Bias Mitigation Effects in Language Model   Fine-Tuning
2010.12820,2021-04-13,"""Nice Try, Kiddo"": Investigating Ad Hominems in Dialogue Responses"
2010.11411,2023-01-11,Value Cards: An Educational Toolkit for Teaching Social Impacts of   Machine Learning through Deliberation
2010.13168,2020-10-27,Fair Embedding Engine: A Library for Analyzing and Mitigating Gender   Bias in Word Embeddings
2010.14134,2021-04-15,Selective Classification Can Magnify Disparities Across Groups
2010.14448,2022-01-26,Discovering and Interpreting Biased Concepts in Online Communities
2010.13816,2020-10-28,PowerTransformer: Unsupervised Controllable Revision for Biased Language   Correction
2010.14465,2022-05-17,Evaluating Gender Bias in Speech Translation
2010.14531,2021-07-06,Assessing Viewpoint Diversity in Search Results Using Ranking Fairness   Metrics
2010.14534,2020-10-29,Unmasking Contextual Stereotypes: Measuring and Mitigating BERT's Gender   Bias
2010.15300,2020-10-30,Uncovering Latent Biases in Text: Method and Application to Peer Review
2010.14342,2020-10-28,Listener's Social Identity Matters in Personalised Response Generation
2010.14952,2020-10-29,Towards Ethics by Design in Online Abusive Content Detection
2010.16228,2020-11-05,"""Thy algorithm shalt not bear false witness"": An Evaluation of   Multiclass Debiasing Methods on Word Embeddings"
2011.00244,2020-11-05,Evaluating Bias In Dutch Word Embeddings
2011.00092,2020-11-03,Analyzing Gender Bias within Narrative Tropes
2010.15120,2021-08-19,Gender Bias in Depression Detection Using Audio Features
2011.00335,2020-11-03,Pick a Fight or Bite your Tongue: Investigation of Gender Differences in   Idiomatic Language Usage
2010.16131,2020-11-06,Comparison of Speaker Role Recognition and Speaker Enrollment Protocol   for conversational Clinical Interviews
2011.00620,2021-08-18,Social Chemistry 101: Learning to Reason about Social and Moral Norms
2011.01575,2020-11-04,AraWEAT: Multidimensional Analysis of Biases in Arabic Word Embeddings
2011.00603,2020-11-03,Making ML models fairer through explanations: the case of LimeOut
2011.01837,2020-12-16,The Gap on GAP: Tackling the Problem of Differing Data Distributions in   Bias-Measuring Datasets
2011.02066,2020-11-24,University of Washington at TREC 2020 Fairness Ranking Track
2011.02686,2020-11-06,Investigating Societal Biases in a Poetry Composition System
2011.02282,2021-01-26,"""What We Can't Measure, We Can't Understand"": Challenges to Demographic   Data Procurement in the Pursuit of Fairness"
2011.01897,2020-12-09,A Multi-aspect Analysis of Gender Bias on Online Student Evaluations
2011.01516,2022-08-23,Quadratic Metric Elicitation for Fairness and Beyond
2011.03156,2022-07-25,Wasserstein-based fairness interpretability framework for machine   learning models
2011.03588,2020-11-10,Hostility Detection Dataset in Hindi
2011.02787,2020-11-06,The State of AI Ethics Report (October 2020)
2011.03492,2020-12-11,Practical and Ethical Considerations in the Effective use of Emotion and   Sentiment Lexicons
2011.04049,2020-11-10,FairLens: Auditing Black-box Clinical Decision Support Systems
2011.05911,2020-11-12,"Situated Data, Situated Systems: A Methodology to Engage with Power   Relations in Natural Language Processing Research"
2011.05287,2020-11-11,Two-Sided Fairness in Non-Personalised Recommendations
2011.06485,2020-12-03,Fairness and Robustness in Invariant Learning: A Case Study in Toxicity   Classification
2011.06445,2021-12-21,"How to Measure Gender Bias in Machine Translation: Optimal Translators,   Multiple Reference Points"
2011.06100,2020-11-17,Exploring Gender Disparities in Time to Diagnosis
2011.08320,2020-11-18,Don't Patronize Me! An Annotated Dataset with Patronizing and   Condescending Language towards Vulnerable Communities
2011.06724,2020-11-17,"The SLT 2021 children speech recognition challenge: Open datasets, rules   and baselines"
2011.09625,2021-06-11,Exploring Text Specific and Blackbox Fairness Algorithms in Multimodal   Clinical NLP
2011.07975,2020-11-17,Datasets and Models for Authorship Attribution on Italian Personal   Writings
2011.10280,2020-11-23,Are Chess Discussions Racist? An Adversarial Hate Speech Data Set
2011.12014,2020-11-25,Argument from Old Man's View: Assessing Social Bias in Argumentation
2011.12465,2020-11-26,"The Geometry of Distributed Representations for Better Alignment,   Attenuated Bias, and Improved Interpretability"
2011.12086,2020-11-25,Unequal Representations: Analyzing Intersectional Biases in Word   Embeddings Using Representational Similarity Analysis
2011.09789,2024-06-18,An Experimental Study of Semantic Continuity for Deep Learning Models
2011.12096,2022-03-17,Gender bias in magazines oriented to men and women: a computational   approach
2011.11688,2020-11-25,An analysis of replies to Trump's tweets
2011.13238,2020-11-30,Towards Interpretable Multilingual Detection of Hate Speech against   Immigrants and Women in Twitter at SemEval-2019 Task 5
2011.13477,2020-11-30,Decoding and Diversity in Machine Translation
2011.11523,2020-12-23,An Online Multilingual Hate speech Recognition System
2011.12870,2020-12-08,Multimodal Learning for Hateful Memes Detection
2011.14293,2020-12-01,Inflating Topic Relevance with Ideology: A Case Study of Political   Ideology Bias in Social Topic Detection Models
2012.00360,2020-12-02,Symbolic AI for XAI: Evaluating LFIT Inductive Programming for Fair and   Explainable Automatic Recruitment
2012.00423,2021-04-09,Does Fair Ranking Improve Minority Outcomes? Understanding the Interplay   of Human and Algorithmic Biases in Online Hiring
2011.12902,2021-06-10,Adversarial Evaluation of Multimodal Models under Realistic Gray Box   Assumption
2012.02015,2020-12-04,Context in Informational Bias Detection
2012.01685,2022-05-05,Cross-Loss Influence Functions to Explain Deep Network Representations
2012.01133,2020-12-03,It's a Thin Line Between Love and Hate: Using the Echo in Modeling   Dynamics of Racist Online Communities
2012.02565,2020-12-07,Automated Detection of Cyberbullying Against Women and Immigrants and   Cross-domain Adaptability
2012.02447,2020-12-07,Mitigating Bias in Federated Learning
2012.04104,2020-12-09,Removing Spurious Features can Hurt Accuracy and Affect Groups   Disproportionately
2012.03659,2020-12-10,Non-portability of Algorithmic Fairness in India
2012.04698,2021-03-19,Generate Your Counterfactuals: Towards Controlled Counterfactual   Generation for Text
2012.02972,2021-10-15,Empirical observation of negligible fairness-accuracy trade-offs in   machine learning for public policy
2012.02356,2021-05-31,WeaQA: Weak Supervision via Captions for Visual Question Answering
2012.02359,2020-12-07,Multimodal Privacy-preserving Mood Prediction from Mobile Data: A   Preliminary Study
2012.05444,2020-12-11,"A Framework for Generating Annotated Social Media Corpora with   Demographics, Stance, Civility, and Topicality"
2012.04955,2020-12-10,Breeding Gender-aware Direct Speech Translation Systems
2012.06157,2021-11-17,Fairness in Rating Prediction by Awareness of Verbal and Gesture Quality   of Public Speeches
2012.07978,2020-12-16,Model Choices Influence Attributive Word Associations: A Semi-supervised   Analysis of Static Word Embeddings
2012.07749,2020-12-15,Towards Fairness in Classifying Medical Conversations into SOAP Sections
2012.09686,2020-12-18,Hate Speech detection in the Bengali language: A dataset and its   baseline evaluation
2012.09951,2020-12-21,"Fairkit, Fairkit, on the Wall, Who's the Fairest of Them All? Supporting   Data Scientists in Training Fair Models"
2012.10348,2020-12-21,Small Business Classification By Name: Addressing Gender and Geographic   Origin Biases
2012.10289,2022-04-13,HateXplain: A Benchmark Dataset for Explainable Hate Speech Detection
2012.10185,2020-12-21,Recommenders with a mission: assessing diversity in newsrecommendations
2012.11635,2021-05-07,A Distributional Approach to Controlled Text Generation
2012.12305,2021-07-23,Confronting Abusive Language Online: A Survey from the Ethical and Human   Rights Perspective
2012.13176,2020-12-25,Gender Bias in Multilingual Neural Machine Translation: The Architecture   Matters
2012.10986,2020-12-22,Biased Models Have Biased Explanations
2012.12975,2020-12-25,Detecting Hate Speech in Memes Using Multimodal Deep Learning   Approaches: Prize-winning solution to Hateful Memes Challenge
2012.13235,2020-12-25,Detecting Hateful Memes Using a Multimodal Deep Ensemble
2012.12795,2020-12-24,A Note on the Significance Adjustment for FA*IR with Two Protected   Groups
2012.14353,2021-08-10,DeepHateExplainer: Explainable Hate Speech Detection in Under-resourced   Bengali Language
2101.00078,2022-02-10,Controlled Analyses of Social Biases in Wikipedia Bios
2012.15606,2021-09-09,HateCheck: Functional Tests for Hate Speech Detection Models
2012.15761,2021-06-04,Learning from the Worst: Dynamically Generated Datasets to Improve   Online Hate Detection
2012.15738,2021-01-01,"Moral Stories: Situated Reasoning about Norms, Intents, Actions, and   their Consequences"
2101.00454,2021-01-05,Mining the online infosphere: A survey
2012.15859,2021-06-09,Intrinsic Bias Metrics Do Not Correlate with Application Bias
2101.01391,2021-04-20,Political Depolarization of News Articles Using Attribute-aware Word   Embeddings
2101.02831,2021-01-11,A Tale of Fairness Revisited: Beyond Adversarial Learning for Deep   Neural Network Fairness
2101.02968,2021-01-11,Group Fairness: Independence Revisited
2101.05783,2021-01-19,Persistent Anti-Muslim Bias in Large Language Models
2101.04840,2021-01-14,Robustness Gym: Unifying the NLP Evaluation Landscape
2101.05967,2021-01-18,Responsible AI Challenges in End-to-end Machine Learning
2101.06141,2021-03-25,Operationalizing Framing to Support Multiperspective Recommendations of   Opinion Pieces
2101.08035,2021-01-21,Bias in ontologies -- a preliminary assessment
2101.07183,2021-04-14,"""I Won the Election!"": An Empirical Analysis of Soft Moderation   Interventions on Twitter"
2101.09294,2021-01-26,Censorship of Online Encyclopedias: Implications for NLP Models
2101.09523,2021-01-26,Debiasing Pre-trained Contextualised Embeddings
2101.09525,2021-01-26,Dictionary-based Debiasing of Pre-trained Word Embeddings
2101.09688,2021-02-17,Stereotype and Skew: Quantifying Gender Bias in Pre-trained and   Fine-tuned Language Models
2101.08478,2021-01-22,A Study of F0 Modification for X-Vector Based Speech Pseudonymization   Across Gender
2101.10001,2021-01-26,Diverse Adversaries for Mitigating Bias in Training
2101.09869,2021-02-04,Black Feminist Musings on Algorithmic Oppression
2101.11718,2021-01-29,BOLD: Dataset and Metrics for Measuring Biases in Open-Ended Language   Generation
2101.12406,2021-02-03,Fairness for Whom? Understanding the Reader's Perception of Fairness in   Text Summarization
2102.00086,2021-02-02,Challenges in Automated Debiasing for Toxic Language Detection
2101.11155,2021-01-28,Exploring multi-task multi-lingual learning of transformer models for   hate speech and offensive speech identification in social media
2101.11956,2022-06-16,"Us vs. Them: A Dataset of Populist Attitudes, News Bias and Emotions"
2101.11974,2021-01-29,Disembodied Machine Learning: On the Illusion of Objectivity in NLP
2101.08419,2021-02-02,Auditing E-Commerce Platforms for Algorithmically Curated Vaccine   Misinformation
2102.00894,2021-02-02,Multilingual LAMA: Investigating Knowledge in Multilingual Pretrained   Language Models
2101.12715,2021-07-06,Disparate Impact Diminishes Consumer Trust Even for Advantaged Users
2102.01859,2021-10-06,BiasFinder: Metamorphic Test Generation to Uncover Bias for Sentiment   Analysis Systems
2102.00287,2021-02-02,Machine Translationese: Effects of Algorithmic Bias on Linguistic   Complexity in Machine Translation
2102.00311,2022-07-21,Fairness through Social Welfare Optimization
2102.01672,2021-04-02,"The GEM Benchmark: Natural Language Generation, its Evaluation and   Metrics"
2102.02841,2021-02-08,Building Representative Corpora from Illiterate Communities: A Review of   Challenges and Mitigation Strategies for Developing Countries
2102.02503,2021-02-05,"Understanding the Capabilities, Limitations, and Societal Impact of   Large Language Models"
2102.03671,2021-02-09,From Toxicity in Online Comments to Incivility in American News: Proceed   with Caution
2102.03237,2021-02-08,ORCID-linked labeled data for evaluating author name disambiguation at   scale
2102.03870,2021-02-09,"""Short is the Road that Leads from Fear to Hate"": Fear Speech in Indian   WhatsApp Groups"
2102.04130,2021-10-29,Bias Out-of-the-Box: An Empirical Analysis of Intersectional   Occupational Biases in Popular Generative Language Models
2102.04031,2021-02-09,Rihanna versus Bollywood: Twitter Influencers and the Indian Farmers'   Protest
2102.04427,2021-02-11,RECAST: Enabling User Recourse and Interpretability of Toxicity   Detection Models with Interactive Visualization
2102.04567,2021-02-10,NELA-GT-2020: A Large Multi-Labelled News Dataset for The Study of   Misinformation in News Articles
2102.04256,2021-02-09,Problematic Machine Behavior: A Systematic Literature Review of   Algorithm Audits
2102.04257,2021-04-29,Fairness for Unobserved Characteristics: Insights from Technological   Impacts on Queer Communities
2102.04895,2021-02-10,Leveraging cross-platform data to improve automated hate speech   detection
2102.05085,2021-02-11,The Use and Misuse of Counterfactuals in Ethical Machine Learning
2102.04521,2021-02-10,A study of text representations in Hate Speech Detection
2102.06166,2021-02-12,Testing Framework for Black-box AI Models
2102.05756,2021-02-12,Artificial intelligence in communication impacts language and social   relationships
2102.06788,2021-02-16,"They, Them, Theirs: Rewriting with Gender-Neutral English"
2102.06311,2021-03-09,Does Culture Matter? Impact of Individualism and Uncertainty Avoidance   on App Reviews
2102.09103,2021-02-19,"Gender Bias, Social Bias and Representation: 70 Years of B$^H$ollywood"
2102.09670,2021-02-22,Maximizing Marginal Fairness for Dynamic Learning to Rank
2102.08886,2021-02-18,Towards generalisable hate speech detection: a review on obstacles and   solutions
2102.08453,2021-10-01,Towards the Right Kind of Fairness in AI
2102.08054,2021-02-17,Could you become more credible by being White? Assessing Impact of Race   on Credibility with Deepfakes
2102.09635,2021-02-26,Random Walks with Erasure: Diversifying Personalized Recommendations on   Social and Information Networks
2102.09918,2021-02-22,End-to-End Neural Systems for Automatic Children Speech Recognition: An   Empirical Study
2102.13004,2021-12-14,Towards Unbiased and Accurate Deferral to Multiple Experts
2103.00453,2021-09-10,Self-Diagnosis and Self-Debiasing: A Proposal for Reducing Corpus-Based   Bias in NLP
2102.12258,2021-02-25,Classification with abstention but without disparities
2103.00153,2023-06-07,Detecting Harmful Content On Online Platforms: What Platforms Need Vs.   Where Research Efforts Go
2103.00020,2021-03-02,Learning Transferable Visual Models From Natural Language Supervision
2103.01335,2021-03-03,How Fair is Fairness-aware Representative Ranking and Methods for Fair   Ranking
2103.01664,2021-03-03,Hate Towards the Political Opponent: A Twitter Corpus Study of the 2020   US Elections on the Basis of Offensive Speech and Stance Detection
2103.01550,2021-11-09,Label-Imbalanced and Group-Sensitive Classification under   Overparameterization
2103.03598,2021-09-08,WordBias: An Interactive Visual Tool for Discovering Intersectional   Biases Encoded in Word Embeddings
2103.03872,2021-03-08,Rissanen Data Analysis: Examining Dataset Characteristics via   Description Length
2103.05841,2021-03-11,Interpretable bias mitigation for textual data: Reducing gender bias in   patient notes while maintaining classification performance
2103.05345,2021-03-10,Detecting Inappropriate Messages on Sensitive Topics that Could Harm a   Company's Reputation
2103.06413,2021-03-12,FairFil: Contrastive Neural Debiasing Method for Pretrained Text   Encoders
2103.06503,2021-03-12,Fair Mixup: Fairness via Interpolation
2103.06598,2021-03-12,DebIE: A Platform for Implicit and Explicit Debiasing of Word Embedding   Spaces
2103.06076,2021-12-03,"Designing Disaggregated Evaluations of AI Systems: Choices,   Considerations, and Tradeoffs"
2103.05134,2022-10-20,Constrained Learning with Non-Convex Losses
2103.07567,2021-04-19,Privacy Regularization: Joint Privacy-Utility Optimization in Language   Models
2103.07534,2022-02-22,S2AND: A Benchmark and Evaluation System for Author Name Disambiguation
2103.09050,2021-03-17,"Hate, Obscenity, and Insults: Measuring the Exposure of Children to   Inappropriate Comments in YouTube"
2103.10415,2022-01-03,Refining Language Models with Compositional Explanations
2103.10550,2021-03-22,Gender and Racial Fairness in Depression Research using Social Media
2103.10195,2021-03-19,Let-Mi: An Arabic Levantine Twitter Dataset for Misogynistic Language
2103.11320,2021-09-13,Lawyers are Dishonest? Quantifying Representational Harms in Commonsense   Knowledge Resources
2103.09224,2021-03-17,Clandestino or Rifugiato? Anti-immigration Facebook Ad Targeting in   Italy
2103.11790,2022-02-15,Large Pre-trained Language Models Contain Human-like Biases of What is   Right and Wrong to Do
2103.11806,2021-03-23,Tackling Racial Bias in Automated Online Hate Detection: Towards Fair   and Accurate Classification of Hateful Online Users Using Geometric Deep   Learning
2103.11023,2021-03-23,Individually Fair Ranking
2103.12506,2021-03-24,A Survey on Predicting the Factuality and the Bias of News Media
2103.12407,2022-03-25,Detecting Hate Speech with GPT-3
2103.12412,2021-03-24,"Leveraging Multi-domain, Heterogeneous Data using Deep Multitask   Learning for Hate Speech Detection"
2103.12838,2021-04-02,Repairing Pronouns in Translation with BERT-Based Post-Editing
2103.11528,2021-07-21,A Large-scale Dataset for Hate Speech Detection on Vietnamese Social   Media Texts
2103.11441,2021-05-06,TextFlint: Unified Multilingual Robustness Evaluation Toolkit for   Natural Language Processing
2103.13868,2021-03-26,Equality before the Law: Legal Judgment Consistency Analysis for   Fairness
2103.12016,2021-03-23,Fairness Perceptions of Algorithmic Decision-Making: A Systematic Review   of the Empirical Literature
2103.12028,2022-02-22,Quality at a Glance: An Audit of Web-Crawled Multilingual Datasets
2103.14000,2022-08-15,Fairness in Ranking: A Survey
2103.15122,2021-04-02,Quantifying Bias in Automatic Speech Recognition
2103.14972,2022-12-29,HateBR: A Large Expert Annotated Corpus of Brazilian Instagram Comments   for Offensive Language and Hate Speech Detection
2104.00170,2024-04-24,Are Bias Mitigation Techniques for Deep Learning Effective?
2104.00336,2021-04-02,Mitigating Media Bias through Neutral Article Generation
2103.17191,2021-04-15,Modeling Users and Online Communities for Abuse Detection: A Position on   Ethics and Explainability
2103.16953,2022-02-22,Mitigating Bias in Algorithmic Systems -- A Fish-Eye View
2104.00782,2021-04-05,"""TL;DR:"" Out-of-Context Adversarial Text Summarization and Hashtag   Recommendation"
2104.01443,2021-04-06,Sexism detection: The first corpus in Algerian dialect with a   code-switching in Arabic/ French and English
2103.16714,2021-04-01,Statistical inference for individual fairness
2104.02145,2021-10-19,What Will it Take to Fix Benchmarking in Natural Language Understanding?
2104.02242,2021-11-02,HBert + BiasCorp -- Fighting Racism on the Web
2104.02797,2021-04-08,VERB: Visualizing and Interpreting Bias Mitigation Techniques for Word   Representations
2104.01724,2021-04-06,Inference Time Style Control for Summarization
2104.02532,2021-06-22,End-To-End Bias Mitigation: Removing Gender Bias in Deep Learning
2104.03026,2021-04-08,How to Write a Bias Statement: Recommendations for Submissions to the   Workshop on Gender Bias in NLP
2104.05232,2021-04-13,Double Perturbation: On the Robustness of Robustness and Counterfactual   Bias Evaluation
2104.04502,2021-04-12,Auditing for Discrimination in Algorithms Delivering Job Ads
2104.04470,2021-04-12,Did they answer? Subjective acts and intents in conversational discourse
2104.04353,2021-04-12,Implementing Fair Regression In The Real World
2104.05947,2021-06-22,"""Subverting the Jewtocracy"": Online Antisemitism Detection Using   Multimodal Deep Learning"
2104.06001,2021-05-10,Gender Bias in Machine Translation
2104.06338,2021-04-14,On the Impact of Random Seeds on the Fairness of Clinical Classifiers
2104.06474,2023-07-19,On the Interpretability and Significance of Bias Metrics in Texts: a   PMI-based Approach
2104.04770,2021-04-13,"UTNLP at SemEval-2021 Task 5: A Comparative Analysis of Toxic Span   Detection using Attention-based, Named Entity Recognition, and Ensemble   Models"
2104.06999,2021-10-01,Detecting Cross-Geographic Biases in Toxicity Modeling on Social Media
2104.06973,2021-04-15,[RE] Double-Hard Debias: Tailoring Word Embeddings for Gender Bias   Mitigation
2104.06390,2021-04-14,Detoxifying Language Models Risks Marginalizing Minority Voices
2104.07496,2021-04-16,Unmasking the Mask -- Evaluating Social Biases in Masked Language Models
2104.07505,2023-11-10,Quantifying Gender Bias Towards Politicians in Cross-Lingual Language   Models
2104.07571,2021-09-14,Toward Deconfounding the Influence of Entity Demographics for Question   Answering Accuracy
2104.07429,2022-03-18,First the worst: Finding better gender translations during beam search
2104.07695,2021-04-19,Improving Gender Translation Accuracy with Filtered Self-Training
2104.07838,2021-04-19,Investigating Failures of Automatic Translation in the Case of   Unambiguous Gender
2104.07155,2021-09-14,Disentangling Representations of Text by Masking Transformers
2104.07814,2021-09-14,Detecting Polarized Topics Using Partisanship-aware Contextualized Topic   Embeddings
2104.08465,2021-04-20,Frequency-based Distortions in Contextualized Word Embeddings
2104.08433,2024-06-13,Are Word Embedding Methods Stable and Should We Care About It?
2104.08666,2022-05-23,Worst of Both Worlds: Biases Compound in Pre-trained Vision-and-Language   Models
2104.08728,2021-12-16,Revealing Persona Biases in Dialogue Systems
2104.08635,2021-04-20,UPB at SemEval-2021 Task 5: Virtual Adversarial Training for Toxic Spans   Detection
2104.08758,2021-10-01,Documenting Large Webtext Corpora: A Case Study on the Colossal Clean   Crawled Corpus
2104.08792,2021-10-05,Human-Imitating Metrics for Training and Evaluating Privacy Preserving   Emotion Recognition Models Using Sociolinguistic Knowledge
2104.10259,2021-05-07,Analyzing COVID-19 Tweets with Transformer-based Language Models
2104.10747,2021-06-03,Accented Speech Recognition: A Survey
2104.09066,2021-04-20,IIITT@LT-EDI-EACL2021-Hope Speech Detection: There is always Hope in   Transformers
2104.10788,2023-09-04,Defining and Detecting Toxicity on Social Media: Context and Knowledge   are Key
2104.10097,2023-09-07,Beyond Fair Pay: Ethical Implications of NLP Crowdsourcing
2104.12553,2022-03-09,Avoiding bias when inferring race using name-based approaches
2104.13640,2021-05-12,Societal Biases in Retrieved Contents: Measurement Framework and   Adversarial Mitigation for BERT Rankers
2104.13490,2021-04-29,Leveraging Community and Author Context to Explain the Performance and   Bias of Text-Based Deception Detection Models
2104.12227,2022-09-23,Identifying Offensive Expressions of Opinion in Context
2104.14067,2022-08-24,Improving Fairness in Speaker Recognition
2104.12278,2022-05-04,Causal Learning for Socially Responsible AI
2104.14795,2021-05-03,Mitigating Political Bias in Language Models Through Reinforced   Calibration
2104.14703,2021-05-03,Adapting Coreference Resolution for Processing Violent Death Narratives
2105.00908,2021-05-06,Impact of Gender Debiased Word Embeddings in Language Modeling
2105.02091,2026-02-09,When Fair Ranking Meets Uncertain Inference
2105.02590,2021-06-02,Reliability Testing for Natural Language Processing Systems
2105.02778,2021-05-07,The Authors Matter: Understanding and Mitigating Implicit Bias in Deep   Text Classification
2105.00756,2021-05-04,The Matter of Chance: Auditing Web Search Results Related to the 2020   U.S. Presidential Primary Elections Across Six Search Engines
2105.03143,2021-05-10,AraCOVID19-MFH: Arabic COVID-19 Multi-label Fake News and Hate Speech   Detection Dataset
2105.02732,2021-06-02,What's in the Box? A Preliminary Analysis of Undesirable Content in the   Common Crawl Corpus
2105.02685,2021-05-07,A Novel Estimator of Mutual Information for Learning to Disentangle   Textual Representations
2105.02407,2021-05-07,Reconfiguring Diversity and Inclusion for AI Ethics
2105.02980,2021-08-26,Everyday algorithm auditing: Understanding the power of everyday users   in surfacing harmful algorithmic behaviors
2105.02898,2021-05-10,Users' Perception of Search Engine Biases and Satisfaction
2105.04054,2021-06-24,Societal Biases in Language Generation: Progress and Challenges
2105.03023,2021-06-04,DExperts: Decoding-Time Controlled Text Generation with Experts and   Anti-Experts
2105.03640,2021-10-19,On Guaranteed Optimal Robust Explanations for NLP Models
2105.03160,2021-06-01,Identity Signals in Emoji Do not Influence Perception of Factual Truth   on Twitter
2105.04857,2021-05-12,Leveraging Sparse Linear Layers for Debuggable Deep Networks
2105.05241,2021-05-12,"Addressing ""Documentation Debt"" in Machine Learning Research: A   Retrospective Datasheet for BookCorpus"
2105.05541,2021-05-13,Evaluating Gender Bias in Natural Language Inference
2105.05041,2021-05-12,English Accent Accuracy Analysis in a State-of-the-Art Automatic Speech   Recognition System
2105.05779,2022-07-14,Fairness in Information Access Systems
2105.04273,2021-05-11,Loss-Aversively Fair Classification
2105.05595,2021-05-13,An Introduction to Algorithmic Fairness
2105.05996,2021-05-21,Multilingual Offensive Language Identification for Low-resource   Languages
2105.05887,2021-10-12,Black or White but never neutral: How readers perceive identity from   yellow or skin-toned emoji
2105.06558,2021-05-17,"Bias, Fairness, and Accountability with AI and ML Algorithms"
2105.06758,2021-05-17,Discovering the Rationale of Decisions: Experiments on Aligning Learning   and Reasoning
2105.08847,2021-11-02,"Beyond ""Fairness:"" Structural (In)justice Lenses on AI for Education"
2105.09742,2021-05-21,Robustness of end-to-end Automatic Speech Recognition Models -- A Case   Study using Mozilla DeepSpeech
2105.09640,2021-05-21,Enabling News Consumers to View and Understand Biased News Coverage: A   Study on the Perception and Visualization of Media Bias
2105.09672,2021-05-21,Newsalyze: Enabling News Consumers to Understand Media Bias
2105.09052,2021-05-20,Methods for Detoxification of Texts for the Russian Language
2105.11910,2021-05-26,MBIC -- A Media Bias Annotation Dataset Including Annotator   Characteristics
2105.11412,2021-05-25,Reproducibility Report: Contextualizing Hate Speech Classifiers with   Post-hoc Explanation
2105.12856,2021-06-15,Beyond Algorithmic Bias: A Socio-Computational Interrogation of the   Google Search by Image Algorithm
2105.12754,2021-05-28,Computer Vision and Conflicting Values: Describing People with Automated   Alt Text
2105.13782,2021-05-31,How to Split: the Effect of Word Segmentation on Gender Bias in Speech   Translation
2105.12006,2021-05-26,The incel lexicon: Deciphering the emergent cryptolect of a global   misogynistic community
2105.13947,2021-05-31,Changing the World by Changing the Data
2105.13959,2021-05-31,Cisco at SemEval-2021 Task 5: What's Toxic?: Leveraging Transformers for   Multiple Toxic Span Extraction from Online Comments
2105.14309,2021-06-01,A Simple Voting Mechanism for Online Sexist Content Identification
2106.00181,2021-06-02,Gender Bias Hidden Behind Chinese Word Embeddings: The Case of Chinese   Adjectives
2106.00169,2021-06-02,Gender Bias Amplification During Speed-Quality Optimization in Neural   Machine Translation
2106.00545,2021-11-04,Counterfactual Invariance to Spurious Correlations: Why and How to Pass   Stress Tests
2105.14005,2021-05-31,Online Hate: Behavioural Dynamics and Relationship with Misinformation
2105.14874,2022-01-06,BiasRV: Uncovering Biased Sentiment Predictions at Runtime
2106.01465,2021-06-04,Ethical-Advice Taker: Do Language Models Understand Natural Language   Interventions?
2106.00237,2021-06-02,Improving Automatic Hate Speech Detection with Multiword Expression   Features
2106.01601,2022-11-03,"Men Are Elected, Women Are Married: Events Gender Bias on Wikipedia"
2106.00742,2021-06-03,A systematic review of Hate Speech automatic detection using Natural   Language Processing
2106.02183,2021-06-07,Towards Equal Gender Representation in the Annotations of Toxic Language   Detection
2106.02076,2021-06-07,LGBTQ-AI? Exploring Expressions of Gender and Sexual Orientation in   Chatbots
2106.01060,2021-06-03,John praised Mary because he? Implicit Causality Bias and Its   Interaction with Explicit Cues in LMs
2106.02596,2021-06-07,Understanding and Countering Stereotypes: A Computational Approach to   the Stereotype Content Model
2106.01812,2021-06-04,An objective evaluation of the effects of recording conditions and   speaker characteristics in multi-speaker deep neural speech synthesis
2106.02578,2021-06-07,"Alexa, Google, Siri: What are Your Pronouns? Gender and Anthropomorphism   in the Design and Perception of Conversational Assistants"
2106.02715,2021-06-08,Auditing Source Diversity Bias in Video Search Results Using Virtual   Agents
2106.03521,2021-06-08,RedditBias: A Real-World Resource for Bias Evaluation and Debiasing of   Conversational Language Models
2106.02359,2023-01-19,How Good Is NLP? A Sober Look at NLP Tasks through the Lens of Social   Impact
2106.02810,2021-09-09,An Attribute-Aligned Strategy for Learning Speech Representation
2106.02821,2021-06-08,Lifelong Learning of Hate Speech Classification on Social Media
2106.04511,2021-06-09,Designing Toxic Content Classification for a Diversity of Perspectives
2106.04908,2022-02-09,Automatic Sexism Detection with Multilingual Transformer Models
2106.05903,2021-06-11,Deciphering Implicit Hate: Evaluating Automated Detection Algorithms for   Multimodal Hate
2106.06157,2021-06-14,Assessing Political Prudence of Open-domain Chatbots
2106.04757,2022-04-12,Fair Machine Learning under Limited Demographically Labeled Data
2106.05664,2022-01-26,Ruddit: Norms of Offensiveness for English Reddit Comments
2106.06683,2022-03-21,Assessing Multilingual Fairness in Pre-trained Multimodal   Representations
2106.07112,2021-07-29,User Acceptance of Gender Stereotypes in Automated Career   Recommendations
2106.06052,2021-06-14,Dynaboard: An Evaluation-As-A-Service Platform for Holistic   Next-Generation Benchmarking
2106.07240,2021-06-15,Mitigating Biases in Toxic Language Detection through Invariant   Rationalization
2106.06213,2021-07-26,CONDA: a CONtextual Dual-Annotated dataset for in-game toxicity   understanding and detection
2106.08503,2021-08-31,Understanding and Evaluating Racial Biases in Image Captioning
2106.08527,2022-03-31,FAIR: Fairness-Aware Information Retrieval Evaluation
2106.08409,2022-10-07,Benchmark dataset of memes with text transcriptions for automatic   detection of multi-modal misogynistic content
2106.08680,2021-06-17,Evaluating Gender Bias in Hindi-English Machine Translation
2106.07504,2021-11-04,Characterizing the risk of fairwashing
2106.07505,2021-06-21,Modeling Profanity and Hate Speech in Social Media with Semantic   Subspaces
2106.07847,2022-06-28,Learning Stable Classifiers by Transferring Unstable Features
2106.08652,2021-06-18,Maxmin-Fair Ranking: Individual Fairness under Group-Fairness   Constraints
2106.08323,2022-09-07,VidHarm: A Clip Based Dataset for Harmful Content Detection
2106.09775,2021-11-11,An Information Retrieval Approach to Building Datasets for Hate Speech   Detection
2106.09069,2021-06-18,Automatic Construction of Evaluation Suites for Natural Language   Generation Datasets
2106.10328,2021-11-24,Process for Adapting Language Models to Society (PALMS) with   Values-Targeted Datasets
2106.09462,2024-07-16,pysentimiento: A Python Toolkit for Opinion Mining and Social NLP tasks
2106.10826,2021-06-22,Does Robustness Improve Fairness? Approaching Fairness with Word   Substitution Robustness Methods for Text Classification
2106.11410,2021-07-19,"A Survey of Race, Racism, and Anti-Racism in NLP"
2106.11759,2021-06-23,Analysis and Tuning of a Voice Assistant System for Dysfluent Speech
2106.12674,2021-10-28,Fairness via Representation Neutralization
2106.13382,2021-06-28,A Source-Criticism Debiasing Method for GloVe Embeddings
2106.13219,2021-06-25,Towards Understanding and Mitigating Social Biases in Language Models
2106.14365,2022-10-06,Integrating topic modeling and word embedding to characterize violent   deaths
2106.14574,2021-06-29,Quantifying Social Biases in NLP: A Generalization and Empirical   Comparison of Extrinsic Fairness Metrics
2106.12887,2022-08-24,A Near-Optimal Algorithm for Debiasing Trained Machine Learning Models
2106.14072,2021-06-29,Detecting race and gender bias in visual representation of AI on web   search engines
2106.13238,2021-07-13,Hate Speech Detection in Clubhouse
2106.13271,2021-06-28,On Fairness and Interpretability
2106.15103,2021-06-30,Sexism in the Judiciary
2106.14387,2022-05-05,Political Ideology and Polarization of Policy Positions: A   Multi-dimensional Approach
2106.15896,2021-07-01,Whose Opinions Matter? Perspective-aware Models to Identify Opinions of   Hate Speech Victims in Abusive Language Detection
2106.16163,2022-03-23,The MultiBERTs: BERT Reproductions for Robustness Analysis
2107.00439,2023-07-12,"What do End-to-End Speech Models Learn about Speaker, Language and   Channel Information? A Layer-wise and Neuron-level Analysis"
2106.15537,2022-01-10,Hate speech detection using static BERT embeddings
2107.00758,2021-10-19,The Spotlight: A General Method for Discovering Systematic Errors in   Deep Learning Models
2107.01183,2022-03-22,Ethics Sheets for AI Tasks
2107.02024,2021-07-06,Statistical Analysis of Perspective Scores on Hate Speech Detection
2107.03451,2021-07-26,Anticipating Safety Issues in E2E Conversational AI: Framework and   Tooling
2107.04313,2021-07-12,Memes in the Wild: Assessing the Generalizability of the Hateful Memes   Challenge Dataset
2107.05295,2021-07-13,DaCy: A Unified Framework for Danish NLP
2107.05104,2021-07-27,"""A Virus Has No Religion"": Analyzing Islamophobia on Twitter During the   COVID-19 Outbreak"
2107.06243,2022-02-11,Fairness-aware Summarization for Justified Decision-Making
2107.05987,2021-07-14,Generating Gender Augmented Data for NLP
2107.07393,2021-07-16,Auditing for Diversity using Representative Examples
2107.05704,2021-07-14,How Could Equality and Data Protection Law Shape AI Fairness for People   with Disabilities?
2107.07691,2021-07-19,Intersectional Bias in Causal Language Models
2107.07705,2021-07-19,Pseudo-labelling Enhanced Media Bias Detection
2107.07754,2021-07-19,Measuring Fairness in Generative Models
2107.08176,2021-07-30,Automatic Fairness Testing of Neural Classifiers through Adversarial   Sampling
2107.08347,2021-07-20,Beyond a binary of (non)racist tweets: A four-dimensional categorical   detection and analysis of racist and xenophobic opinions on Twitter in early   Covid-19
2107.08902,2021-07-20,Analysing Cyberbullying using Natural Language Processing by   Understanding Jargon in Social Media
2107.08720,2021-09-21,Human-in-the-Loop for Data Collection: a Multi-Target Counter Narrative   Dataset to Fight Online Hate Speech
2107.06720,2021-11-11,Fairness in Ranking under Uncertainty
2107.09044,2021-09-28,Just Train Twice: Improving Group Robustness without Training Group   Information
2107.10251,2021-07-23,Using Adversarial Debiasing to Remove Bias from Word Embeddings
2107.10181,2021-07-23,Debiasing Multilingual Word Embeddings: A Case Study of Three Indian   Languages
2107.11584,2021-07-27,Extending Challenge Sets to Uncover Gender Bias in Machine Translation:   Impact of Stereotypical Verbs and Adjectives
2107.10443,2022-10-12,Spinning Sequence-to-Sequence Models with Meta-Backdoors
2107.12049,2022-10-05,SVEva Fair: A Framework for Evaluating Fairness in Speaker Verification
2107.11913,2021-09-22,Measuring Ethics in AI with AI: A Methodology and Dataset Construction
2107.12866,2021-08-03,Unsupervised Domain Adaptation for Hate Speech Detection Using a Data   Augmentation Approach
2108.00295,2021-10-15,Fair Representation Learning using Interpolation Enabled Disentanglement
2108.01250,2022-04-15,Your fairness may vary: Pretrained language model fairness in toxic text   classification
2107.13592,2022-05-11,Detecting Abusive Albanian
2107.13625,2021-11-19,Adaptation and Generalization for Unknown Sensitive Factors of   Variations
2108.01721,2021-08-05,Improving Counterfactual Generation for Fair Hate Speech Detection
2108.00768,2021-12-22,Cross-cultural Mood Perception in Pop Songs and its Alignment with Mood   Detection Algorithms
2108.01764,2021-08-05,Q-Pain: A Question Answering Dataset to Measure Social Bias in Pain   Management
2108.02741,2023-07-04,GIFAIR-FL: A Framework for Group and Individual Fairness in Federated   Learning
2108.03362,2022-10-17,On Measures of Biases and Harms in NLP
2108.03070,2021-08-09,SWSR: A Chinese Dataset and Lexicon for Online Sexism Detection
2108.02662,2021-08-06,Reducing Unintended Bias of ML Models on Tabular and Textual Data
2108.02818,2021-08-09,Evaluating CLIP: Towards Characterization of Broader Capabilities and   Downstream Implications
2108.02830,2021-08-09,Hate Speech Detection in Roman Urdu
2108.02854,2021-09-01,GENder-IT: An Annotated English-Italian Parallel Challenge Set for   Cross-Linguistic Natural Gender Phenomena
2108.05152,2021-08-12,Estimation of Fair Ranking Metrics with Incomplete Judgments
2108.05135,2021-08-21,Overview of the TREC 2020 Fair Ranking Track
2108.05412,2021-08-13,Analyzing Race and Country of Citizenship Bias in Wikidata
2108.05233,2022-02-22,EDITS: Modeling and Mitigating Data Bias for Graph Neural Networks
2108.06295,2021-08-16,Diachronic Analysis of German Parliamentary Proceedings: Ideological   Shifts through the Lens of Political Biases
2108.05921,2022-05-09,Hatemoji: A Test Suite and Adversarially-Generated Dataset for   Benchmarking and Detecting Emoji-based Hate
2108.05927,2021-08-16,Overview of the HASOC track at FIRE 2020: Hate Speech and Offensive   Content Identification in Indo-European Languages
2108.06487,2021-08-17,Investigating Bias In Automatic Toxic Comment Detection: An Empirical   Study
2108.06207,2021-08-16,Disentangling Hate in Online Memes
2108.06217,2021-08-16,Beyond Fairness Metrics: Roadblocks and Challenges for Ethical AI in   Practice
2108.07627,2021-08-18,Independent Ethical Assessment of Text Classification Models: A Hate   Speech Detection Case Study
2108.07258,2022-07-14,On the Opportunities and Risks of Foundation Models
2108.07790,2021-11-30,Mitigating harm in language models with conditional-likelihood   filtration
2108.07865,2021-08-19,Challenges and Applications of Automated Extraction of Socio-political   Events from Text (CASE 2021): Workshop and Shared Task Report
2108.07374,2021-08-18,Reusable Templates and Guides For Documenting Datasets and Models for   Natural Language Processing and Generation: A Case Study of the HuggingFace   and GEM Data and Model Cards
2108.07898,2023-05-30,Searching For or Reviewing Evidence Improves Crowdworkers'   Misinformation Judgments and Reduces Partisan Bias
2108.10379,2021-08-25,Examining Covert Gender Bias: A Case Study in Turkish and English   Machine Translation Models
2108.10724,2021-08-25,How Hateful are Movies? A Study and Prediction on Movie Subtitles
2108.10442,2021-09-21,Evaluating Fairness in Argument Retrieval
2108.11056,2023-01-24,Social Norm Bias: Residual Harms of Fairness-Aware Algorithms
2108.10791,2021-08-25,Ensuring the Inclusive Use of Natural Language Processing in the Global   Response to COVID-19
2108.12084,2021-09-14,Harms of Gender Exclusivity and Challenges in Non-Binary Representation   in Language Technologies
2108.10665,2021-08-25,Sharing Practices for Datasets Related to Accessibility and Aging
2108.11830,2021-09-14,Just Say No: Analyzing the Stance of Neural Dialogue Generation in   Offensive Contexts
2108.12521,2021-08-31,TweetBLM: A Hate Speech Dataset and Analysis of Black Lives   Matter-related Microblogs on Twitter
2109.00227,2021-09-02,Dataset for Identification of Homophobia and Transophobia in   Multilingual YouTube Comments
2109.00725,2022-08-02,"Causal Inference in Natural Language Processing: Estimation, Prediction,   Interpretation and Beyond"
2109.00024,2022-10-12,Machine-Learning media bias
2109.01190,2022-05-30,Assisting Decision Making in Scholarly Peer Review: A Preference   Learning Perspective
2109.00591,2021-09-03,Fight Fire with Fire: Fine-tuning Hate Detectors using Large Samples of   Generated Hate Speech
2109.02691,2022-10-18,"SS-BERT: Mitigating Identity Terms Bias in Toxic Comment Classification   by Utilising the Notion of ""Subjectivity"" and ""Identity Terms"""
2109.02202,2021-09-07,Fairness via AI: Bias Reduction in Medical Information
2109.01100,2021-09-03,How Suitable Are Subword Segmentation Strategies for Translating   Non-Concatenative Morphology?
2109.03646,2021-09-09,Sustainable Modular Debiasing of Language Models
2109.03952,2021-09-10,Attributing Fair Decisions with Attention Interventions
2109.04095,2021-09-10,Debiasing Methods in Natural Language Understanding Make Bias More   Accessible
2109.03858,2021-09-13,Collecting a Large-Scale Gender Bias Dataset for Coreference Resolution   and Machine Translation
2109.03300,2021-09-09,"Hi, my name is Martha: Using names to measure and mitigate bias in   generative dialogue models"
2109.04624,2021-09-13,Style Pooling: Automatic Text Style Obfuscation for Improved   Classification Fairness
2109.04732,2021-09-13,Assessing the Reliability of Word Embedding Gender Bias Measures
2109.05322,2021-09-14,Latent Hatred: A Benchmark for Understanding Implicit Hate Speech
2109.05325,2021-09-14,To Protect and To Serve? Analyzing Entity-Centric Framing of Police   Violence
2109.04316,2021-09-10,Accounting for Variations in Speech Emotion Recognition with   Nonparametric Hierarchical Neural Network
2109.05178,2021-09-14,College Student Retention Risk Analysis From Educational Database using   Multi-Task Multi-Modal Neural Fusion
2109.05184,2021-09-23,MOMENTA: A Multimodal Framework for Detecting Harmful Memes and Their   Targets
2109.05433,2021-09-14,Are Gender-Neutral Queries Really Gender-Neutral? Mitigating Gender Bias   in Image Search
2109.06105,2021-09-14,NeuTral Rewriter: A Rule-Based and Neural Approach to Automatic   Rewriting into Gender-Neutral Alternatives
2109.05704,2021-09-15,Mitigating Language-Dependent Ethnic Bias in BERT
2109.06437,2021-09-15,Uncovering Implicit Gender Bias in Narratives through Commonsense   Inference
2109.06860,2021-09-15,Broaden the Vision: Geo-Diverse Visual Commonsense Reasoning
2109.07231,2021-09-16,SWEAT: Scoring Polarization of Topics across Different Corpora
2109.06950,2021-09-16,Automatically Exposing Problems with Neural Dialog Models
2109.06952,2021-09-16,Residual Adapters for Parameter-Efficient ASR Adaptation to Atypical and   Accented Speech
2109.07445,2021-09-16,Challenges in Detoxifying Language Models
2109.07022,2021-09-16,How Does Counterfactually Augmented Data Impact Models for Social   Computing Constructs?
2109.07346,2021-11-25,Introducing an Abusive Language Classification Framework for Telegram to   Investigate the German Hater Community
2109.06157,2021-09-14,SituatedQA: Incorporating Extra-Linguistic Contexts into QA
2109.07140,2021-12-21,On the Universality of Deep Contextual Language Models
2109.07157,2021-09-16,Learning to Match Job Candidates Using Multilingual Bi-Encoder BERT
2109.06974,2021-09-16,Algorithmic Auditing and Social Justice: Lessons from the History of   Audit Studies
2109.07542,2021-09-17,Text as Causal Mediators: Research Design for Causal Estimates of   Differential Treatment of Social Groups via Language Aspects
2109.08253,2022-05-17,Balancing out Bias: Achieving Fairness Through Balanced Training
2109.08256,2022-03-22,Ethics Sheet for Automatic Emotion Recognition and Sentiment Analysis
2109.08120,2021-09-17,A Survey of Online Hate Speech through the Causal Lens
2109.08131,2021-09-17,Studying Up Machine Learning Data: Why Talk About Bias When We Mean   Power?
2109.08613,2021-09-20,Adversarial Scrubbing of Demographic Information for Text Classification
2109.09061,2021-09-21,Model-Based Approach for Measuring the Fairness in ASR
2109.07296,2021-09-16,Predicting Anti-Asian Hateful Users on Twitter during COVID-19
2109.08549,2023-04-27,Measuring Fairness Under Unawareness of Sensitive Attributes: A   Quantification-Based Approach
2109.09133,2021-09-21,Preventing Author Profiling through Zero-Shot Multilingual   Back-Translation
2109.09014,2021-09-21,A Machine Learning Pipeline to Examine Political Bias with Congressional   Speeches
2109.09483,2021-09-21,"ConvAbuse: Data, Analysis, and Benchmarks for Nuanced Abuse Detection in   Conversational AI"
2109.09725,2021-10-12,Model Bias in NLP -- Application to Hate Speech Classification using   transfer learning techniques
2109.08630,2021-09-20,A Fairness Analysis on Private Aggregation of Teacher Ensembles
2109.10052,2021-09-22,Stepmothers are mean and academics are pretentious: What do pretrained   language models learn about you?
2109.10697,2021-09-23,Towards Automatic Bias Detection in Knowledge Graphs
2109.09232,2021-09-21,UPV at CheckThat! 2021: Mitigating Cultural Differences for Identifying   Multilingual Check-worthy Claims
2109.07958,2022-05-10,TruthfulQA: Measuring How Models Mimic Human Falsehoods
2109.10645,2021-09-23,Contrastive Learning for Fair Representations
2109.10441,2021-09-23,Evaluating Debiasing Techniques for Intersectional Biases
2109.10444,2021-09-23,Fairness-aware Class Imbalanced Learning
2109.09946,2021-09-22,Identifying biases in legal data: An algorithmic fairness perspective
2109.11708,2021-09-27,Detect and Perturb: Neutral Rewriting of Biased and Sensitive Text via   Gradient-based Decoding
2109.12072,2021-09-27,SD-QA: Spoken Dialectal Question Answering for the Real World
2109.09667,2021-09-21,On Generalization in Coreference Resolution
2109.09672,2021-09-21,Actionable Approaches to Promote Ethical AI in Libraries
2109.13037,2021-10-04,Language Invariant Properties in Natural Language Processing
2109.13137,2021-09-28,Mitigating Racial Biases in Toxic Language Detection with an   Equity-Based Ensemble Framework
2109.11484,2021-09-24,Diversity by Design: Balancing Protection and Inclusion in Social   Networks
2109.13238,2021-10-25,Visually Grounded Reasoning across Languages and Cultures
2109.13767,2021-09-29,Identifying and Mitigating Gender Bias in Hyperbolic Word Embeddings
2109.14039,2021-09-30,Marked Attribute Bias in Natural Language Inference
2109.14047,2021-09-30,Second Order WinoBias (SoWinoBias) Test Set for Latent Gender Bias   Detection in Coreference Resolution
2110.00116,2021-10-12,#ContextMatters: Advantages and Limitations of Using Machine Learning to   Support Women in Politics
2109.13563,2022-10-17,Agreeing to Disagree: Annotating Offensive Language Datasets with   Annotators' Disagreement
2110.00521,2021-10-04,Unpacking the Interdependent Systems of Discrimination: Ableist Bias in   NLP Systems through an Intersectional Lens
2110.00672,2021-10-05,Low Frequency Names Exhibit Bias and Overfitting in Contextualizing   Language Models
2109.14350,2021-11-23,Call Larisa Ivanovna: Code-Switching Fools Multilingual NLU Models
2110.00911,2021-10-05,Enhancing Model Robustness and Fairness with Causality: A Regularization   Approach
2109.14653,2021-10-01,"An Empirical Study of Accuracy, Fairness, Explainability, Distributional   Robustness, and Adversarial Robustness"
2110.00678,2021-10-18,Speech Technology for Everyone: Automatic Speech Recognition for   Non-Native English with Transfer Learning
2110.00413,2021-10-04,Detecting Harmful Memes and Their Targets
2109.15294,2021-10-01,Targeted Ads and/as Racial Discrimination: Exploring Trends in New York   City Ads for College Scholarships
2110.01094,2021-10-05,Adversarial Examples Generation for Reducing Implicit Gender Bias in   Pre-trained Models
2110.01577,2021-10-05,An Empirical Investigation of Learning from Biased Toxicity Labels
2110.01963,2021-10-06,"Multimodal datasets: misogyny, pornography, and malignant stereotypes"
2110.00806,2021-10-05,Swiss-Judgment-Prediction: A Multilingual Legal Judgment Prediction   Benchmark
2110.02884,2021-10-07,Human-in-the-Loop Refinement of Word Embeddings
2110.03320,2021-10-08,Automated Testing of AI Models
2110.02802,2023-06-16,Self-conditioning pre-trained language models
2110.01951,2021-10-06,Multi-Objective Few-shot Learning for Fair Classification
2110.04133,2023-12-13,Quantifying disparities in intimate partner violence: a machine learning   method to correct for underreporting
2110.04222,2021-10-11,Inferring Offensiveness In Images From Natural Language Supervision
2110.03382,2021-10-08,Analysis of the influence of political polarization in the vaccination   stance: the Brazilian COVID-19 scenario
2110.03873,2022-10-12,Representation of professions in entertainment media: Insights into   frequency and sentiment trends through computational text analysis
2110.04384,2021-10-12,"Evaluation of Summarization Systems across Gender, Age, and Race"
2110.05367,2023-07-03,Improving Gender Fairness of Pre-Trained Language Models without   Catastrophic Forgetting
2110.04908,2024-12-18,DITTO: Data-efficient and Fair Targeted Subset Selection for ASR Accent   Adaptation
2110.06282,2023-09-04,The Rich Get Richer: Disparate Impact of Semi-Supervised Learning
2110.05699,2021-10-13,On Releasing Annotator-Level Labels and Information in Datasets
2110.06733,2021-10-14,Systematic Inequalities in Language Technology Performance across the   World's Languages
2110.07957,2022-04-27,Don't speak too fast: The impact of data bias on self-supervised speech   models
2110.08193,2022-03-17,BBQ: A Hand-Built Bias Benchmark for Question Answering
2110.07871,2022-05-10,Socially Aware Bias Measurements for Hindi Language Representations
2110.07518,2022-05-06,SaFeRDialogues: Taking Feedback Gracefully after Conversational Safety   Failures
2110.08038,2021-10-18,Toward Annotator Group Bias in Crowdsourcing
2110.08527,2022-04-05,An Empirical Survey of the Effectiveness of Debiasing Techniques for   Pre-trained Language Models
2110.06847,2023-03-30,Ousiometrics and Telegnomics: The essence of meaning conforms to a   two-dimensional powerful-weak and dangerous-safe framework with diverse   corpora presenting a safety bias
2110.08583,2021-10-19,ASR4REAL: An extended benchmark for speech models
2110.07574,2022-07-14,Can Machines Learn Morality? The Delphi Experiment
2110.07592,2022-04-05,DeToxy: A Large-Scale Multimodal Dataset for Toxicity Classification in   Spoken Utterances
2110.08835,2021-10-19,Towards More Accountable Search Engines: Online Evaluation of   Representation Bias
2110.09216,2021-10-19,The Arabic Parallel Gender Corpus 2.0: Extensions and Analyses
2110.08466,2022-04-05,"On the Safety of Conversational Models: Taxonomy, Dataset, and Benchmark"
2110.09151,2021-10-19,How to Effectively Identify and Communicate Person-Targeting Media Bias   in Daily News Consumption?
2110.09158,2021-10-19,Newsalyze: Effective Communication of Person-Targeting Biases in News   Articles
2110.09248,2021-10-20,Demographic Biases of Crowd Workers in Key Opinion Leaders Finding
2110.09424,2021-10-19,Don't Judge Me by My Face : An Indirect Adversarial Approach to Remove   Sensitive Information From Multimodal Neural Representation in Asynchronous   Job Video Interviews
2110.09843,2022-01-14,AequeVox: Automated Fairness Testing of Speech Recognition Systems
2110.10024,2021-10-20,Risks of AI Foundation Models in Education
2110.11010,2022-05-18,Algorithmic Amplification of Politics on Twitter
2110.12609,2021-10-26,No News is Good News: A Critique of the One Billion Word Benchmark
2110.13136,2022-02-09,What Would Jiminy Cricket Do? Towards Agents That Behave Morally
2110.13796,2021-10-27,Post-processing for Individual Fairness
2110.13504,2021-10-27,Managing Bias in Human-Annotated Data: Moving Beyond Bias Removal
2110.14839,2021-10-29,Hate Speech Classifiers Learn Human-Like Social Stereotypes
2110.15728,2021-11-01,Deep Learning for Bias Detection: From Inception to Deployment
2110.15733,2021-11-01,Detecting Gender Bias in Transformer-based Models: A Case Study on BERT
2110.14503,2022-02-21,Simple data balancing achieves competitive worst-group-accuracy
2110.15905,2021-11-01,Transformer Ensembles for Sexism Detection
2110.14780,2021-11-02,Combining Vagueness Detection with Deep Learning to Identify Fake News
2111.00107,2022-11-07,The Golden Rule as a Heuristic to Measure the Fairness of Texts Using   Machine Learning
2110.15683,2021-11-01,Incentives for Item Duplication under Fair Ranking Policies
2111.00086,2021-12-16,Measuring a Texts Fairness Dimensions Using Machine Learning Based on   Social Psychological Factors
2111.01515,2021-11-03,Detection of Hate Speech using BERT and Hate Speech Word Embedding with   Deep Model
2111.00735,2021-11-02,Calibrating Explore-Exploit Trade-off for Fair Online Learning to Rank
2111.02110,2021-12-28,Automatic Evaluation and Moderation of Open-domain Dialogue Systems
2111.02646,2021-11-05,Engaging Politically Diverse Audiences on Social Media
2111.03514,2021-11-08,SocialVec: Social Entity Embeddings
2111.03687,2022-01-03,AI and Blackness: Towards moving beyond bias and representation
2111.03612,2021-11-08,Sexism Identification in Tweets and Gabs using Deep Neural Networks
2111.03635,2021-11-08,BBC-Oxford British Sign Language Dataset
2111.04158,2021-11-09,A Word on Machine Ethics: A Response to Jiang et al. (2021)
2111.03375,2021-11-08,Developing Successful Shared Tasks on Offensive Language Identification   for Dravidian Languages
2111.04530,2021-11-09,AI-UPV at IberLEF-2021 DETOXIS task: Toxicity Detection in   Immigration-Related Web News Comments Using Transformers and Statistical   Models
2111.04551,2021-11-09,Sexism Prediction in Spanish and English Tweets Using Monolingual and   Multilingual BERT and Ensemble Models
2111.03906,2021-11-09,Insights Into Incitement: A Computational Perspective on Dangerous   Speech on Twitter in India
2111.05501,2021-11-11,Inclusive Speaker Verification with Adaptive thresholding
2111.06467,2022-01-14,SynthBio: A Case Study in Human-AI Collaborative Curation of Text   Datasets
2111.07997,2022-05-11,Annotators with Attitudes: How Annotator Beliefs And Identities Bias   Toxic Language Detection
2111.08088,2021-11-17,Assessing gender bias in medical and scientific masked language models   with StereoSet
2111.07448,2021-11-16,Contrastive Clustering: Toward Unsupervised Bias Reduction for Emotion   and Sentiment Classification
2111.07864,2024-09-13,Evaluating Metrics for Bias in Word Embeddings
2111.08581,2021-11-17,Words of Wisdom: Representational Harms in Learning From AI   Communication
2111.08723,2021-11-18,Who Decides if AI is Fair? The Labels Problem in Algorithmic Auditing
2111.07889,2021-11-16,An Outcome Test of Discrimination for Ranked Lists
2111.08940,2022-05-20,Transparent Human Evaluation for Image Captioning
2111.10390,2021-11-23,The ComMA Dataset V0.2: Annotating Aggression and Bias in Multilingual   Social Media Discourse
2111.09983,2021-11-22,Towards Measuring Fairness in Speech Recognition: Casual Conversations   Dataset Transcriptions
2111.10501,2021-11-23,Exploring Language Patterns in a Medical Licensure Exam Item Bank
2111.09612,2021-11-19,How Emotionally Stable is ALBERT? Testing Robustness with Stochastic   Weight Averaging on a Sentiment Analysis Task
2111.11159,2021-11-23,Investigating Cross-Linguistic Gender Bias in Hindi-English Across   Domains
2111.10723,2021-11-23,End-to-end Learning for Fair Ranking Systems
2111.11118,2023-04-20,"Comparing the Language of QAnon-related content on Parler, Gab, and   Twitter"
2111.09774,2022-02-18,Assessing Gender Bias in Particle Physics and Social Science   Recommendations for Academic Jobs
2111.13259,2021-11-29,Identification of Bias Against People with Disabilities in Sentiment   Analysis and Toxicity Detection Models
2111.11665,2021-11-30,RadFusion: Benchmarking Performance and Fairness for Multimodal   Pulmonary Embolism Detection from CT and EHR
2111.12939,2022-01-11,Probabilistic Impact Score Generation using Ktrain-BERT to Identify Hate   Words from Twitter Discussions
2111.13974,2021-11-30,Exploring Transformer Based Models to Identify Hate Speech and Offensive   Content in English and Indo-Aryan Languages
2111.13310,2021-11-29,Evaluating Trust in the Context of Conversational Information Systems   for new users of the Internet
2111.13576,2021-11-29,Job Recommender Systems: A Review
2111.15512,2021-12-01,What Do You See in this Patient? Behavioral Testing of Clinical NLP   Models
2112.00861,2021-12-13,A General Language Assistant as a Laboratory for Alignment
2111.15366,2021-12-01,AI and the Everything in the Whole Wide World Benchmark
2112.00819,2021-12-03,CO-STAR: Conceptualisation of Stereotypes for Analysis and Reasoning
2112.02265,2022-06-29,"""Stop Asian Hate!"" : Refining Detection of Anti-Asian Hate Speech During   the COVID-19 Pandemic"
2112.00773,2021-12-03,Reconsidering Tweets: Intervening During Tweet Creation Decreases   Offensive Content
2112.01278,2021-12-07,Where the Earth is flat and 9/11 is an inside job: A comparative   algorithm audit of conspiratorial information in web search results
2112.03497,2022-03-28,Dataset Geography: Mapping Language Data to Language Users
2112.03529,2021-12-08,"Ground-Truth, Whose Truth? -- Examining the Challenges with Annotating   Toxic Text Datasets"
2112.03858,2021-12-08,Reducing Target Group Bias in Hate Speech Detectors
2112.04359,2021-12-09,Ethical and social risks of harm from Language Models
2112.02384,2021-12-07,Marching with the Pink Parade: Evaluating Visual Search Recommendations   for Non-binary Clothing Items
2112.04554,2024-03-14,Whose Ground Truth? Accounting for Individual and Collective Identities   Underlying Dataset Annotation
2112.04030,2021-12-09,The Origin and Value of Disagreement Among Data Labelers: A Case Study   of the Individual Difference in Hate Speech Annotation
2112.02721,2022-10-14,NL-Augmenter: A Framework for Task-Sensitive Natural Language   Augmentation
2112.02746,2021-12-07,Unfairness Despite Awareness: Group-Fair Classification with Strategic   Agents
2112.04094,2021-12-09,The Effect of Model Size on Worst-Group Generalization
2112.03807,2021-12-10,raceBERT -- A Transformer-based Model for Predicting Race and Ethnicity   from Names
2112.05194,2021-12-13,Word Embeddings via Causal Inference: Gender Bias Reducing and Semantic   Information Preserving
2112.05224,2022-10-12,Spinning Language Models: Risks of Propaganda-As-A-Service and   Countermeasures
2112.04975,2021-12-10,Personalized musically induced emotions of not-so-popular Colombian   music
2112.06837,2021-12-14,Sparse Interventions in Language Models with Differentiable Masking
2112.07447,2021-12-15,Measuring Fairness with Biased Rulers: A Survey on Quantifying Biases in   Pretrained Language Models
2112.05675,2022-02-14,"Assessing the Fairness of AI Systems: AI Practitioners' Processes,   Challenges, and Needs for Support"
2112.05700,2021-12-13,A Framework for Fairness: A Systematic Review of Existing Fair AI   Solutions
2112.06642,2021-12-14,Unraveling Social Perceptions & Behaviors towards Migrants on Twitter
2112.07868,2022-04-19,Few-shot Instruction Prompts for Pretrained Language Models to Detect   Social Biases
2112.07133,2023-05-12,CLIP-Lite: Information Efficient Visual Representation Learning with   Language Supervision
2112.07783,2024-05-31,Online antisemitism across platforms
2112.07384,2021-12-15,Identification of Biased Terms in News Articles by Comparison of   Outlet-specific Word Embeddings
2112.07391,2021-12-20,TASSY -- A Text Annotation Survey System
2112.07392,2021-12-20,Do You Think It's Biased? How To Ask For The Perception Of Media Bias
2112.07421,2021-12-20,Towards A Reliable Ground-Truth For Biased Language Detection
2112.08637,2023-08-17,Analyzing the Limits of Self-Supervision in Handling Bias in Language
2112.08346,2021-12-16,Simple Text Detoxification by Identifying a Linear Toxic Subspace in   Language Model Embeddings
2112.08910,2022-07-14,Degendering Resumes for Fair Algorithmic Resume Screening
2112.07475,2022-05-02,Two Contrasting Data Annotation Paradigms for Subjective NLP Tasks
2112.09596,2022-10-28,Linguistic and Gender Variation in Speech Emotion Recognition using   Spectral Features
2112.08256,2021-12-16,"Est-ce que vous compute? Code-switching, cultural identity, and AI"
2112.09738,2021-12-21,Improving Ethical Outcomes with Machine-in-the-Loop: Broadening Human   Understanding of Data Annotations
2112.10189,2021-12-21,LUC at ComMA-2021 Shared Task: Multilingual Gender Biased and Communal   Language Identification without using linguistic features
2112.11446,2022-01-24,"Scaling Language Models: Methods, Analysis & Insights from Training   Gopher"
2112.12014,2025-08-13,Quantifying Gender Biases Towards Politicians on Reddit
2112.09986,2021-12-21,Leveraging Transformers for Hate Speech Detection in Conversational   Code-Mixed Tweets
2112.10668,2022-11-11,Few-shot Learning with Multilingual Language Models
2112.12802,2021-12-28,Biased or Not?: The Story of Two Search Engines
2112.13352,2022-01-25,An Interdisciplinary Approach for the Automated Detection and   Visualization of Media Bias in News Articles
2112.13980,2021-12-30,Pretty Princess vs. Successful Leader: Gender Roles in Greeting Card   Messages
2112.14168,2021-12-30,A Survey on Gender Bias in Natural Language Processing
2112.13758,2021-12-28,Bridging the Gap: Using Deep Acoustic Representations to Learn Grounded   Language from Percepts and Raw Speech
2112.11244,2021-12-22,Hateful Memes Challenge: An Enhanced Multimodal Framework
2112.11251,2022-01-05,Understanding and Mitigating the Effect of Outliers in Fair Ranking
2112.13214,2021-12-28,NeuronFair: Interpretable White-Box Fairness Testing through Biased   Neuron Identification
2112.15417,2022-01-14,"Hypers at ComMA@ICON: Modelling Aggressiveness, Gender Bias and Communal   Bias Identification"
2112.14330,2021-12-30,"Simple, Interpretable and Stable Method for Detecting Words with Usage   Change across Corpora"
2201.00855,2022-01-05,"AI & Racial Equity: Understanding Sentiment Analysis Artificial   Intelligence, Data Security, and Systemic Theory in Criminal Justice Systems"
2201.00074,2022-09-30,Engagement Outweighs Exposure to Partisan and Unreliable News within   Google Search
2201.02257,2022-01-10,Applying Word Embeddings to Measure Valence in Information Operations   Targeting Journalists in Brazil
2201.03239,2022-07-11,"There is no rose without a thorn: Finding weaknesses on BlenderBot 2.0   in terms of Model, Data and User-Centric Approach"
2201.03173,2022-01-11,Quantifying Gender Bias in Consumer Culture
2201.01997,2022-01-07,"An exploratory experiment on Hindi, Bengali hate-speech detection and   transfer learning using neural networks"
2201.00961,2022-01-05,"Nipping in the Bud: Detection, Diffusion and Mitigation of Hate Speech   on Social Media"
2201.05216,2022-03-10,The Fairness Field Guide: Perspectives from Social and Formal Sciences
2201.06224,2022-01-20,Unintended Bias in Language Model-driven Conversational Recommendation
2201.06025,2022-10-20,COLD: A Benchmark for Chinese Offensive Language Detection
2201.05759,2023-12-27,FairIF: Boosting Fairness in Deep Learning via Influence Functions with   Validation Set Sensitive Attributes
2201.06638,2022-05-30,"Hate Speech in the Political Discourse on Social Media: Disparities   Across Parties, Gender, and Ethnicity"
2201.07754,2023-01-10,Grep-BiasIR: A Dataset for Investigating Gender Representation-Bias in   Information Retrieval Results
2201.07677,2023-03-21,"Tiny, always-on and fragile: Bias propagation through design choices in   on-device machine learning workflows"
2201.08239,2022-02-11,LaMDA: Language Models for Dialog Applications
2201.08675,2023-02-24,Gender Bias in Text: Labeled Datasets and Lexicons
2201.08451,2022-01-24,Regional Negative Bias in Word Embeddings Predicts Racial Animus--but   only via Name Frequency
2201.08542,2022-01-24,Can Model Compression Improve NLP Fairness
2201.09119,2022-01-25,A Causal Lens for Controllable Text Generation
2201.08387,2022-05-18,Understanding and Detecting Hateful Content using Contrastive Learning
2201.08643,2022-01-24,Text Style Transfer for Bias Mitigation using Masked Language Modeling
2201.07311,2022-01-20,Datasheet for the Pile
2201.08304,2022-07-14,Minimax Demographic Group Fairness in Federated Learning
2201.09151,2022-04-13,An External Stability Audit Framework to Test the Validity of   Personality Prediction in AI Hiring
2201.10376,2022-01-26,Modeling Multi-level Context for Informational Bias Detection by   Contrastive Learning and Sentential Graph Network
2201.10474,2022-01-27,Whose Language Counts as High Quality? Measuring Language Ideologies in   Text Data Selection
2201.09486,2022-06-22,Bias in Automated Speaker Recognition
2201.10066,2022-01-26,Documenting Geographically and Contextually Diverse Data Sources: The   BigScience Catalogue of Language Data and Resources
2201.10881,2023-02-08,The Norwegian Parliamentary Speech Corpus
2201.10408,2022-05-11,An Algorithmic Framework for Bias Bounties
2201.12091,2024-12-18,Linear Adversarial Concept Erasure
2201.11770,2022-01-31,Going Extreme: Comparative Analysis of Hate Speech in Parler and Gab
2201.11358,2024-01-26,Fairness Implications of Encoding Protected Categorical Attributes
2202.00035,2022-08-26,Learning Fair Representations via Rate-Distortion Maximization
2202.00471,2022-11-28,Causal effect of racial bias in data and machine learning algorithms on   user persuasiveness & discriminatory decision making: An Empirical Study
2202.00126,2023-01-18,Handling Bias in Toxic Speech Detection: A Survey
2201.12662,2022-02-01,"Fair ranking: a critical review, challenges, and future directions"
2202.01615,2022-08-15,Measuring Disparate Outcomes of Content Recommendation Algorithms with   Distributional Inequality Metrics
2202.01711,2022-09-27,Algorithmic Fairness Datasets: the Story so Far
2202.01336,2022-10-18,Exploring Transformer Backbones for Heterogeneous Treatment Effect   Estimation
2202.03286,2022-02-08,Red Teaming Language Models with Language Models
2202.03371,2022-02-08,Cedille: A large autoregressive French language model
2202.02950,2022-02-08,Jury Learning: Integrating Dissenting Voices into Machine Learning   Models
2202.03792,2022-02-10,Counterfactual Multi-Token Fairness in Text Classification
2202.03907,2022-02-09,Context-Aware Discrimination Detection in Job Vacancies using   Computational Language Models
2202.03934,2022-02-10,"Alexa, in you, I trust! Fairness and Interpretability Issues in   E-commerce Search through Smart Speakers"
2202.04173,2022-10-25,Exploring the Limits of Domain-Adaptive Training for Detoxifying   Large-Scale Language Models
2202.03237,2022-02-08,Introducing the Expohedron for Efficient Pareto-optimal Fairness-Utility   Amortizations in Repeated Rankings
2202.04053,2023-09-01,DALL-Eval: Probing the Reasoning Skills and Social Biases of   Text-to-Image Generation Models
2202.03083,2022-04-14,"Gender stereotypes in the mediated personalization of politics:   Empirical evidence from a lexical, syntactic and sentiment analysis"
2202.05682,2022-03-08,GenderedNews: Une approche computationnelle des \'ecarts de   repr\'esentation des genres dans la presse fran\c{c}aise
2202.05690,2022-02-14,HaT5: Hate Language Identification using Text-to-Text Transfer   Transformer
2202.03814,2022-12-02,Optimal Transport of Classifiers to Fairness
2202.03734,2022-08-24,Cascaded Debiasing: Studying the Cumulative Effect of Multiple   Fairness-Enhancing Interventions
2202.06618,2022-06-22,A Differential Entropy Estimator for Training Neural Networks
2202.05396,2022-02-14,Enhancing ASR for Stuttered Speech with Limited Data Using Detect and   Pass
2202.06218,2022-02-15,Emotion Based Hate Speech Detection using Multimodal Learning
2202.07300,2022-08-23,Choosing an algorithmic fairness metric for an online marketplace:   Detecting and quantifying algorithmic bias on LinkedIn
2202.08011,2022-10-31,"Towards Identifying Social Bias in Dialog Systems: Frame, Datasets, and   Benchmarks"
2202.07435,2022-02-16,"State of AI Ethics Report (Volume 6, February 2022)"
2202.08360,2022-02-23,Vision Models Are More Robust And Fair When Pretrained On Uncurated   Images Without Supervision
2202.07785,2022-10-05,Predictability and Surprise in Large Generative Models
2202.07853,2022-02-17,A deep dive into the consistently toxic 1% of Twitter
2202.08492,2022-02-18,Feels Bad Man: Dissecting Automated Hateful Meme Detection Through the   Lens of Facebook's Challenge
2202.08176,2022-11-04,Bias and unfairness in machine learning models: a systematic literature   review
2202.08187,2022-09-09,Differential Privacy and Fairness in Decisions and Learning Tasks: A   Survey
2202.08960,2022-02-21,"Toward a traceable, explainable, and fairJD/Resume recommendation system"
2202.09099,2022-04-21,AMS_ADRN at SemEval-2022 Task 5: A Suitable Image-text Multimodal Joint   Modeling Method for Multi-task Misogyny Identification
2202.09005,2022-02-21,"Reviews in motion: a large scale, longitudinal study of review   recommendations on Yelp"
2202.08926,2022-02-21,On Guiding Visual Attention with Language Specification
2202.09662,2022-07-28,Reward Modeling for Mitigating Toxicity in Transformer-based Language   Models
2202.07646,2023-03-07,Quantifying Memorization Across Neural Language Models
2202.09244,2022-06-16,Transfer and Marginalize: Explaining Away Label Noise with Privileged   Information
2202.09517,2023-12-08,Deep Learning for Hate Speech Detection: A Comparative Study
2202.09519,2022-02-22,The four-fifths rule is not disparate impact: a woeful tale of epistemic   trespassing in algorithmic fairness
2202.09150,2022-02-21,Personalization Trade-offs in Designing a Dialogue-based Information   System for Support-Seeking of Sexual Violence Survivors
2202.10848,2022-09-01,Speciesist bias in AI -- How AI applications perpetuate discrimination   and unfair outcomes against animals
2202.11176,2022-02-24,A New Generation of Perspective API: Efficient Multilingual   Character-level Transformers
2202.11812,2022-02-25,Investigations of Performance and Bias in Human-AI Teamwork in Hiring
2202.11760,2022-02-25,Googling for Abortion: Search Engine Mediation of Abortion Accessibility   in the United States
2202.11923,2022-02-25,Welcome to the Modern World of Pronouns: Identity-Inclusive Natural   Language Processing beyond Gender
2202.12058,2022-02-25,Exploring the Unfairness of DP-SGD Across Settings
2202.12603,2022-02-28,Language technology practitioners as language managers: arbitrating data   bias and predictive bias in ASR
2202.12568,2022-02-28,Screening Gender Transfer in Neural Machine Translation
2202.12875,2022-02-28,DataLab: A Platform for Data Analysis and Intervention
2202.12299,2022-11-28,Capturing Failures of Large Language Models via Human Cognitive Biases
2203.01111,2022-07-07,Large-Scale Hate Speech Detection with Cross-Domain Transfer
2203.00271,2022-03-02,ArabGend: Gender Analysis and Inference on Arabic Twitter
2203.02053,2022-10-21,Mind the Gap: Understanding the Modality Gap in Multi-modal Contrastive   Representation Learning
2202.13774,2022-12-12,"Selection, Ignorability and Challenges With Causal Fairness"
2203.02155,2022-03-07,Training language models to follow instructions with human feedback
2203.01731,2022-03-04,Do Perceived Gender Biases in Retrieval Results Affect Relevance   Judgements?
2203.02392,2022-03-07,Beyond Plain Toxic: Detection of Inappropriate Statements on Flammable   Topics for the Russian Language
2203.03072,2022-03-08,Leashing the Inner Demons: Self-Detoxification for Language Models
2203.03541,2022-03-08,Fairness for Text Classification Tasks with Identity Information Data   Augmentation Methods
2203.03584,2022-03-08,Counter Hate Speech in Social Media: A Survey
2203.03399,2022-05-11,Building and curating conversational corpora for diversity-aware   language science and technology
2203.02745,2022-03-08,The Impact of Differential Privacy on Group Disparity Mitigation
2203.04616,2022-07-19,PALI-NLP at SemEval-2022 Task 4: Discriminative Fine-tuning of   Transformers for Patronizing and Condescending Language Detection
2203.04462,2022-03-10,Downstream Fairness Caveats with Synthetic Healthcare Data
2203.06317,2022-05-17,Towards Equal Opportunity Fairness through Adversarial Learning
2203.05140,2022-08-15,Speciesist Language and Nonhuman Animal Bias in English Masked Language   Models
2203.05824,2022-03-14,Towards Analyzing the Bias of News Recommender Systems Using Sentiment   and Stance Detection
2203.07228,2022-03-15,FairLex: A Multilingual Benchmark for Evaluating Fairness in Legal Text   Processing
2203.07378,2023-09-11,Dawn of the transformer era in speech emotion recognition: closing the   valence gap
2203.07504,2022-03-16,VAST: The Valence-Assessing Semantics Test for Contextualizing Language   Models
2203.07523,2022-03-17,Sense Embeddings are also Biased--Evaluating Social Biases in Static and   Contextualised Sense Embeddings
2203.07785,2022-03-16,The Ghost in the Machine has an American accent: value conflict in GPT-3
2203.07031,2022-03-15,Model Positionality and Computational Reflexivity: Promoting Reflexivity   in Data Science
2203.08670,2022-03-17,Measuring Fairness of Text Classifiers via Prediction Sensitivity
2203.08351,2022-03-21,Towards Afrocentric NLP for African Languages: Where We Are and Where We   Can Go
2203.09192,2022-03-18,Entropy-based Attention Regularization Frees Unintended Bias Mitigation   from Lists
2203.09509,2022-07-15,ToxiGen: A Large-Scale Machine-Generated Dataset for Adversarial and   Implicit Hate Speech Detection
2203.09904,2022-03-21,Do Multilingual Language Models Capture Differing Moral Norms?
2203.07893,2023-04-21,Gold Doesn't Always Glitter: Spectral Removal of Linear and Nonlinear   Guarded Attribute Information
2203.09866,2022-03-21,Under the Morphosyntactic Lens: A Multifaceted Evaluation of Gender Bias   in Speech Translation
2203.09597,2022-03-21,Towards Responsible Natural Language Annotation for the Varieties of   Arabic
2203.10020,2022-03-21,Challenges and Strategies in Cross-Cultural NLP
2203.10675,2022-03-22,Mitigating Gender Bias in Machine Translation through Adversarial   Learning
2203.11401,2022-03-23,Suum Cuique: Studying Bias in Taboo Detection with a Community   Perspective
2203.11383,2022-04-29,DIANES: A DEI Audit Toolkit for News Sources
2203.10338,2022-03-22,Understanding COVID-19 News Coverage using Medical NLP
2203.11933,2022-10-27,A Prompt Array Keeps the Bias Away: Debiasing Vision-Language Models   with Adversarial Learning
2203.11764,2022-03-23,Listening to Affected Communities to Define Extreme Speech: Dataset and   Experiments
2203.11852,2023-03-21,Representation Bias in Data: A Survey on Identification and Resolution   Techniques
2203.12574,2022-03-24,Mitigating Gender Bias in Distilled Language Models via Counterfactual   Role Reversal
2203.13369,2022-04-13,Gender and Racial Stereotype Detection in Legal Opinion Word Embeddings
2203.13722,2025-08-29,Probing Pre-Trained Language Models for Cross-Cultural Differences in Values
2203.13928,2022-03-29,On the Intrinsic and Extrinsic Fairness Evaluation Metrics for   Contextualized Language Representations
2203.14349,2022-03-29,Reinforcement Guided Multi-Task Learning Framework for Low-Resource   Stereotype Detection
2203.14603,2024-09-13,The SAME score: Improved cosine based bias score for word embeddings
2203.14876,2022-03-29,"Finnish Parliament ASR corpus - Analysis, benchmarks and statistics"
2203.15395,2022-03-30,Quantifying Societal Bias Amplification in Image Captioning
2203.14498,2022-03-29,EnCBP: A New Benchmark Dataset for Finer-Grained Cultural Background   Prediction in English
2203.13778,2022-05-24,L3Cube-MahaHate: A Tweet-based Marathi Hate Speech Detection Dataset and   BERT models
2203.14920,2022-03-29,"UTSA NLP at SemEval-2022 Task 4: An Exploration of Simple Ensembles of   Transformers, Convolutional, and Recurrent Neural Networks"
2203.13179,2022-03-25,Automatic User Profiling in Darknet Markets: a Scalability Study
2203.14680,2022-10-14,Transformer Feed-Forward Layers Build Predictions by Promoting Concepts   in the Vocabulary Space
2203.14267,2022-04-12,bitsa_nlp@LT-EDI-ACL2022: Leveraging Pretrained Language Models for   Detecting Homophobia and Transphobia in Social Media Comments
2203.15591,2022-03-30,Earnings-22: A Practical Benchmark for Accents in the Wild
2203.16822,2022-10-18,How Does Pre-trained Wav2Vec 2.0 Perform on Domain Shifted ASR? An   Extensive Benchmark on Air Traffic Control Communications
2203.16743,2022-04-01,A Peek into the Political Biases in Email Spam Filtering Algorithms   During US Election 2020
2203.16781,2022-04-01,Misogynistic Meme Detection using Early Fusion Model with Graph Network
2204.00967,2022-04-05,Automatic Dialect Density Estimation for African American English
2204.00977,2022-04-05,Deep Speech Based End-to-End Automated Speech Recognition (ASR) for   Indian-English Accents
2204.00280,2022-04-04,A Versatile Framework for Evaluating Ranked Lists in terms of Group   Fairness and Relevance
2204.00541,2022-04-04,FairRank: Fairness-aware Single-tower Ranking Framework for News   Recommendation
2204.01734,2022-04-07,On Explaining Multimodal Hateful Meme Detection Models
2204.01397,2022-07-06,A Study of Gender Impact in Self-supervised Models for Speech-to-Text   Systems
2204.02311,2022-10-06,PaLM: Scaling Language Modeling with Pathways
2204.02483,2022-04-07,Considerations for Multilingual Wikipedia Research
2204.02281,2022-09-14,Design Guidelines for Inclusive Speaker Verification Evaluation Datasets
2204.02261,2022-04-06,Improving Generalizability in Implicitly Abusive Language Detection with   Concept Activation Vectors
2204.03262,2022-04-11,Korean Online Hate Speech Dataset for Multilabel Classification: How Can   Social Science Improve Dataset on Hate Speech?
2204.03558,2022-04-08,"Mapping the Multilingual Margins: Intersectional Biases of Sentiment   Analysis Systems in English, Spanish, and Arabic"
2204.03021,2022-04-08,The Moral Integrity Corpus: A Benchmark for Ethical Dialogue Systems
2204.03031,2022-09-14,VALUE: Understanding Dialect Disparity in NLU
2204.04042,2022-07-05,Checking HateCheck: a cross-functional analysis of behaviour-aware   learning for hate speech detection
2204.02790,2022-04-07,Global Readiness of Language Technology for Healthcare: What would it   Take to Combat the Next Pandemic?
2204.04026,2022-04-11,Fair and Argumentative Language Modeling for Computational Argumentation
2204.02567,2022-05-12,FairNeuron: Improving Deep Neural Network Fairness with Adversary Games   on Selective Neurons
2204.03953,2022-04-11,RubCSG at SemEval-2022 Task 5: Ensemble learning for identifying   misogynous MEMEs
2204.04902,2022-05-04,NeuS: Neutral Multi-News Summarization for Mitigating Framing Bias
2204.03230,2022-10-19,What You See is What You Get: Principled Deep Learning via   Distributional Generalization
2204.04724,2022-04-12,ProFairRec: Provider Fairness-aware News Recommendation
2204.02947,2023-04-24,Marrying Fairness and Explainability in Supervised Learning
2204.05459,2022-04-13,Easy Adaptation to Mitigate Gender Bias in Multilingual Text   Classification
2204.04440,2022-11-22,Are Two Heads the Same as One? Identifying Disparate Treatment in Fair   Neural Networks
2204.06299,2022-04-14,TIB-VA at SemEval-2022 Task 5: A Multimodal Architecture for the   Detection and Classification of Misogynous Memes
2204.05872,2022-04-13,Robust Quantification of Gender Disparity in Pre-Modern English   Literature using Natural Language Processing
2204.05879,2022-04-13,Generating Full Length Wikipedia Biographies: The Impact of Gender Bias   on the Retrieval-Based Generation of Women Biographies
2204.07010,2022-04-15,Anti-Asian Hate Speech Detection via Data Augmented Semantic Relation   Inference
2204.06827,2022-05-18,"How Gender Debiasing Affects Internal Model Representations, and Why It   Matters"
2204.06501,2022-04-14,Clinical trial site matching with improved diversity using fair policy   learning
2204.07289,2022-04-18,Identifying and Measuring Token-Level Sentiment Bias in Pre-trained   Language Models with Prompts
2204.05157,2022-04-12,"SF-PATE: Scalable, Fair, and Private Aggregation of Teacher Ensembles"
2204.07432,2022-05-06,ML_LTU at SemEval-2022 Task 4: T5 Towards Identifying Patronizing and   Condescending Language
2204.07661,2025-06-19,Finding Pareto Trade-offs in Fair and Accurate Detection of Toxic Speech
2204.07057,2022-04-15,Hate Speech Classification Using SVM and Naive BAYES
2204.08304,2022-04-19,UMass PCL at SemEval-2022 Task 4: Pre-trained Language Model Ensembles   for Detecting Patronizing and Condescending Language
2204.08405,2022-04-19,Zero-shot Entity and Tweet Characterization with Designed Conditional   Prompts and Contexts
2204.07560,2022-04-18,AI-driven Development Is Here: Should You Worry?
2204.09168,2022-08-15,Analyzing Gender Representation in Multilingual Models
2204.09209,2022-04-21,Who Is Missing? Characterizing the Participation of Different   Demographic Groups in a Korean Nationwide Daily Conversation Corpus
2204.09583,2023-08-01,Improved Group Robustness via Classifier Retraining on Independent   Splits
2204.08935,2022-04-20,On Xing Tian and the Perseverance of Anti-China Sentiment Online
2204.09591,2022-04-21,A Survey on Bias and Fairness in Natural Language Processing
2204.08859,2022-04-20,On the Influence of Explainable AI on Automation Bias
2204.10365,2023-01-25,Towards an Enhanced Understanding of Bias in Pre-trained Neural Language   Models: A Survey with Special Emphasis on Affective Bias
2204.10281,2022-05-04,How Conservative are Language Models? Adapting to the Introduction of   Gender-Neutral Pronouns
2204.10519,2022-04-25,Taygete at SemEval-2022 Task 4: RoBERTa based models for detecting   Patronising and Condescending Language
2204.10521,2022-04-25,Rethinking Offensive Text Detection as a Multi-Hop Reasoning Problem
2204.10940,2022-04-26,Balancing Fairness and Accuracy in Sentiment Detection using Multiple   Black Box Models
2204.10467,2022-04-25,Neural Contrastive Clustering: Fully Unsupervised Bias Reduction for   Sentiment Classification
2204.11164,2023-05-09,Are Your Reviewers Being Treated Equally? Discovering Subgroup   Structures to Improve Fairness in Spam Detection
2204.09675,2022-04-22,Optimize_Prime@DravidianLangTech-ACL2022: Abusive Comment Detection in   Tamil
2204.09738,2022-04-22,Res-CNN-BiLSTM Network for overcoming Mental Health Disturbances caused   due to Cyberbullying through Social Media
2204.12421,2025-05-21,Disambiguation of morpho-syntactic features of African American English -- the case of habitual be
2204.12649,2025-11-18,Study on the Fairness of Speaker Verification Systems on Underrepresented Accents in English
2204.12000,2023-05-12,Estimating the Personality of White-Box Language Models
2204.13749,2022-07-22,Learning to Split for Automatic Bias Detection
2204.12543,2022-04-28,Data Bootstrapping Approaches to Improve Low Resource Abusive Language   Detection for Indic Languages
2204.13511,2022-04-29,RobBERTje: a Distilled Dutch BERT Model
2204.12577,2022-04-28,Novel Applications for VAE-based Anomaly Detection Systems
2204.12587,2022-04-28,hate-alert@DravidianLangTech-ACL2022: Ensembling Multi-Modalities for   Tamil TrollMeme Classification
2204.13400,2022-04-29,Placing M-Phasis on the Plurality of Hate: A Feature-Based Corpus of   Hate Online
2204.13568,2022-05-02,"Justice in Misinformation Detection Systems: An Analysis of Algorithms,   Stakeholders, and Potential Harms"
2204.14256,2023-02-28,Handling and Presenting Harmful Text in NLP Research
2204.13765,2022-05-02,Probabilistic Permutation Graph Search: Black-Box Optimization for   Fairness in Ranking
2205.00328,2022-05-12,HateCheckHIn: Evaluating Hindi Hate Speech Detection Models
2205.00551,2022-05-05,Gender Bias in Masked Language Models for Multiple Languages
2205.00320,2022-05-03,Detoxifying Language Models with a Toxic Corpus
2205.00148,2022-05-03,To Know by the Company Words Keep and What Else Lies in the Vicinity
2205.00501,2022-05-03,Is Your Toxicity My Toxicity? Exploring the Impact of Rater Identity on   Toxicity Annotation
2205.00048,2022-05-03,Joint Multisided Exposure Fairness for Recommendation
2205.00965,2022-05-03,State-of-the-art in Open-domain Conversational AI: A Survey
2205.00819,2022-05-03,A Novel Approach to Fairness in Automated Decision-Making using   Affective Normalization
2205.00619,2022-05-03,POLITICS: Pretraining with Same-story Article Comparison for Ideology   Prediction and Stance Detection
2205.01068,2022-06-22,OPT: Open Pre-trained Transformer Language Models
2205.01876,2022-05-05,fairlib: A Unified Framework for Assessing and Improving Classification   Fairness
2205.02526,2022-05-06,"Theories of ""Gender"" in NLP Bias Research"
2205.01975,2022-05-06,Aligning to Social Norms and Values in Interactive Narratives
2205.02211,2022-05-05,User-Centric Gender Rewriting
2205.03589,2022-10-10,Learning Disentangled Textual Representations via Statistical Measures   of Similarity
2205.02392,2022-05-06,Robust Conversational Agents against Imperceptible Toxicity Triggers
2205.03931,2022-11-03,Write It Like You See It: Detectable Differences in Clinical Notes By   Race Lead To Differential Model Recommendations
2205.03302,2022-05-09,Necessity and Sufficiency for Explaining Text Classifiers: A Case Study   in Hate Speech Detection
2205.01600,2022-05-04,A Comparison of Approaches for Imbalanced Classification Problems in the   Context of Retrieving Relevant Documents for an Analysis
2205.04238,2022-05-10,Counterfactually Augmented Data and Unintended Bias: The Case of Sexism   and Hate Speech Detection
2205.03468,2022-05-10,The AI Index 2022 Annual Report
2205.04304,2022-05-10,"CounterGeDi: A controllable approach to generate polite, detoxified and   emotional counterspeech"
2205.04505,2022-05-11,Behind the Mask: Demographic bias in name detection for PII masking
2205.04747,2022-05-31,Controlling Extra-Textual Attributes about Dialogue Participants -- A   Case Study of English-to-Polish Neural Machine Translation
2205.04274,2022-05-31,Detecting and Understanding Harmful Memes: A Survey
2205.04149,2022-05-10,Identifying synthetic voices qualities for conversational agents
2205.04460,2022-05-11,Rethinking Fairness: An Interdisciplinary Survey of Critiques of   Hegemonic ML Fairness Approaches
2205.05093,2022-05-12,Richer Countries and Richer Representations
2205.05901,2022-05-13,Mitigating Gender Stereotypes in Hindi and Marathi
2205.05300,2022-05-12,User Guide for KOTE: Korean Online Comments Emotions Dataset
2205.06303,2022-05-16,Using Natural Sentences for Understanding Biases in Language Models
2205.06135,2022-05-13,Fair NLP Models with Differentially Private Text Encoders
2205.06621,2022-05-19,"Analyzing Hate Speech Data along Racial, Gender and Intersectional Axes"
2205.04682,2022-07-06,Selective Fairness in Recommendation via Prompts
2205.06181,2022-05-13,FACTOID: A New Dataset for Identifying Misinformation Spreaders and   Political Bias
2205.05738,2022-05-13,DISARM: Detecting the Victims Targeted by Harmful Memes
2205.05770,2022-07-01,"De-biasing ""bias"" measurement"
2205.06755,2022-05-16,Who Are We Talking About? Handling Person Names in Speech Translation
2205.06828,2022-05-17,"Deconstructing NLG Evaluation: Evaluation Practices, Assumptions, and   Their Implications"
2205.07233,2022-05-17,Mitigating Toxic Degeneration with Empathetic Data: Exploring the   Relationship Between Toxicity and Empathy
2205.07237,2022-05-17,Discovering Latent Concepts Learned in BERT
2205.08148,2022-06-06,Gender and Racial Bias in Visual Question Answering Datasets
2205.07647,2022-05-17,Pareto-Optimal Fairness-Utility Amortizations in Rankings with a DBN   Exposure Model
2205.08335,2022-05-18,Explanation-Guided Fairness Testing through Genetic Algorithm
2205.08014,2022-05-18,"Accented Speech Recognition: Benchmarking, Pre-training, and Diverse   Data"
2205.08383,2022-05-18,Bias and Fairness on Multimodal Emotion Detection Algorithms
2205.07960,2022-05-18,Meta AI at Arabic Hate Speech 2022: MultiTask Learning with   Self-Correction for Hate Speech Classification
2205.07277,2022-07-05,Fairness via Explanation Quality: Evaluating Disparities in the Quality   of Post hoc Explanations
2205.09209,2022-10-31,"""I'm sorry to hear that"": Finding New Biases in Language Models with a   Holistic Descriptor Dataset"
2205.09240,2022-05-20,Debiasing Neural Retrieval via In-batch Balancing Regularization
2205.09744,2022-05-20,Overcoming Language Disparity in Online Content Classification with   Multimodal Learning
2205.08809,2022-05-19,Software Fairness: An Analysis and Survey
2205.08813,2022-05-19,Regex in a Time of Deep Learning: The Role of an Old Technology in Age   Discrimination Detection in Job Advertisements
2205.09830,2022-05-23,Towards Understanding Gender-Seniority Compound Bias in Natural Language   Generation
2205.09864,2023-06-16,Automated Scoring for Reading Comprehension via In-context BERT Tuning
2205.09867,2022-10-07,Gender Bias in Meta-Embeddings
2205.10762,2022-10-18,How sensitive are translation systems to extra contexts? Mitigating   gender bias in Neural Machine Translation models through relevant contexts
2205.10764,2022-05-24,Evidence for Hypodescent in Visual Semantic AI
2205.10773,2022-05-24,A Domain-adaptive Pre-training Approach for Language Bias Detection in   News
2205.11374,2022-05-24,Looking for a Handsome Carpenter! Debiasing GPT-3 Job Advertisements
2205.11378,2022-05-24,Markedness in Visual Semantic AI
2205.10828,2023-06-28,What Do Compressed Multilingual Machine Translation Models Forget?
2205.11485,2022-11-01,Conditional Supervised Contrastive Learning for Fair Text Classification
2205.11601,2022-05-25,Challenges in Measuring Bias via Open-Ended Language Generation
2205.11605,2022-05-25,On Measuring Social Biases in Prompt-Based Multi-Task Learning
2205.10646,2022-10-31,Context Matters for Image Descriptions for Accessibility: Challenges for   Referenceless Evaluation Metrics
2205.12247,2022-11-30,GeoMLAMA: Geo-Diverse Commonsense Probing on Multilingual Pre-Trained   Language Models
2205.12456,2022-05-26,Investigating Information Inconsistency in Multilingual Open-Domain   Question Answering
2205.12554,2025-03-04,Are Akpans Trick or Treat: Unveiling Helpful Biases in Assistant Systems
2205.11127,2023-05-10,Fairness in Recommender Systems: Research Landscape and Future   Directions
2205.10902,2022-05-24,The Case for Perspective in Multimodal Datasets
2205.12771,2022-05-26,Does Moral Code Have a Moral Code? Probing Delphi's Moral Philosophy
2205.12676,2023-04-13,"Evaluating the Diversity, Equity and Inclusion of NLP Technology: A Case   Study for Indian Languages"
2205.12688,2022-10-26,ProsocialDialog: A Prosocial Backbone for Conversational Agents
2205.12495,2023-05-23,ToKen: Task Decomposition and Knowledge Infusion for Few-Shot Hate   Speech Detection
2205.12390,2022-05-26,Toxicity Detection with Generative Prompt-based Inference
2205.12391,2022-05-26,Toward Understanding Bias Correlations for Mitigation in NLP
2205.12586,2022-10-14,Perturbation Augmentation for Fairer NLP
2205.13164,2022-05-27,Leveraging Dependency Grammar for Fine-Grained Offensive Language   Detection using Graph Convolutional Networks
2205.11275,2022-10-24,RL with KL penalties is better viewed as Bayesian inference
2205.14036,2022-05-30,StereoKG: Data-Driven Knowledge Graph Construction for Cultural   Knowledge and Stereotypes
2205.12640,2022-10-27,Does Your Model Classify Entities Reasonably? Diagnosing and Mitigating   Spurious Correlations in Entity Typing
2205.13574,2022-10-14,Pruning has a disparate impact on model accuracy
2205.13636,2022-11-18,Quark: Controllable Text Generation with Reinforced Unlearning
2205.14769,2022-05-31,UPB at SemEval-2022 Task 5: Enhancing UNITER with Image Sentiment and   Graph Convolutional Networks for Multimedia Automatic Misogyny Identification
2205.15171,2023-06-06,Modular and On-demand Bias Mitigation with Attribute-Removal Subnetworks
2205.15951,2022-06-02,Hollywood Identity Bias Dataset: A Context Oriented Bias Analysis of   Movie Dialogues
2206.00234,2022-06-02,Assessing Group-level Gender Bias in Professional Evaluations: The Case   of Medical Student End-of-Shift Feedback
2206.00372,2022-06-02,BD-SHS: A Benchmark Dataset for Learning to Detect Online Bangla Hate   Speech in Different Social Contexts
2205.15237,2022-05-31,VLUE: A Multi-Task Benchmark for Evaluating Vision-Language Models
2205.15049,2024-06-12,Metrizing Fairness
2206.00701,2022-06-03,What Changed? Investigating Debiasing Methods using Causal Mediation   Analysis
2206.00761,2022-11-15,On Reinforcement Learning and Distribution Matching for Fine-Tuning   Language Models with no Catastrophic Forgetting
2206.01691,2022-06-06,Measuring Gender Bias in Word Embeddings of Gendered Languages Requires   Disentangling Grammatical Gender Signals
2206.01767,2022-06-07,[Re] Badder Seeds: Reproducing the Evaluation of Lexical Methods for   Bias Measurement
2206.00667,2023-07-04,How Biased are Your Features?: Computing Fairness Influence Functions   with Global Sensitivity Analysis
2206.01542,2023-05-26,Detecting the Severity of Major Depressive Disorder from Speech: A Novel   HARD-Training Methodology
2206.02114,2022-08-23,"Speech Detection Task Against Asian Hate: BERT the Central, While   Data-Centric Studies the Crucial"
2206.00437,2022-06-02,"What a Creole Wants, What a Creole Needs"
2206.00945,2022-06-03,Algorithmic Fairness and Structural Injustice: Insights from Feminist   Political Philosophy
2206.00962,2022-06-07,Transfer Language Selection for Zero-Shot Cross-Lingual Abusive Language   Detection
2206.03390,2022-06-08,"Gender Bias in Word Embeddings: A Comprehensive Analysis of Frequency,   Syntax, and Semantics"
2206.03945,2022-06-09,Challenges in Applying Explainability Methods to Improve the Fairness of   NLP Models
2206.04179,2022-06-10,Automating Ambiguity: Challenges and Pitfalls of Artificial Intelligence
2206.03200,2022-11-01,FairVFL: A Fair Vertical Federated Learning Framework with Contrastive   Adversarial Learning
2206.04615,2023-06-13,Beyond the Imitation Game: Quantifying and extrapolating the   capabilities of language models
2206.04007,2022-06-09,Proactively Reducing the Hate Intensity of Online Posts via Hate Speech   Normalization
2206.03515,2022-06-09,How does overparametrization affect performance on minority groups?
2206.02868,2022-09-22,A Human-Centric Take on Model Monitoring
2206.03547,2022-06-09,Guidelines and a Corpus for Extracting Biographical Events
2206.03575,2022-06-09,Certifying Data-Bias Robustness in Linear Regression
2206.04101,2023-06-05,"What-is and How-to for Fairness in Machine Learning: A Survey,   Reflection, and Perspective"
2206.06149,2022-06-14,"Tackling Algorithmic Disability Discrimination in the Hiring Process: An   Ethical, Legal and Technical Analysis"
2206.05330,2023-10-11,The Gender Gap in Scholarly Self-Promotion on Social Media
2206.07173,2022-06-16,Measuring Representational Harms in Image Captioning
2206.07190,2022-06-16,Codec at SemEval-2022 Task 5: Multi-Modal Multi-Transformer Misogynous   Meme Classification Framework
2206.07694,2022-11-29,DIRECTOR: Generator-Classifiers For Supervised Language Modeling
2206.07635,2022-08-19,AI Ethics Issues in Real World: Evidence from AI Incident Database
2206.07247,2022-08-31,Fair Ranking as Fair Division: Impact-Based Individual Fairness in   Ranking
2206.08325,2022-10-31,Characteristics of Harmful Text: Towards Rigorous Benchmarking of   Language Models
2206.08743,2022-06-20,Learning Fair Representation via Distributional Contrastive   Disentanglement
2206.08978,2022-06-22,Towards a Deep Multi-layered Dialectal Language Analysis: A Case Study   of African-American English
2206.08406,2023-05-16,Predicting Hate Intensity of Twitter Conversation Threads
2206.08407,2022-06-20,Deep Multi-Task Models for Misogyny Identification and Categorization on   Arabic Social Media
2206.09860,2022-06-22,"Fewer Errors, but More Stereotypes? The Effect of Model Size on Gender   Bias"
2206.08287,2022-11-24,Definition drives design: Disability models and mechanisms of bias in AI   technologies
2206.08445,2022-06-20,Enriching Abusive Language Detection with Community Context
2206.08697,2022-06-22,Reviewer Preferences and Gender Disparities in Aesthetic Judgments
2206.09917,2022-06-22,Multilingual HateCheck: Functional Tests for Multilingual Hate Speech   Detection Models
2206.09987,2022-06-22,Measuring Gender Bias in Educational Videos: A Case Study on YouTube
2206.09755,2022-06-22,Square One Bias in NLP: Towards a Multi-Dimensional Exploration of the   Research Manifold
2206.09765,2022-06-22,Bilingual by default: Voice Assistants and the role of code-switching in   creating a bilingual user experience
2206.09523,2022-06-22,Towards Trustworthy Edge Intelligence: Insights from Voice-Activated   Services
2206.10744,2022-06-23,Don't Forget About Pronouns: Removing Gender Bias in Language Models   Without Losing Factual Gender Information
2206.10923,2023-08-08,FairGrad: Fairness Aware Gradient Descent
2206.11484,2022-07-11,Towards WinoQueer: Developing a Benchmark for Anti-Queer Bias in Large   Language Models
2206.10694,2022-06-23,Making the case for audience design in conversational AI: Rapport   expectations and language ideologies in a task-oriented chatbot
2206.11684,2022-06-24,Theory-Grounded Measurement of U.S. Social Stereotypes in English   Language Models
2206.11869,2022-06-24,Case Study: The Impact of Location on Bias in Search Results
2206.11993,2022-06-27,A Disability Lens towards Biases in GPT-3 Generated Open-Ended Languages
2206.11249,2022-06-27,GEMv2: Multilingual NLG Benchmarking in a Single Line of Code
2206.12183,2023-01-12,"""You Can't Fix What You Can't Measure"": Privately Measuring Demographic   Performance Disparities in Federated Learning"
2206.13747,2022-06-29,Fire Dragon and Unicorn Princess; Gender Stereotypes and Children's   Products in Search Engine Responses
2206.13757,2022-06-29,Flexible text generation for counterfactual fairness probing
2206.12540,2022-06-28,Visual Auditor: Interactive Visualization for Detection and   Summarization of Model Biases
2206.14055,2022-06-29,Towards Lexical Gender Inference: A Scalable Methodology using Online   Databases
2207.00111,2022-08-17,"Deradicalizing YouTube: Characterization, Detection, and Personalization   of Religiously Intolerant Arabic Videos"
2207.00644,2025-08-22,Using a cognitive architecture to consider antiBlackness in design and development of AI systems
2207.00691,2022-07-05,American == White in Multimodal Language-and-Image AI
2206.14853,2022-07-01,Fairness via In-Processing in the Over-parameterized Regime: A   Cautionary Tale
2206.15089,2022-07-01,Fairness and Cost Constrained Privacy-Aware Record Linkage
2206.15455,2022-07-01,Hate Speech Criteria: A Modular Approach to Task-Specific Hate Speech   Definitions
2207.00220,2022-11-30,Pile of Law: Learning Responsible Data Filtering from the Law and a   256GB Open-Source Legal Dataset
2207.01056,2022-07-13,Counterfactually Measuring and Eliminating Social Bias in   Vision-Language Pre-training Models
2207.02463,2022-07-07,Gender Biases and Where to Find Them: Exploring Gender Bias in   Pre-Trained Transformer-based Language Models Using Movement Pruning
2207.03938,2022-07-11,An Approach to Ensure Fairness in News Articles
2207.02308,2022-07-07,LaMPost: Design and Evaluation of an AI-assisted Email Writing Prototype   for Adults with Dyslexia
2207.04153,2023-06-21,Probing Classifiers are Unreliable for Concept Removal and Detection
2207.04672,2022-08-26,No Language Left Behind: Scaling Human-Centered Machine Translation
2207.02912,2022-07-12,Towards Substantive Conceptions of Algorithmic Fairness: Normative   Guidance from Equal Opportunity Doctrines
2207.03086,2024-06-18,Word Embedding for Social Sciences: An Interdisciplinary Survey
2207.04546,2022-09-19,FairDistillation: Mitigating Stereotyping in Language Models
2207.03277,2023-02-13,A Comprehensive Empirical Study of Bias Mitigation Methods for Machine   Learning Classifiers
2207.04053,2025-03-20,On the Need and Applicability of Causality for Fairness: A Unified   Framework for AI Auditing and Legal Analysis
2207.06591,2023-03-30,A methodology to characterize bias and harmful stereotypes in natural   language processing in Latin America
2207.06180,2022-08-19,Multi-modal Depression Estimation based on Sub-attentional Fusion
2207.07850,2024-02-09,Reducing Geographic Disparities in Automatic Speech Recognition via   Elastic Weight Consolidation
2207.08104,2022-07-19,A Multibias-mitigated and Sentiment Knowledge Enriched Transformer for   Debiasing in Multimodal Conversational Emotion Recognition
2207.08982,2022-07-20,Selection Bias Induced Spurious Correlations in Large Language Models
2207.07068,2023-10-12,Bias Mitigation for Machine Learning Classifiers: A Comprehensive Survey
2207.08037,2022-09-21,Data Representativeness in Accessibility Datasets: A Meta-Analysis
2207.08557,2022-07-19,AlexU-AIC at Arabic Hate Speech 2022: Contrast to Classify
2207.09833,2022-07-21,AI Fairness: from Principles to Practice
2207.10576,2022-07-25,Democratizing Ethical Assessment of Natural Language Generation Models
2207.08349,2023-04-10,Retweet-BERT: Political Leaning Detection Using Language Features and   Information Diffusion on Social Networks
2207.10245,2022-07-22,The Birth of Bias: A case study on the evolution of gender bias in an   English language model
2207.10032,2022-07-21,Detecting Harmful Online Conversational Content towards LGBTQIA+   Individuals
2207.10062,2023-10-16,DataPerf: Benchmarks for Data-Centric AI Development
2207.11569,2022-07-26,Robots Enact Malignant Stereotypes
2207.09960,2022-07-21,Measuring and signing fairness as performance under multiple stakeholder   distributions
2207.10223,2024-03-07,Fairness Testing: A Comprehensive Survey and Analysis of Trends
2207.11345,2024-02-09,Toward Fairness in Speech Recognition: Discovery and mitigation of   performance disparities
2207.12724,2022-07-27,An Automated News Bias Classifier Using Caenorhabditis Elegans Inspired   Recursive Feedback Network Architecture
2207.14157,2022-07-29,A Hazard Analysis Framework for Code Synthesis Large Language Models
2208.01755,2022-09-21,Debiasing Gender Bias in Information Retrieval Models
2208.01157,2023-02-10,Global Performance Disparities Between English-Language Accents in   Automatic Speech Recognition
2208.01341,2022-08-09,Gender bias in (non)-contextual clinical word embeddings for   stereotypical medical categories
2208.02052,2023-05-03,Large scale analysis of gender bias and sexism in song lyrics
2208.01029,2022-08-02,On the Limitations of Sociodemographic Adaptation with Transformers
2208.00636,2023-04-06,Interacting with next-phrase suggestions: How suggestion systems aid and   influence the cognitive processes of writing
2208.00651,2022-08-02,De-biased Representation Learning for Fairness with Unreliable Labels
2208.01575,2023-09-21,ferret: a Framework for Benchmarking Explainers on Transformers
2208.01714,2022-08-04,An Open-Source Cultural Consensus Approach to Name-Based Gender   Classification
2208.04139,2023-05-05,DALLE-URBAN: Capturing the urban design expertise of large text to image   transformers
2208.03188,2022-08-11,BlenderBot 3: a deployed conversational agent that continually learns to   responsibly engage
2208.01182,2022-08-03,Mitigating Biases in Student Performance Prediction via Attention-Based   Personalized Federated Learning
2208.03854,2022-08-23,Towards Fair Conversational Recommender Systems
2208.04489,2022-08-10,Exploring Hate Speech Detection with HateXplain and BERT
2208.04417,2022-08-11,Debiased Large Language Models Still Associate Muslims with Uniquely   Violent Acts
2208.05777,2022-08-12,Dbias: Detecting biases and ensuring Fairness in news articles
2208.05545,2025-10-21,The Moral Foundations Reddit Corpus
2208.05757,2022-08-12,A Comprehensive Survey of Natural Language Generation Advances from the   Perspective of Digital Deception
2208.04097,2025-08-12,Practical Guidelines for Ideology Detection Pipelines and Psychosocial Applications
2208.04122,2022-08-30,Practitioners Versus Users: A Value-Sensitive Evaluation of Current   Industrial Recommender System Design
2208.08063,2023-08-15,NECE: Narrative Event Chain Extraction Toolkit
2208.08176,2022-08-18,Visual Comparison of Language Model Adaptation
2208.09466,2022-08-22,Gender Bias and Universal Substitution Adversarial Attacks on   Grammatical Error Correction Systems for Automated Assessment
2208.08426,2022-08-18,"""We Need a Woman in Music"": Exploring Wikipedia's Values on Article   Priority"
2208.09333,2022-11-18,Text to Image Generation: Leaving no Language Behind
2208.10063,2022-09-14,Selection Collider Bias in Large Language Models
2208.10598,2025-04-07,Generalizing Hate Speech Detection Using Multi-Task Learning: A Case   Study of Political Public Figures
2208.10898,2022-08-24,Don't Take it Personally: Analyzing Gender and Age Differences in   Ratings of Online Humor
2208.11321,2022-08-25,TESTSGD: Interpretable Testing of Neural Networks Against Subtle Group   Discrimination
2208.10684,2022-10-03,K-MHaS: A Multi-label Hate Speech Detection Dataset in Korean Online   News Comment
2208.10264,2023-07-11,Using Large Language Models to Simulate Multiple Humans and Replicate   Human Subject Studies
2208.11628,2022-08-25,Debias the Black-box: A Fair Ranking Framework via Knowledge   Distillation
2208.13318,2022-08-30,"Multi-dimensional Racism Classification during COVID-19: Stigmatization,   Offensiveness, Blame, and Exclusion"
2208.13899,2022-08-31,Debiasing Word Embeddings with Nonlinear Geometry
2208.13094,2022-08-30,Measuring the Prevalence of Anti-Social Behavior in Online Communities
2209.00320,2022-09-02,DramatVis Personae: Visual Text Analytics for Identifying Social Biases   in Creative Writing
2209.00731,2022-12-22,In conversation with Artificial Intelligence: aligning language models   with human values
2209.00746,2022-09-05,MIME: Minority Inclusion for Majority Group Enhancement of AI   Performance
2209.02793,2023-05-03,"""Es geht um Respekt, nicht um Technologie"": Erkenntnisse aus einem   Interessensgruppen-\""ubergreifenden Workshop zu genderfairer Sprache und   Sprachtechnologie"
2209.03463,2022-09-12,Why So Toxic? Measuring and Triggering Toxic Behavior in Open-Domain   Chatbots
2209.03089,2022-09-08,Decoding Demographic un-fairness from Indian Names
2209.03942,2022-09-09,Data Feedback Loops: Model-driven Amplification of Dataset Biases
2209.03661,2022-09-09,Efficient Gender Debiasing of Pre-trained Indic Language Models
2209.03742,2022-09-13,SynSciPass: detecting appropriate uses of scientific text generation
2209.03620,2022-09-09,Black-Box Audits for Group Distribution Shifts
2209.04830,2022-09-13,Detecting Suicide Risk in Online Counseling Services: A Study in a   Low-Resource Language
2209.05286,2022-09-13,DECK: Behavioral Tests to Improve Interpretability and Generalizability   of BERT Models Detecting Depression from Text
2209.05294,2022-09-13,A Review of Challenges in Machine Learning based Automated Hate Speech   Detection
2209.05104,2022-09-15,Bias Challenges in Counterfactual Data Augmentation
2209.06687,2023-02-15,How people talk about each other: Modeling Generalized Intergroup Bias   and Emotion
2209.06899,2024-02-28,"Out of One, Many: Using Language Models to Simulate Human Samples"
2209.04889,2023-03-17,Chain of Explanation: New Prompting Method to Generate Higher Quality   Natural Language Explanation for Implicit Hate Speech
2209.07065,2022-09-16,CommunityLM: Probing Partisan Worldviews from Language Models
2209.07245,2022-09-16,Efficient first-order predictor-corrector multiple objective   optimization for fair misinformation detection
2209.07353,2022-09-16,Measuring Geographic Performance Disparities of Offensive Language   Classifiers
2209.07190,2022-09-16,Adaptive Fairness Improvement Based on Causality Analysis
2209.07858,2022-11-24,"Red Teaming Language Models to Reduce Harms: Methods, Scaling Behaviors,   and Lessons Learned"
2209.08110,2023-03-20,Detecting Political Biases of Named Entities and Hashtags on Twitter
2209.07608,2022-09-19,The Role of Bias in News Recommendation in the Perception of the   Covid-19 Pandemic
2209.08443,2022-09-20,HAPI: A Large-scale Longitudinal Dataset of Commercial ML API   Predictions
2209.08891,2024-01-10,Exploiting Cultural Biases via Homoglyphs in Text-to-Image Synthesis
2209.09592,2022-09-22,Closing the Gender Wage Gap: Adversarial Fairness in Job Recommendation
2209.09975,2022-09-22,Power of Explanations: Towards automatic debiasing in hate speech   detection
2209.10335,2022-09-23,Bias at a Second Glance: A Deep Dive into Bias for German Educational   Peer-Review Data Modeling
2209.10222,2022-12-13,Fairness Reprogramming
2209.10117,2022-09-22,A Comprehensive Survey on Trustworthy Recommender Systems
2209.11984,2023-02-07,Gender Bias in Fake News: An Analysis
2209.12226,2022-11-22,Re-contextualizing Fairness in NLP: The Case of India
2209.11812,2024-03-20,"Explanations, Fairness, and Appropriate Reliance in Human-AI   Decision-Making"
2209.12099,2022-09-27,Controllable Text Generation for Open-Domain Creativity and Fairness
2209.12106,2023-06-21,Moral Mimicry: Large Language Models Produce Moral Rationalizations   Tailored to Political Identity
2209.12030,2022-09-27,Dead or Murdered? Predicting Responsibility Perception in Femicide News   Reports
2209.13627,2023-03-16,How GPT-3 responds to different publics on climate change and Black   Lives Matter: A critical appraisal of equity in conversational AI
2209.12325,2022-09-27,An Empirical Study on Cross-X Transfer for Legal Judgment Prediction
2209.13860,2023-06-28,Natural Language Processing Methods to Identify Oncology Patients at   High Risk for Acute Care with Clinical Notes
2209.14000,2022-09-29,Personalization of Web Search During the 2020 US Elections
2209.14375,2022-09-30,Improving alignment of dialogue agents via targeted human judgements
2209.12756,2023-12-20,FAL-CUR: Fair Active Learning using Uncertainty and Representativeness   on Fair Clustering
2209.14557,2023-05-04,Neural Media Bias Detection Using Distant Supervision With BABE -- Bias   Annotations By Experts
2209.14338,2022-10-27,"Who is GPT-3? An Exploration of Personality, Values and Demographics"
2209.13012,2023-06-21,Survey on Fairness Notions and Related Tensions
2209.13019,2022-09-28,Fast online ranking with fairness of exposure
2209.13515,2022-09-28,Assessing Digital Language Support on a Global Scale
2209.13520,2022-10-14,RADio -- Rank-Aware Divergence Metrics to Measure Normative Diversity in   News Recommendations
2210.00131,2024-02-23,Underspecification in Language Modeling Tasks: A Causality-Informed   Study of Gendered Pronoun Resolution
2209.14667,2022-09-30,Domain-aware Self-supervised Pre-training for Label-Efficient Meme   Analysis
2210.00465,2023-03-14,Assessing the impact of contextual information in hate speech detection
2210.00910,2022-10-04,Hypothesis Engineering for Zero-Shot Hate Speech Detection
2210.01258,2022-10-05,Understanding Prior Bias and Choice Paralysis in Transformer-based   Language Representation Models through Four Experimental Probes
2210.01734,2022-10-05,Text Characterization Toolkit
2210.00193,2023-10-04,FRMT: A Benchmark for Few-Shot Region-Aware Machine Translation
2210.02938,2022-10-07,Debiasing isn't enough! -- On the Effectiveness of Debiasing MLMs and   their Social Biases in Downstream Tasks
2210.03070,2023-04-07,Toxicity in Multilingual Machine Translation at Scale
2210.03404,2022-10-10,Quantifying Political Bias in News Articles
2210.03352,2024-06-07,The Ethical Risks of Analyzing Crisis Events on Social Media with   Machine Learning
2210.03353,2024-06-07,"The Lifecycle of ""Facts"": A Survey of Social Bias in Knowledge Graphs"
2210.02659,2022-10-07,Explainable Abuse Detection as Intent Classification and Slot Filling
2210.03479,2022-10-10,Hate Speech and Offensive Language Detection in Bengali
2210.03826,2022-10-11,An Analysis of the Effects of Decoding Algorithms on Fairness in   Open-Ended Language Generation
2210.04492,2023-06-05,Unified Detoxifying and Debiasing in Language Generation via   Inference-time Adaptive Optimization
2210.04337,2022-10-11,Quantifying Social Biases Using Templates is Unreliable
2210.04267,2022-12-13,Spread Love Not Hate: Undermining the Importance of Hateful Pre-training   for Hate Speech Detection
2210.03175,2023-02-01,Weak Proxies are Sufficient and Preferable for Fairness with Missing   Sensitive Attributes
2210.05457,2022-10-12,Are Pretrained Multilingual Models Equally Fair Across Languages?
2210.05619,2023-04-14,Multilingual BERT has an accent: Evaluating English influences on   fluency in multilingual models
2210.04359,2024-11-22,Fine-Grained Detection of Solidarity for Women and Migrants in 155 Years   of German Parliamentary Debates
2210.05831,2022-10-13,Social-Group-Agnostic Word Embedding Debiasing via the Stereotype   Content Model
2210.05839,2022-10-13,SEAL : Interactive Tool for Systematic Error Analysis and Labeling
2210.06245,2022-10-13,Back to the Future: On Potential Histories in NLP
2210.06475,2023-02-07,Equi-Tuning: Group Equivariant Fine-Tuning of Pretrained Models
2210.06351,2022-10-13,A Keyword Based Approach to Understanding the Overpenalization of   Marginalized Groups by English Marginal Abuse Models on Twitter
2210.05791,2023-07-21,Sociotechnical Harms of Algorithmic Systems: Scoping a Taxonomy for Harm   Reduction
2210.06970,2022-10-14,Differential Bias: On the Perceptibility of Stance Imbalance in   Argumentation
2210.05594,2022-10-12,Navigating Ensemble Configurations for Algorithmic Fairness
2210.07089,2023-02-07,Experimenting with Selected Automated Approaches for Bias Analysis
2210.07269,2023-02-17,SODAPOP: Open-Ended Discovery of Social Biases in Social Commonsense   Reasoning Models
2210.07440,2023-10-24,InterFair: Debiasing with Natural Language Feedback for Fair   Interpretable Predictions
2210.05916,2022-10-18,Hate-CLIPper: Multimodal Hateful Meme Classification based on   Cross-modal Interaction of CLIP Features
2210.07455,2022-10-25,Controlling Bias Exposure for Fair Interpretable Predictions
2210.07700,2023-02-23,Language Generation Models Can Cause Harm: So What Can We Do About It?   An Actionable Survey
2210.07652,2022-10-17,Enabling Classifiers to Make Judgements Explicitly Aligned with Human   Values
2210.07934,2022-10-17,"Codes, Patterns and Shapes of Contemporary Online Antisemitism and   Conspiracy Narratives -- an Annotation Guide and Labeled German-Language   Dataset in the Context of COVID-19"
2210.07362,2023-05-10,Can Demographic Factors Improve Text Classification? Revisiting   Demographic Adaptation in the Age of Transformers
2210.07183,2022-12-02,Visual Classification via Description from Large Language Models
2210.07626,2022-10-17,BERTScore is Unfair: On Social Bias in Language Model-Based Metrics for   Text Generation
2210.07321,2023-05-09,Machine Generated Text: A Comprehensive Survey of Threat Models and   Detection Methods
2210.08523,2022-10-21,Some Languages are More Equal than Others: Probing Deeper into the   Linguistic Disparity in the NLP World
2210.08859,2022-10-18,Social Biases in Automatic Evaluation Metrics for NLG
2210.07566,2022-10-17,A Survey of Parameters Associated with the Quality of Benchmarks in NLP
2210.07206,2023-02-10,Best Practices in the Creation and Use of Emotion Lexicons
2210.08758,2022-10-18,Systematic Evaluation of Predictive Fairness
2210.09150,2023-02-16,Prompting GPT-3 To Be Reliable
2210.08097,2022-10-18,TestAug: A Framework for Augmenting Capability-based NLP Tests
2210.08983,2022-10-18,Temporal Analysis and Gender Bias in Computing
2210.08141,2023-01-03,Pseudo AI Bias
2210.08604,2024-01-17,NormSAGE: Multi-Lingual Multi-Cultural Norm Discovery from Conversations   On-the-Fly
2210.10012,2024-05-14,Log-linear Guardedness and its Implications
2210.10040,2023-06-21,The Tail Wagging the Dog: Dataset Construction Biases of Social Bias   Benchmarks
2210.10517,2023-02-07,Evaluation Metrics for Measuring Bias in Search Engine Results
2210.09014,2023-07-12,Addressing contingency in algorithmic (mis)information classification:   Toward a responsible machine learning agenda
2210.10585,2024-04-09,The Minimum Wage as an Anchor: Effects on Determinations of Fairness by   Humans and AI
2210.10689,2022-10-20,Towards Procedural Fairness: Uncovering Biases in How a Toxic Language   Classifier Uses Sentiment Information
2210.10839,2022-12-08,How Hate Speech Varies by Target Identity: A Computational Analysis
2210.11471,2022-10-21,Choose Your Lenses: Flaws in Gender Bias Evaluation
2210.12170,2022-10-25,Discovering Differences in the Representation of People using   Contextualized Semantic Axes
2210.11762,2022-10-24,Detecting Unintended Social Bias in Toxic Language Datasets
2210.11689,2022-10-24,SLING: Sino Linguistic Evaluation of Large Language Models
2210.11640,2024-02-13,Not All Asians are the Same: A Disaggregated Approach to Identifying   Anti-Asian Racism in Social Media
2210.12410,2022-10-25,The Shared Task on Gender Rewriting
2210.11924,2023-05-31,Men Also Do Laundry: Multi-Attribute Bias Amplification
2210.12813,2023-10-04,TAPE: Assessing Few-shot Russian Language Understanding
2210.13746,2022-10-26,DEMETR: Diagnosing Evaluation Metrics for Translation
2210.14424,2022-10-27,Geographic Citation Gaps in NLP Research
2210.13029,2022-10-26,Multilingual Auxiliary Tasks Training: Bridging the Gap between   Languages for Zero-Shot Transfer of Hate Speech Detection Models
2210.14552,2022-10-27,A Robust Bias Mitigation Procedure Based on the Stereotype Content Model
2210.14562,2024-05-31,FairCLIP: Social Bias Elimination based on Attribute Prototype Learning   and Representation Neutralization
2210.13985,2022-10-26,This joke is [MASK]: Recognizing Humor and Offense with Prompting
2210.15144,2023-04-13,Gendered Mental Health Stigma in Masked Language Models
2210.14161,2022-10-26,Aligning MAGMA by Few-Shot Learning and Finetuning
2210.14975,2022-10-28,MABEL: Attenuating Gender Bias using Textual Entailment Data
2210.15230,2022-10-28,How well can Text-to-Image Generative Models understand Ethical Natural   Language Interventions?
2210.15500,2023-10-24,COFFEE: Counterfactual Fairness for Personalized Text Generation in   Explainable Recommendation
2210.14891,2023-07-25,Broken Neural Scaling Laws
2210.15870,2022-10-31,"""It's Not Just Hate'': A Multi-Dimensional Perspective on Detecting   Harmful Speech Online"
2210.15183,2022-10-28,Outlier-Aware Training for Improving Group Accuracy Disparities
2210.16065,2022-11-22,Polarization and reliability of news sources in Wikipedia
2210.17108,2022-11-01,Do Charge Prediction Models Learn Legal Theory?
2211.00243,2022-11-02,Why Is It Hate Speech? Masked Rationale Prediction for Explainable Hate   Speech Detection
2210.16242,2023-09-19,Differential Privacy has Bounded Impact on Fairness in Classification
2211.00375,2023-06-13,Generating Multilingual Gender-Ambiguous Text-to-Speech Voices
2211.00922,2022-11-03,Dialect-robust Evaluation of Generated Text
2211.00075,2023-02-08,Keywords for Bias
2211.00609,2023-05-10,"A Simple, Yet Effective Approach to Finding Biases in Code Generation"
2211.01355,2022-11-03,MT-GenEval: A Counterfactual and Contextual Dataset for Evaluating   Gender Accuracy in Machine Translation
2211.02882,2022-11-08,HERB: Measuring Hierarchical Regional Bias in Pre-trained Language   Models
2211.02738,2022-11-29,Intriguing Properties of Compression on Multilingual Models
2211.01467,2022-11-04,Generative Entity-to-Entity Stance Detection with Knowledge Graph   Augmentation
2211.02011,2023-05-25,Inverse scaling can become U-shaped
2211.03491,2022-11-08,Exploiting Transformer-based Multitask Learning for the Detection of   Media Bias in News Articles
2211.03634,2022-11-08,No Word Embedding Model Is Perfect: Evaluating the Representation   Accuracy for Social Bias in the Media
2211.03433,2022-11-08,Human-Machine Collaboration Approaches to Build a Dialogue Dataset for   Hate Speech Countering
2211.02269,2022-11-07,Late Fusion with Triplet Margin Objective for Multimodal Ideology   Prediction and Analysis
2211.03759,2023-06-08,Easily Accessible Text-to-Image Generation Amplifies Demographic   Stereotypes at Large Scale
2211.04256,2022-11-09,Bridging Fairness and Environmental Sustainability in Natural Language   Processing
2211.03046,2023-04-19,Knowledge is Power: Understanding Causality Makes Legal judgment   Prediction Models More Generalizable and Robust
2211.04281,2022-11-09,"SocioProbe: What, When, and Where Language Models Learn about   Sociodemographics"
2211.04746,2023-04-06,Novelty in news search: a longitudinal study of the 2020 US elections
2211.04946,2022-11-10,Accountable and Explainable Methods for Complex Reasoning over Text
2211.04193,2023-06-26,A Systematic Review of Ethical Concerns with Voice Assistants
2211.04476,2023-09-12,"Discover, Explanation, Improvement: An Automatic Slice Detection   Framework for Natural Language Processing"
2211.05414,2025-05-27,ADEPT: A DEbiasing PrompT Framework
2211.05007,2022-11-10,Discord Questions: A Computational Approach To Diversity Analysis in   News Coverage
2211.05015,2022-11-10,Detecting Languages Unintelligible to Multilingual Models through Local   Structure Probes
2211.05533,2022-11-11,GREENER: Graph Neural Networks for News Media Profiling
2211.05617,2025-05-20,Debiasing Methods for Fairer Neural Models in Vision and Language Research: A Survey
2211.05750,2023-09-26,Nano: Nested Human-in-the-Loop Reward Learning for Few-shot Language   Model Control
2211.06398,2022-11-14,Investigating Fairness Disparities in Peer Review: A Language Model   Enhanced Approach
2211.06642,2022-11-15,ConceptX: A Framework for Latent Concept Analysis
2211.05809,2022-11-14,Casual Conversations v2: Designing a large consent-driven dataset to   measure algorithmic bias and robustness
2211.05321,2023-10-27,Fairness and bias correction in machine learning for depression   prediction: results from four study populations
2211.06774,2023-10-03,Large-Scale Bidirectional Training for Zero-Shot Image Captioning
2211.06874,2022-11-15,Xu at SemEval-2022 Task 4: Pre-BERT Neural Network Methods vs Post-BERT   RoBERTa Approach for Patronizing and Condescending Language Detection
2211.06323,2022-11-14,"A Sign That Spells: DALL-E 2, Invisual Images and The Racial Politics of   Feature Space"
2211.07350,2023-06-13,Does Debiasing Inevitably Degrade the Model Performance
2211.06116,2022-11-21,How Much Hate with #china? A Preliminary Analysis on China-related   Hateful Tweets Two Years After the Covid Pandemic Began
2211.07932,2022-11-16,Using Open-Ended Stressor Responses to Predict Depressive Symptoms   across Demographics
2211.07520,2022-11-15,Wikigender: A Machine Learning Model to Detect Gender Bias in Wikipedia
2211.08203,2023-10-23,Investigating the Frequency Distortion of Word Embeddings and Its Impact   on Bias Metrics
2211.07733,2023-06-02,Speaking Multiple Languages Affects the Moral Bias of Language Models
2211.08447,2023-04-03,SexWEs: Domain-Aware Word Embeddings via Cross-lingual Semantic   Specialisation for Chinese Sexism Detection in Social Media
2211.08461,2022-11-17,Mind Your Bias: A Critical Review of Bias Detection Methods for   Contextual Language Models
2211.08667,2023-02-14,County-level Algorithmic Audit of Racial Bias in Twitter's Home Timeline
2211.09110,2023-10-03,Holistic Evaluation of Language Models
2211.09511,2022-12-01,Hey ASR System! Why Aren't You More Inclusive? Automatic Speech   Recognition Systems' Bias and Proposed Bias Mitigation Techniques. A   Literature Review
2211.09865,2022-11-21,Gender Bias in Big Data Analysis
2211.10086,2022-11-21,Metadata Might Make Language Models Better
2211.09207,2023-10-24,A Graph-Based Context-Aware Model to Understand Online Conversations
2211.09942,2022-11-21,Professional Presentation and Projected Power: A Case Study of Implicit   Gender Information in English CVs
2211.10707,2022-11-22,Suffering from Vaccines or from Government? : Partisan Bias in COVID-19   Vaccine Adverse Events Coverage
2211.11087,2023-11-01,Conceptor-Aided Debiasing of Large Language Models
2211.11109,2022-11-28,Deep Learning on a Healthy Data Diet: Finding Important Examples for   Fairness
2211.10163,2022-11-21,Overview of the HASOC Subtrack at FIRE 2022: Offensive Language   Identification in Marathi
2211.11206,2022-11-22,Cultural Re-contextualization of Fairness Research in Language   Technologies in India
2211.11678,2022-11-22,Measuring Harmful Representations in Scandinavian Language Models
2211.11535,2022-11-22,Preliminary Bias Results in Search Engines
2211.11798,2022-11-23,Can You Label Less by Using Out-of-Domain Data? Active & Transfer   Learning with Few-shot Instructions
2211.12504,2022-11-24,Identifying gender bias in blockbuster movies through the lens of   machine learning
2211.10780,2022-11-22,ArtELingo: A Million Emotion Annotations of WikiArt with Emphasis on   Diversity over Language and Culture
2211.13069,2022-11-24,Cultural Incongruencies in Artificial Intelligence
2211.13709,2024-01-17,Undesirable Biases in NLP: Addressing Challenges of Measurement
2211.13972,2022-11-28,Picking on the Same Person: Does Algorithmic Monoculture lead to Outcome   Homogenization?
2211.14402,2022-11-29,An Analysis of Social Biases Present in BERT Variants Across Multiple   Languages
2211.14489,2022-12-06,Mitigating Relational Bias on Knowledge Graphs
2211.14639,2022-11-29,Gender Biases Unexpectedly Fluctuate in the Pre-training Stage of Masked   Language Models
2211.15458,2023-05-10,Validating Large Language Models with ReLM
2211.14946,2023-08-10,Self-Destructing Models: Increasing the Costs of Harmful Dual Uses of   Foundation Models
2211.14358,2022-11-29,A Moral- and Event- Centric Inspection of Gender Bias in Fairy Tales at   A Large Scale
2211.14865,2023-03-16,Understanding BLOOM: An empirical study on diverse NLP tasks
2211.15006,2022-11-29,Fine-tuning language models to find agreement among humans with diverse   preferences
2211.15262,2022-11-29,HERDPhobia: A Dataset for Hate Speech against Fulani in Nigeria
2211.15271,2022-11-30,The Myth of Culturally Agnostic AI Models
2211.17163,2022-12-01,Misogyny classification of German newspaper forum comments
2212.00298,2024-06-18,A Commonsense-Infused Language-Agnostic Learning Framework for Enhancing   Prediction of Political Polarity in Multilingual News Headlines
2211.16319,2022-11-30,Benchmarking Evaluation Metrics for Code-Switching Automatic Speech   Recognition
2212.00480,2022-12-02,Identifying Different Layers of Online Misogyny
2211.17067,2022-12-01,Fair Ranking with Noisy Protected Attributes
2212.00105,2022-12-02,An Empirical Study on the Bugs Found while Reusing Pre-trained Natural   Language Processing Models
2212.01700,2022-12-06,Towards Robust NLG Bias Evaluation with Syntactically-diverse Prompts
2212.00237,2022-12-05,Inference of Media Bias and Content Quality Using Natural-Language   Processing
2212.01661,2022-12-06,Unsupervised Fine-Tuning Data Selection for ASR Using Self-Supervised   Speech Models
2212.00851,2024-03-29,SOLD: Sinhala Offensive Language Dataset
2212.01810,2022-12-06,Constructing Highly Inductive Contexts for Dialogue Safety through   Controllable Reverse Generation
2212.02564,2022-12-07,INCLUSIFY: A benchmark and a model for gender-inclusive German
2212.04273,2022-12-09,Better Hit the Nail on the Head than Beat around the Bush: Removing   Protected Attributes with a Single Projection
2212.02985,2024-05-29,Multi-Layer Personalized Federated Learning for Mitigating Biases in   Student Predictive Analytics
2212.04593,2023-08-10,Towards Understanding Fairness and its Composition in Ensemble Machine   Learning
2212.04348,2022-12-09,Implicit causality in GPT-2: a case study
2212.05058,2022-12-13,Structured Like a Language Model: Analysing AI as an Automated Subject
2212.04310,2024-12-19,Montague semantics and modifier consistency measurement in neural   language models
2212.05129,2023-02-15,Measuring Data
2212.03840,2022-12-08,Fairness and Explainability: Bridging the Gap Towards Fair Model   Explanations
2212.05612,2023-04-10,Multimodal and Explainable Internet Meme Classification
2212.06295,2022-12-14,"Despite ""super-human"" performance, current LLMs are unsuited for   decisions about ethics and safety"
2212.06711,2023-05-23,On Text-based Personality Computing: Challenges and Future Directions
2212.06543,2026-02-20,Improving Stance Detection by Leveraging Measurement Knowledge from Social Sciences: A Case Study of Dutch Political Tweets and Traditional Gender Role Division
2212.07547,2022-12-16,Unsupervised Detection of Contextualized Embedding Bias with Application   to Ideology
2212.06655,2022-12-20,The Hateful Memes Challenge Next Move
2212.08011,2023-05-31,Multi-VALUE: A Framework for Cross-Dialectal English NLP
2212.07508,2022-12-16,Tensions Between the Proxies of Human Values in AI
2212.08061,2023-06-06,"On Second Thought, Let's Not Think Step by Step! Bias and Toxicity in   Zero-Shot Reasoning"
2212.08073,2022-12-19,Constitutional AI: Harmlessness from AI Feedback
2212.06495,2023-09-19,Inherent Limitations of AI Fairness
2212.07852,2022-12-16,The effects of gender bias in word embeddings on depression prediction
2212.07877,2023-10-09,Manifestations of Xenophobia in AI Systems
2212.06803,2022-12-15,Fair Infinitesimal Jackknife: Mitigating the Influence of Biased   Training Data Points Without Refitting
2212.08167,2022-12-19,Evaluation of Synthetic Datasets for Conversational Recommender Systems
2212.08864,2022-12-20,'If you build they will come': Automatic Identification of   News-Stakeholders to detect Party Preference in News Coverage
2212.09251,2022-12-20,Discovering Language Model Behaviors with Model-Written Evaluations
2212.09006,2023-05-09,"A Review of Speech-centric Trustworthy Machine Learning: Privacy,   Safety, and Fairness"
2212.09056,2023-01-18,"Beyond Digital ""Echo Chambers"": The Role of Viewpoint Diversity in   Political Discussion"
2212.07424,2022-12-16,Hope Speech Detection on Social Media Platforms
2212.09031,2022-12-20,Marginal-Certainty-aware Fair Ranking Algorithm
2212.10678,2025-07-25,Causally Testing Gender Bias in LLMs: A Case Study on Occupational Bias
2212.10154,2023-03-17,Human-Guided Fair Classification for Natural Language Processing
2212.10543,2023-05-30,Detoxifying Text with MaRCo: Controllable Revision with Experts and   Anti-Experts
2212.10563,2023-06-13,BLIND: Bias Removal With No Demographics
2212.10755,2023-10-26,JASMINE: Arabic GPT Models for Few-Shot Learning
2212.10720,2023-05-29,MoralDial: A Framework to Train and Evaluate Moral Dialogue Systems via   Moral Discussions
2212.11261,2023-05-17,Contrastive Language-Vision AI Models Pretrained on Web-Scraped   Multimodal Data Exhibit Sexual Objectification Bias
2212.10408,2022-12-21,Geographic and Geopolitical Biases of Language Models
2212.10529,2024-03-01,Evaluating Psychological Safety of Large Language Models
2212.11672,2024-07-19,Trustworthy Social Bias Measurement
2212.10646,2022-12-22,Did the Musk Takeover Boost Contentious Actors on Twitter?
2212.12799,2024-03-14,A Comprehensive Study of Gender Bias in Chemical Named Entity   Recognition Models
2212.12048,2022-12-26,Pushing the performances of ASR models on English and Spanish accents
2212.13138,2022-12-27,Large Language Models Encode Clinical Knowledge
2212.12633,2023-03-06,Inclusive Artificial Intelligence
2212.13104,2022-12-27,The URW-KG: a Resource for Tackling the Underrepresentation of   non-Western Writers
2212.11207,2022-12-22,A Seven-Layer Model for Standardising AI Fairness Assessment
2212.12603,2023-02-24,Stochastic Methods for AUC Optimization subject to AUC-based Fairness   Constraints
2212.14100,2023-01-02,Leveraging World Knowledge in Implicit Hate Speech Detection
2301.00395,2023-01-03,CORGI-PM: A Chinese Corpus For Gender Bias Probing and Mitigation
2301.00355,2023-01-06,Second Thoughts are Best: Learning to Re-Align With Human Values from   Text Edits
2212.14437,2024-10-21,An algorithm for clustering with confidence-based must-link and   cannot-link constraints
2212.14438,2023-01-02,Abelian and consta-Abelian polyadic codes over affine algebras with a   finite commutative chain coefficient ring
2212.14439,2023-02-10,An Optimal Algorithm for Strongly Convex Min-min Optimization
2212.14441,2023-03-03,Fruit Ripeness Classification: a Survey
2212.14443,2023-03-31,Measuring autoionization decay lifetimes of optically forbidden inner   valence excited states in neon atoms with attosecond noncollinear four wave   mixing spectroscopy
2212.14447,2023-06-16,A Theoretical Framework for AI Models Explainability with Application in   Biomedicine
2212.14448,2023-01-02,On the utility of feature selection in building two-tier decision trees
2212.14449,2023-06-12,Policy Mirror Ascent for Efficient and Independent Learning in Mean   Field Games
2212.14452,2023-01-02,Letter of Intent: the NA60+ experiment
2212.14453,2023-04-25,Learning Multimodal Data Augmentation in Feature Space
2212.14454,2023-08-01,MEAformer: Multi-modal Entity Alignment Transformer for Meta Modality   Hybrid
2212.14455,2023-05-02,Sensitivity of synchrotron radiation to the superthermal electron   population in mildly relativistic plasma
2212.14457,2023-05-16,Bayesian Interpolation with Deep Linear Networks
2212.14459,2023-01-02,A Learning Model Applied to the Calculation of the Velocities of 20   Stars Relative to the Sun
2212.14462,2023-01-02,Planning with Complex Data Types in PDDL
2212.14464,2024-02-20,Result Diversification in Search and Recommendation: A Survey
2212.14466,2023-01-02,Quantile Off-Policy Evaluation via Deep Conditional Generative Learning
2212.14467,2023-01-02,Cluster-level Group Representativity Fairness in $k$-means Clustering
2212.14468,2023-02-03,An Instrumental Variable Approach to Confounded Off-Policy Evaluation
2212.14470,2023-01-02,An electronic warfare approach for deploying a software-based Wi-Fi   jammer
2212.14471,2023-01-10,Voices of Workers: Why a Worker-Centered Approach to Crowd Work Is   Challenging
2212.14474,2023-01-02,Learning 3D Human Pose Estimation from Dozens of Datasets using a   Geometry-Aware Autoencoder to Bridge Between Skeleton Formats
2212.14477,2023-01-02,A Novel Experts Advice Aggregation Framework Using Deep Reinforcement   Learning for Portfolio Management
2212.14478,2023-01-02,Supplemental Transmission Aided Attenuation Correction for Quantitative   Cardiac PET/MR
2212.14479,2023-01-02,Pensieve 5G: Implementation of RL-based ABR Algorithm for UHD 4K/8K   Content Delivery on Commercial 5G SA/NR-DC Network
2301.00792,2023-01-03,The Undesirable Dependence on Frequency of Gender Bias Metrics Based on   Word Embeddings
2301.00646,2023-01-03,Addressing the Selection Bias in Voice Assistance: Training Voice   Assistance Model in Python with Equal Data Selection
2301.01269,2023-01-04,Average Is Not Enough: Caveats of Multilingual Evaluation
2301.01768,2023-01-06,"The political ideology of conversational AI: Converging evidence on   ChatGPT's pro-environmental, left-libertarian orientation"
2301.01874,2023-01-06,Critical Perspectives: A Benchmark Revealing Pitfalls in PerspectiveAPI
2301.01893,2023-01-06,GIVL: Improving Geographical Inclusivity of Vision-Language Models with   Pre-Training Methods
2301.00891,2023-01-04,Understanding Political Polarisation using Language Models: A dataset   and method
2301.00671,2023-01-03,Political representation bias in DBpedia and Wikidata as a challenge for   downstream processing
2301.02330,2023-01-09,Evidence of behavior consistent with self-interest and altruism in an   artificially intelligent agent
2301.01590,2023-11-14,FATE in AI: Towards Algorithmic Inclusivity and Accessibility
2301.04347,2023-04-10,Counteracts: Testing Stereotypical Representation in Pre-trained   Language Models
2301.02053,2023-04-27,Max-Min Diversification with Fairness Constraints: Exact and   Approximation Algorithms
2301.03946,2023-01-16,"Hate Raids on Twitch: Echoes of the Past, New Modalities, and   Implications for Platform Governance"
2301.05036,2023-01-13,Everyone's Voice Matters: Quantifying Annotation Disagreement Using   Demographic Information
2301.04780,2023-01-18,Much Ado About Gender: Current Practices and Future Recommendations for   Appropriate Gender-Aware Information Access
2301.06270,2024-04-23,Computational Assessment of Hyperpartisanship in News Titles
2301.06178,2024-07-18,Bike Frames: Understanding the Implicit Portrayal of Cyclists in the   News
2301.05327,2023-01-16,Blind Judgement: Agent-Based Supreme Court Modelling With GPT
2301.05944,2023-01-18,"Knowledge is Power, Understanding is Impact: Utility and Beyond Goals,   Explanation Quality, and Fairness in Path Reasoning Recommendation"
2301.05961,2023-01-18,Unveiling the Hidden Agenda: Biases in News Reporting and Consumption
2301.07483,2023-02-14,"Biases in Scholarly Recommender Systems: Impact, Prevalence, and   Mitigation"
2301.07941,2023-01-20,CEnt: An Entropy-based Model-agnostic Explainability Framework to   Contrast Classifiers' Decisions
2301.07098,2023-01-19,The moral authority of ChatGPT
2301.09211,2023-01-24,An Empirical Study of Metrics to Measure Representational Harms in   Pre-Trained Language Models
2301.09003,2024-03-12,Blacks is to Anger as Whites is to Joy? Understanding Latent Affective   Bias in Large Pre-trained Neural Language Models
2301.09406,2023-05-12,The Reasonable Effectiveness of Diverse Evaluation Data
2301.09169,2023-01-24,Representing Interlingual Meaning in Lexical Databases
2301.10075,2023-07-06,Gender Neutralization for an Inclusive Machine Translation: from   Theoretical Foundations to Open Challenges
2301.08832,2024-03-21,"Same Words, Different Meanings: Semantic Polarization in Broadcast Media   Language Forecasts Polarization on Social Media Discourse"
2301.09919,2023-03-29,Opportunities and Challenges in Neural Dialog Tutoring
2301.10368,2023-01-26,Language Model Detoxification in Dialogue with Contextualized Stance   Control
2301.10871,2023-05-02,Qualitative Analysis of a Graph Transformer Approach to Addressing Hate   Speech: Adapting to Dynamically Changing Content
2301.11100,2023-01-27,Vision-Language Models Performing Zero-Shot Tasks Exhibit Gender-based   Disparities
2301.11125,2023-01-27,A benchmark for toxic comment classification on Civil Comments dataset
2301.11579,2023-01-30,"Down the Rabbit Hole: Detecting Online Extremism, Radicalisation, and   Politicised Hate Speech"
2301.11850,2024-09-16,Predicting Sentence-Level Factuality of News and Bias of Media Outlets
2301.12073,2023-04-27,Towards Equitable Representation in Text-to-Image Synthesis Models with   the Cross-Cultural Understanding Benchmark (CCUB) Dataset
2301.12074,2023-01-31,Comparing Intrinsic Gender Bias Evaluation Measures without using Human   Annotated Examples
2301.12139,2023-09-19,Bipol: Multi-axes Evaluation of Bias with Explainability in Benchmark   Datasets
2301.10926,2023-01-27,Evolution of Filter Bubbles and Polarization in News Recommendation
2301.12534,2026-02-05,Vicarious Offense and Noise Audit of Offensive Speech Classifiers: Unifying Human and Machine Disagreement on What is Offensive
2301.12855,2023-01-31,How Far Can It Go?: On Intrinsic Gender Bias Mitigation for Text   Classification
2301.12867,2023-05-30,"Red teaming ChatGPT via Jailbreaking: Bias, Robustness, Reliability and   Toxicity"
2301.11958,2023-01-31,"""Finding the Magic Sauce"": Exploring Perspectives of Recruiters and Job   Seekers on Recruitment Bias and Automated Tools"
2301.11994,2023-01-31,Gender and Prestige Bias in Coronavirus News Reporting
2302.00070,2023-05-16,Debiasing Vision-Language Models via Biased Prompts
2301.13668,2023-02-01,Automated Sentiment and Hate Speech Analysis of Facebook Data by   Employing Multilingual Transformer Models
2302.00419,2023-02-02,For the Underrepresented in Gender Bias Research: Chinese Name Gender   Prediction with Heterogeneous Graph Attention Network
2302.00102,2023-08-03,Towards Detecting Harmful Agendas in News Articles
2302.00871,2023-10-24,Using In-Context Learning to Improve Dialogue Safety
2302.00560,2023-02-02,Co-Writing with Opinionated Language Models Affects Users' Views
2302.01448,2023-02-06,"Out of Context: Investigating the Bias and Fairness Concerns of   ""Artificial Intelligence as a Service"""
2302.01582,2023-02-06,Controlling for Stereotypes in Multimodal Language Model Evaluation
2302.02064,2023-07-18,Lived Experience Matters: Automatic Detection of Stigma on Social Media   Toward People Who Use Substances
2302.02038,2023-02-07,Rating Sentiment Analysis Systems for Bias through a Causal Lens
2302.02453,2023-02-07,FineDeb: A Debiasing Framework for Language Models
2302.02463,2023-02-16,Nationality Bias in Text Generation
2302.02997,2023-04-19,Erasure of Unaligned Attributes from Neural Representations
2302.01385,2024-03-22,Hyper-parameter Tuning for Fair Classification without Sensitive   Attribute Access
2302.03494,2023-04-05,A Categorical Archive of ChatGPT Failures
2302.03782,2023-02-10,Does AI-Assisted Fact-Checking Disproportionately Benefit Majority   Groups Online?
2302.03183,2023-02-08,Capturing Topic Framing via Masked Language Modeling
2302.03675,2025-05-27,Auditing Gender Presentation Differences in Text-to-Image Models
2302.02404,2023-03-14,The Unfairness of Fair Machine Learning: Levelling down and strict   egalitarianism by default
2302.02337,2023-05-15,Regulating ChatGPT and other Large Generative AI Models
2302.04062,2025-04-07,Machine Learning for Synthetic Data Generation: A Review
2302.04732,2023-02-10,Zeno: An Interactive Framework for Behavioral Evaluation of Machine   Learning
2302.05508,2025-04-16,FairPy: A Toolkit for Evaluation of Prediction Biases and their   Mitigation in Large Language Models
2302.05558,2023-02-14,Overview of the TREC 2022 Fair Ranking Track
2302.05674,2023-02-14,Counter-GAP: Counterfactual Bias Evaluation through Gendered Ambiguous   Pronouns
2302.04156,2023-02-09,Prompting for Multimodal Hateful Meme Classification
2302.05807,2023-02-14,Pushing the Accuracy-Group Robustness Frontier with Introspective   Self-play
2302.05995,2023-02-14,Multi-dimensional discrimination in Law and Machine Learning -- A   comparative overview
2302.06321,2023-06-21,Parameter-efficient Modularised Bias Mitigation via AdapterFusion
2302.06474,2024-02-23,Applying BERT and ChatGPT for Sentiment Analysis of Lyme Disease in   Scientific Literature
2302.05788,2023-02-14,Fairness-aware Multi-view Clustering
2302.05711,2023-02-14,Fair Enough: Standardizing Evaluation and Model Selection for Fairness   Research in NLP
2302.07459,2023-02-21,The Capacity for Moral Self-Correction in Large Language Models
2302.07371,2023-12-07,BiasTestGPT: Using ChatGPT for Social Bias Testing of Language Models
2302.07372,2023-03-08,"Same Same, But Different: Conditional Multi-Task Learning for   Demographic-Specific Toxicity Detection"
2302.07388,2023-02-16,Adding Instructions during Pretraining: Effective Way of Controlling   Toxicity in Language Models
2302.07159,2023-02-15,A Friendly Face: Do Text-to-Image Systems Rely on Stereotypes when the   Input is Under-Specified?
2302.07267,2023-09-14,Diminished Diversity-of-Thought in a Standard Large Language Model
2302.07324,2023-05-26,READIN: A Chinese Multi-Task Benchmark with Realistic and Diverse Input   Noises
2302.07787,2025-09-09,Fairness in Socio-technical Systems: a Case Study of Wikipedia
2302.07736,2023-03-17,Is ChatGPT better than Human Annotators? Potential and Limitations of   ChatGPT in Explaining Implicit Hate Speech
2302.08582,2023-06-16,Pretraining Language Models with Human Preferences
2302.08497,2023-02-17,"Rethinking ""Risk"" in Algorithmic Systems Through A Computational   Narrative Analysis of Casenotes in Child-Welfare"
2302.08500,2023-06-28,Auditing large language models: a three-layered approach
2302.08204,2023-08-29,Counterfactual Reasoning for Bias Evaluation and Detection in a Fairness   under Unawareness setting
2302.08973,2023-08-24,Measuring Equality in Machine Learning Security Defenses: A Case Study   in Speech Recognition
2302.09051,2025-11-04,"Complex QA and language models hybrid architectures, Survey"
2302.08077,2023-06-08,Group Fairness with Uncertainty in Sensitive Attributes
2302.08464,2023-02-17,Evaluating and Improving the Coreference Capabilities of Machine   Translation Models
2302.09044,2023-02-28,From User Perceptions to Technical Improvement: Enabling People Who   Stutter to Better Use Speech Recognition
2302.09243,2023-02-21,A Federated Approach for Hate Speech Detection
2302.09270,2023-12-01,"Towards Safer Generative Language Models: A Survey on Safety Risks,   Evaluations, and Improvements"
2302.08709,2023-02-20,Multimodal Propaganda Processing
2302.09991,2023-02-21,Towards Measuring and Scoring Speaker Diarization Fairness
2302.09683,2023-02-23,SimFair: A Unified Framework for Fairness-Aware Multi-Label   Classification
2302.09214,2023-02-21,Cost-effective Models for Detecting Depression from Speech
2302.09618,2023-02-21,Multilingual Content Moderation: A Case Study on Reddit
2302.10328,2023-02-22,"Hello Me, Meet the Real Me: Audio Deepfake Attacks on Voice Assistants"
2302.10893,2023-07-18,Fair Diffusion: Instructing Text-to-Image Generation Models on Fairness
2302.10908,2023-06-13,Human-Centric Multimodal Machine Learning: Recent Advances and Testbed   on AI-based Recruitment
2302.10856,2023-02-22,Overview of the TREC 2021 Fair Ranking Track
2302.10724,2023-06-13,"ChatGPT: Jack of all trades, master of none"
2302.12326,2023-02-27,Can Voice Assistants Be Microaggressors? Cross-Race Psychological   Responses to Failures of Automatic Speech Recognition
2302.12578,2023-03-01,Fairness in Language Models Beyond English: Gaps and Challenges
2302.12640,2023-02-27,In-Depth Look at Word Filling Societal Bias Measures
2302.12254,2023-08-21,Change is Hard: A Closer Look at Subpopulation Shift
2302.12299,2023-02-27,In What Languages are Generative Language Models the Most Formal?   Analyzing Formality Distribution across Languages
2302.12840,2023-03-02,HULAT at SemEval-2023 Task 10: Data augmentation for pre-trained   transformers applied to the detection of sexism in social media
2302.13136,2023-02-28,Toward Fairness in Text Generation via Mutual Information Minimization   based on Importance Sampling
2302.12832,2023-06-05,Fluid Transformers and Creative Analogies: Exploring Large Language   Models' Capacity for Augmenting Cross-Domain Analogical Creativity
2302.11225,2023-04-06,The Amplification Paradox in Recommender Systems
2302.14063,2023-03-01,How optimal transport can tackle gender biases in multi-class   neural-network classifiers for job recommendations?
2302.13942,2023-09-08,Inseq: An Interpretability Toolkit for Sequence Generation Models
2302.13352,2023-03-23,The blame game: Understanding blame assignment in social media
2302.14233,2023-10-26,Goal Driven Discovery of Distributional Differences via Language   Descriptions
2302.14027,2023-02-28,Diversity matters: Robustness of bias measurements in Wikidata
2302.14383,2024-01-12,Linear Spaces of Meanings: Compositional Structures in Vision-Language   Models
2303.00673,2023-03-02,Fairness Evaluation in Text Classification: Machine Learning   Practitioner Perspectives of Individual and Group Fairness
2302.14828,2023-03-01,Automatic Scoring of Dream Reports' Emotional Content with Large   Language Models
2303.00802,2023-03-03,Synthetic Cross-accent Data Augmentation for Automatic Speech   Recognition
2303.01490,2023-03-03,Language Variety Identification with True Labels
2303.00586,2023-12-22,FAIR-Ensemble: When Fairness Naturally Emerges From Deep Ensembling
2303.01248,2023-10-16,Can ChatGPT Assess Human Personalities? A General Evaluation Framework
2303.00442,2023-03-02,Re-weighting Based Group Fairness Regularization via Classwise Robust   Optimization
2303.03019,2023-03-07,NxPlain: Web-based Tool for Discovery of Latent Concepts
2303.02891,2023-03-07,Perspectives on the Social Impacts of Reinforcement Learning with Human   Feedback
2303.03124,2023-10-03,IFAN: An Explainability-Focused Interaction Framework for Humans and NLP   Models
2303.03542,2023-03-08,Multi-resolution Interpretation and Diagnostics Tool for Natural   Language Classifiers
2303.03387,2023-10-25,CoSyn: Detecting Implicit Hate Speech in Online Conversations Using a   Context Synergized Hyperbolic Network
2303.03975,2023-03-08,GATE: A Challenge Set for Gender-Ambiguous Translation Examples
2303.04222,2023-05-09,SemEval-2023 Task 10: Explainable Detection of Online Sexism
2303.04381,2023-03-09,Automatically Auditing Large Language Models via Discrete Optimization
2303.03915,2023-03-08,The BigScience ROOTS Corpus: A 1.6TB Composite Multilingual Dataset
2303.05670,2023-03-13,Logic Against Bias: Textual Entailment Mitigates Stereotypical Sentence   Reasoning
2303.03457,2023-03-08,Spelling convention sensitivity in neural language models
2303.06074,2023-03-13,Susceptibility to Influence of Large Language Models
2303.06167,2023-08-21,Overwriting Pretrained Bias with Finetuning Data
2303.05431,2023-03-10,disco: a toolkit for Distributional Control of Generative Models
2303.04837,2023-09-14,Non-Binary Gender Expression in Online Interactions
2303.05453,2023-03-10,Personalisation within bounds: A risk taxonomy and policy framework for   the alignment of large language models with personalised feedback
2303.07024,2023-03-14,Addressing Biases in the Texts using an End-to-End Pipeline Approach
2303.05809,2023-03-13,Distributionally Robust Optimization with Probabilistic Group
2303.07207,2023-03-14,"Bias, diversity, and challenges to fairness in classification and   automated text analysis. From libraries to AI and back"
2303.07247,2024-05-15,Are Models Trained on Indian Legal Data Fair?
2303.07924,2023-03-15,Improving Accented Speech Recognition with Multi-Domain Training
2303.08084,2023-08-28,Editing Implicit Assumptions in Text-to-Image Diffusion Models
2303.08774,2024-03-11,GPT-4 Technical Report
2303.08026,2023-03-15,A Study on Bias and Fairness In Deep Speaker Recognition
2303.08485,2024-02-21,Can Fairness be Automated? Guidelines and Opportunities for   Fairness-aware AutoML
2303.10131,2023-03-20,She Elicits Requirements and He Tests: Software Engineering Gender Bias   in Large Language Models
2303.09314,2023-04-25,TOT: Topology-Aware Optimal Transport For Multimodal Hate Detection
2303.09498,2023-03-17,Measuring the Impact of Explanation Bias: A Study of Natural Language   Justifications for Recommender Systems
2303.10431,2023-03-21,DeAR: Debiasing Vision-Language Models with Additive Residuals
2303.09136,2023-03-17,A Short Survey of Viewing Large Language Models in Legal Aspect
2303.10721,2023-03-21,Right the docs: Characterising voice dataset documentation practices   used in machine learning
2303.11408,2023-11-13,Stable Bias: Analyzing Societal Representations in Diffusion Models
2303.11504,2023-08-29,Language Model Behavior: A Comprehensive Survey
2303.12057,2023-09-28,Large Language Models Can Be Used to Estimate the Latent Positions of   Politicians
2303.12808,2023-03-24,"PACO: Provocation Involving Action, Culture, and Oppression"
2303.12734,2023-03-23,MultiModal Bias: Introducing a Framework for Stereotypical Bias   Assessment beyond Gender and Race in Vision Language Models
2303.13217,2023-04-03,Fairness-guided Few-shot Prompting for Large Language Models
2303.13546,2023-03-27,Challenges in Designing Racially Inclusive Language Technologies
2303.13790,2023-03-27,Towards Fair Patient-Trial Matching via Patient-Criterion Level Fairness   Constraint
2303.14128,2026-01-29,The crime of being poor
2303.13856,2024-06-18,Unleashing GPT on the Metaverse: Savior or Destroyer?
2303.12961,2023-03-28,The Shaky Foundations of Clinical Foundation Models: A Survey of Large   Language Models and Foundation Models for EMRs
2303.13641,2023-03-27,No Love Among Haters: Negative Interactions Reduce Hate Community   Engagement
2303.15132,2024-02-09,Cross-utterance ASR Rescoring with Graph-based Label Propagation
2303.14963,2023-03-28,Variation and Instability in Dialect-Based Embedding Spaces
2303.15697,2023-03-29,Model and Evaluation: Towards Fairness in Multilingual Text   Classification
2303.15708,2023-05-09,Bias or Diversity? Unraveling Fine-Grained Thematic Discrepancy in U.S.   News Headlines
2303.16173,2023-03-29,Towards Countering Essentialism through Social Bias Reasoning
2303.16281,2024-03-11,"A ""Perspectival"" Mirror of the Elephant: Investigating Language Bias on   Google, ChatGPT, YouTube, and Wikipedia"
2303.15110,2024-09-27,Beyond Toxic: Toxicity Detection Datasets are Not Enough for Brand   Safety
2303.15770,2023-03-29,DDMM-Synth: A Denoising Diffusion Model for Cross-modal Medical Image   Synthesis with Sparse-view Measurement Embedding
2303.15771,2023-05-31,"TerrainNet: Visual Modeling of Complex Terrain for High-speed, Off-road   Navigation"
2303.15772,2024-07-19,Ecosystem Graphs: The Social Footprint of Foundation Models
2303.15774,2023-07-19,Integrated lithium niobate optical phased array for two-dimensional beam   steering
2303.15780,2023-03-29,Instruct 3D-to-3D: Text Instruction Guided 3D-to-3D conversion
2303.15782,2025-03-10,CARTO: Category and Joint Agnostic Reconstruction of ARTiculated Objects
2303.15783,2023-03-29,On Causal Equivalence by Tracing in String Rewriting
2303.15784,2023-03-29,Ideograph: A Language for Expressing and Manipulating Structured Data
2303.15786,2023-07-27,HOICLIP: Efficient Knowledge Transfer for HOI Detection with   Vision-Language Models
2303.15788,2023-03-29,From Double Pushout Grammars to Hypergraph Lambek Grammars With and   Without Exponential Modality
2303.15789,2023-03-29,Dynamical Behaviors of Small-scale Buoyant Diffusion Flame Oscillators   in Externally Swirling Flows
2303.15790,2024-05-24,STCF Conceptual Design Report: Volume 1 -- Physics & Detector
2303.15792,2024-02-13,SDAT: Sub-Dataset Alternation Training for Improved Image Demosaicing
2303.15796,2023-03-29,KERM: Knowledge Enhanced Reasoning for Vision-and-Language Navigation
2303.15799,2024-09-02,FedAgg: Adaptive Federated Learning with Aggregated Gradients
2303.15800,2023-05-01,"UndoPort: Exploring the Influence of Undo-Actions for Locomotion in   Virtual Reality on the Efficiency, Spatial Understanding and User Experience"
2303.15803,2023-03-29,Vision based UAV Navigation through Narrow Passages
2303.15805,2023-03-29,StarNet: Style-Aware 3D Point Cloud Generation
2303.15806,2025-01-28,Model-Predictive Control with NUP Priors
2303.15809,2023-08-09,Kernel interpolation generalizes poorly
2303.15810,2023-03-29,Offline RL with No OOD Actions: In-Sample Learning via Implicit Value   Regularization
2303.15811,2023-05-01,TicTacToes: Assessing Toe Movements as an Input Modality
2303.15816,2023-08-22,Physical model of end-diastolic and end-systolic pressure-volume   relationships of a heart
2303.15817,2023-07-14,Structure Preserving Finite Volume Approximation of Cross-Diffusion   Systems Coupled by a Free Interface
2303.15818,2023-03-29,Towards Effective Adversarial Textured 3D Meshes on Physical Face   Recognition
2303.17466,2023-04-03,Assessing Cross-Cultural Alignment between ChatGPT and Human Societies:   An Empirical Study
2303.16828,2023-03-30,Tackling Hate Speech in Low-resource Languages with Context Experts
2303.17927,2023-04-03,Cross-Cultural Transfer Learning for Chinese Offensive Language   Detection
2303.18190,2023-04-03,Assessing Language Model Deployment with Risk Cards
2303.18110,2023-04-03,The Edinburgh International Accents of English Corpus: Towards the   Democratization of English ASR
2303.17608,2023-04-03,Visual Response to Emotional State of User Interaction
2303.17713,2023-11-30,Mitigating Source Bias for Fairer Weak Supervision
2304.00228,2025-05-23,Accuracy and Political Bias of News Source Credibility Ratings by Large Language Models
2303.17548,2023-03-31,Whose Opinions Do Language Models Reflect?
2303.17555,2023-07-24,Factoring the Matrix of Domination: A Critical Review and Reimagination   of Intersectionality in AI Fairness
2304.00020,2023-05-17,SemiMemes: A Semi-supervised Learning Approach for Multimodal Memes   Analysis
2303.17807,2023-12-19,GPT-4 can pass the Korean National Licensing Examination for Korean   Medicine Doctors
2304.00913,2023-04-04,LAHM : Large Annotated Dataset for Multi-Domain and Multilingual Hate   Speech Identification
2304.01241,2023-04-05,Detection of Homophobia & Transphobia in Dravidian Languages: Exploring   Deep Learning Methods
2304.01890,2023-05-19,Sociocultural knowledge is needed for selection of shots in hate speech   detection tasks
2304.01358,2023-08-30,Challenging the appearance of machine intelligence: Cognitive bias in   LLMs and Best Practices for Adoption
2304.01373,2023-06-01,Pythia: A Suite for Analyzing Large Language Models Across Training and   Scaling
2304.01826,2023-04-05,CGDTest: A Constrained Gradient Descent Algorithm for Testing Neural   Networks
2304.02247,2023-10-30,Disentangling Structure and Style: Political Bias Detection in News by   Inducing Document Hierarchy
2304.01179,2023-04-04,Hate Speech Targets Detection in Parler using BERT
2304.02438,2023-04-11,CoCoMo: Computational Consciousness Modeling for Generative and Ethical   AI
2304.01651,2023-08-29,Socio-economic landscape of digital transformation & public NLP systems:   A critical review
2304.02828,2023-04-07,Uncurated Image-Text Datasets: Shedding Light on Demographic Bias
2304.02819,2023-07-13,GPT detectors are biased against non-native English writers
2304.02017,2025-05-28,"Unlocking the Potential of ChatGPT: A Comprehensive Exploration of its Applications, Advantages, Limitations, and Future Directions in Natural Language Processing"
2304.03279,2023-06-14,Do the Rewards Justify the Means? Measuring Trade-Offs Between Rewards   and Ethical Behavior in the MACHIAVELLI Benchmark
2304.03612,2023-04-10,What does ChatGPT return about human values? Exploring value bias in   ChatGPT using a descriptive value theory
2304.03518,2023-04-25,SSS at SemEval-2023 Task 10: Explainable Detection of Online Sexism   using Majority Voted Fine-Tuned Transformers
2304.03145,2024-04-18,Evaluating the Robustness of Machine Reading Comprehension Models to Low   Resource Entity Renaming
2304.03414,2023-04-10,Towards Corpus-Scale Discovery of Selection Biases in News Coverage:   Comparing What Sources Say About Entities as a Start
2304.02190,2024-11-06,Globalizing Fairness Attributes in Machine Learning: A Case Study on   Health in Africa
2304.04029,2023-09-19,Bipol: A Novel Multi-Axes Bias Evaluation Metric with Explainability for   NLP
2304.03728,2023-04-10,Interpretable Unified Language Checking
2304.03738,2023-11-14,Should ChatGPT be Biased? Challenges and Risks of Bias in Large Language   Models
2304.03693,2023-12-22,Model-Agnostic Gender Debiased Image Captioning
2304.02906,2023-04-10,MemeFier: Dual-stage Modality Fusion for Image Meme Classification
2304.02780,2024-03-04,A Transformer-Based Deep Learning Approach for Fairly Predicting   Post-Liver Transplant Risk Factors
2304.04129,2024-01-30,Auditing Elon Musk's Impact on Hate Speech and Bots
2304.03935,2023-07-18,Last-Layer Fairness Fine-tuning is Simple and Effective for Neural   Networks
2304.04610,2023-04-11,Attention at SemEval-2023 Task 10: Explainable Detection of Online   Sexism (EDOS)
2304.04619,2023-06-08,Fast polynomial arithmetic in homomorphic encryption with   cyclo-multiquadratic fields
2304.04874,2023-06-07,ImageCaptioner$^2$: Image Captioner for Image Captioning Bias   Amplification Assessment
2304.04087,2023-04-21,Interpretable Multi Labeled Bengali Toxic Comments Classification using   Deep Learning
2304.05335,2023-04-12,Toxicity in ChatGPT: Analyzing Persona-assigned Language Models
2304.05764,2023-04-13,Measuring Normative and Descriptive Biases in Language Models Using   Census Data
2304.05783,2023-05-26,Measuring Gender Bias in West Slavic Language Models
2304.05302,2023-10-10,RRHF: Rank Responses to Align Language Models with Human Feedback   without tears
2304.04199,2023-04-11,Information-Theoretic Testing and Debugging of Fairness Defects in Deep   Neural Networks
2304.05390,2023-11-27,"HRS-Bench: Holistic, Reliable and Scalable Benchmark for Text-to-Image   Models"
2304.06030,2023-04-19,The Role of Large Language Models in the Recognition of Territorial   Sovereignty: An Analysis of the Construction of Legitimacy
2304.06034,2023-04-14,Social Biases through the Text-to-Image Generation Lens
2304.06588,2023-04-14,ChatGPT-4 Outperforms Experts and Crowd Workers in Annotating Political   Twitter Messages with Zero-Shot Learning
2304.06861,2023-04-17,Evaluation of Social Biases in Recent Large Pre-Trained Models
2304.07333,2023-04-18,The Self-Perception and Political Biases of ChatGPT
2304.05986,2023-04-13,Auditing ICU Readmission Rates in an Clinical Database: An Analysis of   Risk Factors and Clinical Outcomes
2304.07683,2024-01-30,"Fairness And Bias in Artificial Intelligence: A Brief Survey of Sources,   Impacts, And Mitigation Strategies"
2304.06480,2023-04-14,"#BlackLivesMatter and Racism in Life Expectancy, Poverty, Educational   Attainment, and Race Compositions: State Analysis of 2020 Tweets in the USA"
2304.06184,2023-04-14,LINGO : Visually Debiasing Natural Language Instructions to Support Task   Diversity
2304.06762,2023-12-22,Shall We Pretrain Autoregressive Language Models with Retrieval? A   Comprehensive Study
2304.06767,2023-12-04,RAFT: Reward rAnked FineTuning for Generative Foundation Model Alignment
2304.06794,2023-04-17,"ChatGPT cites the most-cited articles and journals, relying solely on   Google Scholar's citation counts. As a result, AI may amplify the Matthew   Effect in environmental science"
2304.06120,2023-11-30,Sensing the Pulse of the Pandemic: Geovisualizing the Demographic   Disparities of Public Sentiment toward COVID-19 through Social Media
2304.06934,2023-04-17,Classification of social media Toxic comments using Machine learning   models
2304.09151,2023-04-19,UniMax: Fairer and more Effective Language Sampling for Large-Scale   Multilingual Pretraining
2304.09982,2023-04-21,Radar de Parit\'e: An NLP system to measure gender representation in   French news stories
2304.09991,2023-12-01,Supporting Human-AI Collaboration in Auditing LLMs with LLMs
2304.10153,2023-04-21,On the Independence of Association Bias and Empirical Fairness in   Language Models
2304.10436,2023-04-21,Safety Assessment of Chinese Large Language Models
2304.11111,2024-10-16,Inducing anxiety in large language models can induce bias
2304.10819,2024-06-11,Auditing and Generating Synthetic Data with Controllable Trust   Trade-offs
2304.10619,2024-04-29,"""HOT"" ChatGPT: The promise of ChatGPT in detecting and discriminating   hateful, offensive, and toxic comments on social media"
2304.11485,2023-04-25,Understanding Lexical Biases when Identifying Gang-related Social Media   Communications
2304.11094,2023-04-24,Effectiveness of Debiasing Techniques: An Indigenous Qualitative   Analysis
2304.11220,2023-04-26,Learn What NOT to Learn: Towards Generative Safety in Chatbots
2304.11223,2023-04-25,A Group-Specific Approach to NLP for Hate Speech Detection
2304.11408,2023-04-25,Lightweight Toxicity Detection in Spoken Language: A Transformer-based   Approach for Edge Devices
2304.11666,2023-04-25,Hold the Suspect! : An Analysis on Media Framing of Itaewon Halloween   Crowd Crush
2304.12397,2023-04-26,On the Challenges of Using Black-Box APIs for Toxicity Evaluation in   Research
2304.12847,2023-04-26,NLP-LTU at SemEval-2023 Task 10: The Impact of Data Augmentation and   Semi-Supervised Learning Techniques on Text Classification Performance on an   Imbalanced Dataset
2304.12810,2023-04-26,"Transcending the ""Male Code"": Implicit Masculine Biases in NLP Contexts"
2304.13148,2023-04-27,Introducing MBIB -- the first Media Bias Identification Benchmark Task   and Dataset Collection
2304.13129,2023-05-01,Patterns of gender-specializing query reformulation
2304.12573,2023-04-26,Fairness and Bias in Truth Discovery Algorithms: An Experimental   Analysis
2304.13557,2023-04-27,"""I'm"" Lost in Translation: Pronoun Missteps in Crowdsourced Data Sets"
2304.13765,2024-05-21,Towards ethical multimodal systems
2304.13855,2023-04-28,Multimodal Composite Association Score: Measuring Gender Bias in   Generative Multimodal Models
2304.13933,2023-06-30,Oversampling Higher-Performing Minorities During Machine Learning Model   Training Reduces Adverse Impact Slightly but Also Reduces Model Accuracy
2304.14553,2023-05-01,Appropriateness is all you need!
2304.14599,2023-05-01,Antisemitic Messages? A Guide to High-Quality Annotation and a Labeled   Dataset of Tweets
2305.00076,2023-05-02,"HausaNLP at SemEval-2023 Task 10: Transfer Learning, Synthetic Data and   Side-Information for Multi-Level Sexism Classification"
2304.13712,2023-04-28,Harnessing the Power of LLMs in Practice: A Survey on ChatGPT and Beyond
2305.00319,2023-05-02,Learning to Re-rank with Constrained Meta-Optimal Transport
2305.01050,2023-05-03,SafeWebUH at SemEval-2023 Task 11: Learning Annotator Disagreement in   Derogatory Text: Comparison of Direct Training vs Aggregation
2305.01141,2023-05-05,Multidimensional Fairness in Paper Recommendation
2305.02081,2023-05-04,Considerations for Ethical Speech Recognition Datasets
2305.01888,2023-05-04,Fairness in AI Systems: Mitigating gender bias from language-vision   models
2305.02321,2023-10-23,Entity-Based Evaluation of Political Bias in Automatic Summarization
2305.03047,2023-12-05,Principle-Driven Self-Alignment of Language Models from Scratch with   Minimal Human Supervision
2305.02995,2023-06-01,Accuracy on the Curve: On the Nonlinear Correlation of ML Performance   Between Data Subpopulations
2305.02626,2023-05-05,"""Oops, Did I Just Say That?"" Testing and Repairing Unethical Suggestions   of Large Language Models with Suggest-Critique-Reflect Process"
2305.02629,2023-05-05,Integrating Psychometrics and Computing Perspectives on Bias and   Fairness in Affective Computing: A Case Study of Automated Video Interviews
2305.02637,2024-05-28,Towards Weakly-Supervised Hate Speech Classification Across Datasets
2305.02806,2023-05-05,Maximizing Submodular Functions for Recommendation in the Presence of   Biases
2305.03123,2025-01-14,"ChatGPT Needs SPADE (Sustainability, PrivAcy, Digital divide, and   Ethics) Evaluation: A Review"
2305.04008,2023-05-09,"Algorithmic Bias, Generalist Models,and Clinical Medicine"
2305.04356,2023-05-09,Stanford MLab at SemEval-2023 Task 10: Exploring GloVe- and   Transformer-Based Methods for the Explainable Detection of Online Sexism
2305.03881,2023-08-23,Fairness in Image Search: A Study of Occupational Stereotyping in Image   Retrieval and its Debiasing
2305.03915,2023-05-09,HateMM: A Multi-Modal Dataset for Hate Video Classification
2305.03212,2023-05-19,LLM2Loss: Leveraging Language Models for Explainable Model Diagnostics
2305.04812,2023-10-23,Influence of External Information on Large Language Models Mirrors   Social Cognitive Patterns
2305.04388,2023-12-12,Language Models Don't Always Say What They Think: Unfaithful   Explanations in Chain-of-Thought Prompting
2305.04672,2023-05-09,Augmented Datasheets for Speech Datasets and Ethical Decision-Making
2305.04547,2023-05-09,Diffusion Theory as a Scalpel: Detecting and Purifying Poisonous   Dimensions in Pre-trained Language Models Caused by Backdoor or Bias
2305.04446,2023-05-09,"Facilitating Fine-grained Detection of Chinese Toxic Language:   Hierarchical Taxonomy, Resources, and Benchmarks"
2305.04990,2023-06-07,Explanation-based Finetuning Makes Models More Robust to Spurious Cues
2305.05608,2023-06-07,The Role of Relevance in Fair Ranking
2305.05917,2023-05-11,Auditing Cross-Cultural Consistency of Human-Annotated Labels for   Recommendation Systems
2305.06626,2024-03-19,When the Majority is Wrong: Modeling Annotator Disagreement for   Subjective Tasks
2305.06125,2023-09-20,Evaluating Twitter's Algorithmic Amplification of Low-Credibility   Content: An Observational Study
2305.06892,2023-05-12,IUST_NLP at SemEval-2023 Task 10: Explainable Detecting Sexism with   Transformers and Task-adaptive Pretraining
2305.06166,2025-09-05,Mitigating Bias in Text Classification via Prompt-Based Text Transformation
2305.06074,2023-05-11,iLab at SemEval-2023 Task 11 Le-Wi-Di: Modelling Disagreement or   Modelling Perspectives?
2305.06530,2023-05-12,How Good are Commercial Large Language Models on African Languages?
2305.07378,2023-05-15,Surfacing Biases in Large Language Models using Contrastive Input   Decoding
2305.07389,2023-05-15,Investigating the Sensitivity of Automatic Speech Recognition Systems to   Phonetic Variation in L2 Englishes
2305.07795,2023-09-04,Constructing Holistic Measures for Social Biases in Masked Language   Models
2305.07457,2023-07-14,"Perturbation-based QE: An Explainable, Unsupervised Word-level Quality   Estimation Method for Blackbox Machine Translation"
2305.07839,2023-05-16,The Geometry of Multilingual Language Models: An Equality Lens
2305.06967,2025-04-03,Data quality dimensions for fair AI
2305.07609,2023-10-18,Is ChatGPT Fair for Recommendation? Evaluating Fairness in Large   Language Model Recommendation
2305.08283,2023-07-07,From Pretraining Data to Language Models to Downstream Tasks: Tracking   the Trails of Political Biases Leading to Unfair NLP Models
2305.08636,2023-05-16,AdamR at SemEval-2023 Task 10: Solving the Class Imbalance Problem in   Sexism Detection with Ensemble Learning
2305.09058,2023-05-17,Private Training Set Inspection in MLaaS
2305.06969,2023-08-15,"A Survey on Intersectional Fairness in Machine Learning: Notions,   Mitigation, and Challenges"
2305.06994,2023-05-12,A statistical approach to detect sensitive features in a group fairness   setting
2305.09319,2023-05-17,Fairness and Diversity in Information Access Systems
2305.09330,2024-04-03,Consumer-side Fairness in Recommender Systems: A Systematic Survey of   Methods and Evaluation
2305.07667,2023-06-01,Davinci the Dualist: the mind-body divide in large language models and   in human learners
2305.09281,2023-05-17,On the Origins of Bias in NLP through the Lens of the Jim Code
2305.09941,2023-06-05,"""I'm fully who I am"": Towards Centering Transgender and Non-Binary   Voices to Measure Biases in Open Language Generation"
2305.09800,2023-10-24,Mirages: On Anthropomorphism in Dialogue Systems
2305.09900,2023-10-12,Efficient Equivariant Transfer Learning from Pretrained Models
2305.10510,2024-08-06,ChatGPT Perpetuates Gender Bias in Machine Translation and Ignores   Non-Gendered Pronouns: Findings across Bengali and Five other Low-Resource   Languages
2305.09535,2024-03-29,"What's the Problem, Linda? The Conjunction Fallacy as a Fairness Problem"
2305.10196,2023-05-18,A Survey on Zero Pronoun Translation
2305.10201,2023-06-13,Echoes of Biases: How Stigmatizing Language Affects AI Performance
2305.10204,2023-05-18,Shielded Representations: Protecting Sensitive Attributes Through   Iterative Gradient-Based Projection
2305.10403,2023-09-15,PaLM 2 Technical Report
2305.10407,2023-05-18,BAD: BiAs Detection for Large Language Models in the context of   candidate screening
2305.09686,2023-05-18,Data Bias Management
2305.10566,2024-09-13,Smiling Women Pitching Down: Auditing Representational and   Presentational Gender Biases in Image Generative AI
2305.11080,2023-05-19,Inspecting the Geographical Representativeness of Images from   Text-to-Image Models
2305.11095,2023-08-17,Prompting the Hidden Talent of Web-Scale Speech Models for Zero-Shot   Task Generalization
2305.11262,2023-05-22,CHBias: Bias Evaluation and Mitigation of Chinese Conversational   Language Models
2305.10433,2023-05-19,Toxicity Inspector: A Framework to Evaluate Ground Truth in Toxicity   Detection Through Feedback
2305.10646,2025-02-07,"Ethical ChatGPT: Concerns, Challenges, and Commandments"
2305.11229,2023-05-22,TrustSER: On the Trustworthiness of Fine-tuning Pre-trained Speech   Embeddings For Speech Emotion Recognition
2305.11242,2023-05-22,Comparing Biases and the Impact of Multilingual Training across Multiple   Languages
2305.11348,2024-01-04,In the Name of Fairness: Assessing the Bias in Clinical Record   De-identification
2305.11140,2023-05-19,Exploiting Biased Models to De-bias Text: A Gender-Fair Rewriting Model
2305.11673,2023-05-22,Bias Beyond English: Counterfactual Tests for Bias in Sentiment Analysis   in Four Languages
2305.12090,2024-05-30,UP5: Unbiased Foundation Model for Fairness-aware Recommendation
2305.12143,2023-09-14,Learning Horn Envelopes via Queries from Large Language Models
2305.11840,2023-05-22,SeeGULL: A Stereotype Benchmark with Broad Geo-Cultural Coverage   Leveraging Generative Models
2305.11844,2024-03-14,AI's Regimes of Representation: A Community-centered Study of   Text-to-Image Models in South Asia
2305.11391,2023-08-29,A Survey of Safety and Trustworthiness of Large Language Models through   the Lens of Verification and Validation
2305.12376,2023-05-23,Measuring Intersectional Biases in Historical Documents
2305.10906,2023-10-10,RobustFair: Adversarial Evaluation through Fairness Confusion Directed   Gradient Search
2305.12434,2023-05-23,BiasAsker: Measuring the Bias in Conversational AI System
2305.12178,2023-09-06,Model Debiasing via Gradient-based Explanation on Representation
2305.12620,2024-09-26,Keeping Up with the Language Models: Systematic Benchmark Extension for   Bias Auditing
2305.12564,2023-05-23,ChatGPT Is More Likely to Be Perceived as Male Than Female
2305.12709,2023-05-23,Cross-lingual Transfer Can Worsen Bias in Sentiment Analysis
2305.11807,2023-05-22,On the Fairness Impacts of Private Ensembles Models
2305.12671,2024-04-17,Transferring Fairness using Multi-Task Learning with Limited Demographic   Information
2305.13088,2024-08-06,Should We Attend More or Less? Modulating Attention for Fairness
2305.13098,2023-05-23,Analysis of Media Writing Style Bias through Text-Embedding Networks
2305.13108,2023-06-28,Debiased Automatic Speech Recognition for Dysarthric Speech via Sample   Reweighting with Sample Affinity Test
2305.12757,2023-05-23,This Prompt is Measuring <MASK>: Evaluating Bias Evaluation in Language   Models
2305.12829,2024-04-29,On Bias and Fairness in NLP: Investigating the Impact of Bias and   Debiasing in Language Models on the Fairness of Toxicity Detection
2305.12835,2023-05-23,Open-Domain Event Graph Induction for Mitigating Framing Bias
2305.13198,2023-05-23,Multilingual Holistic Bias: Extending Descriptors and Patterns to Unveil   Demographic Biases in Languages at Scale
2305.13589,2023-05-24,"BiasX: ""Thinking Slow"" in Toxic Content Moderation with Explanations of   Implied Social Biases"
2305.13675,2023-12-07,Polyglot or Not? Measuring Multilingual Encyclopedic Knowledge in   Foundation Models
2305.13302,2023-11-21,Language-Agnostic Bias Detection in Language Models with Bias Probing
2305.13169,2023-11-14,"A Pretrainer's Guide to Training Data: Measuring the Effects of Data   Age, Domain Coverage, Quality, & Toxicity"
2305.13677,2023-11-03,Towards Legally Enforceable Hate Speech Detection for Public Forums
2305.13707,2023-05-24,Do All Languages Cost the Same? Tokenization in the Era of Commercial   Language Models
2305.13406,2023-12-07,DADA: Dialect Adaptation via Dynamic Aggregation of Linguistic Rules
2305.14016,2023-11-13,Target-Agnostic Gender-Aware Contrastive Learning for Mitigating Bias in   Multilingual Machine Translation
2305.13788,2023-10-30,Can Large Language Models Capture Dissenting Human Voices?
2305.13829,2023-10-25,Learning from Mistakes via Cooperative Study Assistant for Large   Language Models
2305.13833,2023-08-22,Reducing Sensitivity on Speaker Names for Text Generation from Dialogues
2305.13057,2023-10-04,Causality-Aided Trade-off Analysis for Machine Learning Fairness
2305.14182,2023-11-21,Ethics in conversation: Building an ethics assurance case for autonomous   AI-enabled voice agents in healthcare
2305.14195,2024-02-06,HumBEL: A Human-in-the-Loop Approach for Evaluating Demographic Factors   of Language Models in Human-Machine Conversations
2305.14456,2024-03-21,Having Beer after Prayer? Measuring Cultural Bias in Large Language   Models
2305.14468,2023-05-25,Run Like a Girl! Sports-Related Gender Bias in Language and Vision
2305.14291,2023-11-14,Evaluation of African American Language Bias in Natural Language   Generation
2305.14307,2023-05-24,Debiasing should be Good and Bad: Measuring the Consistency of Debiasing   Techniques in Language Models
2305.14574,2023-05-25,Detecting and Mitigating Indirect Stereotypes in Word Embeddings
2305.13862,2024-11-12,A Trip Towards Fairness: Bias and De-Biasing in Large Language Models
2305.13873,2023-08-17,Unsafe Diffusion: On the Generation of Unsafe Images and Hateful Memes   From Text-To-Image Models
2305.14384,2023-05-25,Adversarial Nibbler: A Data-Centric Challenge for Improving the Safety   of Text-to-Image Models
2305.14358,2023-05-25,Shall androids dream of genocides? How generative AI can change the   future of memorialization of mass atrocities
2305.14711,2023-11-06,Gender Biases in Automatic Evaluation Metrics for Image Captioning
2305.14610,2024-04-03,"This Land is {Your, My} Land: Evaluating Geopolitical Biases in Language   Models"
2305.14482,2023-10-26,Is a Prestigious Job the same as a Prestigious Country? A Case Study on   Multilingual Sentence Embeddings and European Countries
2305.14492,2023-10-24,Sociocultural Norm Similarities and Differences via Situational   Alignment and Explainable Textual Entailment
2305.14500,2023-05-25,Diverse Perspectives Can Mitigate Political Bias in Crowdsourced Content   Moderation
2305.14716,2023-05-25,GlobalBench: A Benchmark for Global Progress in Natural Language   Processing
2305.14735,2023-12-05,Centering the Margins: Outlier-Based Identification of Harmed   Populations in Toxicity Detection
2305.14930,2023-11-28,In-Context Impersonation Reveals Large Language Models' Strengths and   Biases
2305.14936,2023-05-25,Trade-Offs Between Fairness and Privacy in Language Modeling
2305.15407,2023-05-25,Balancing the Picture: Debiasing Vision-Language Datasets with Synthetic   Contrast Sets
2305.15425,2023-10-23,Language Model Tokenizers Introduce Unfairness Between Languages
2305.15377,2023-05-25,Uncovering and Quantifying Social Biases in Code Generation
2305.15389,2025-08-25,Comparing Humans and Models on a Similar Scale: Towards Cognitive Gender Bias Evaluation in Coreference Resolution
2305.15008,2023-05-25,Are Chatbots Ready for Privacy-Sensitive Applications? An Investigation   into Input Regurgitation and Prompt-Induced Sanitization
2305.15020,2023-10-20,An Efficient Multilingual Language Model Compression through Vocabulary   Trimming
2305.14784,2023-05-25,Anthropomorphization of AI: Opportunities and Risks
2305.14964,2023-11-16,Detecting Multidimensional Political Incivility on Social Media
2305.14965,2024-03-28,"Tricking LLMs into Disobedience: Formalizing, Analyzing, and Detecting   Jailbreaks"
2305.15239,2023-06-21,Deep Learning and Ethics
2305.15757,2023-05-26,Healing Unsafe Dialogue Responses with Weak Supervision Signals
2305.15760,2023-05-26,Svarah: Evaluating English ASR Systems on Indian Accents
2305.16051,2023-05-26,What about em? How Commercial Machine Translation Fails to Handle   (Neo-)Pronouns
2305.15534,2023-05-29,Representation Online Matters: Practical End-to-End Diversification in   Search and Recommender Systems
2305.16409,2023-06-06,Counterfactual Probing for the Influence of Affect and Specificity on   Intergroup Bias
2305.15790,2023-08-08,Maximizing Neutrality in News Ordering
2305.16253,2023-06-08,Uncovering and Categorizing Social Biases in Text-to-SQL
2305.16371,2023-05-29,INTapt: Information-Theoretic Adversarial Prompt Tuning for Enhanced   Non-Native Speech Recognition
2305.16397,2023-11-06,Are Diffusion Models Vision-And-Language Reasoners?
2305.16577,2023-05-29,Nichelle and Nancy: The Influence of Demographic Attributes and   Tokenization Length on First Name Biases
2305.16756,2023-05-31,Leveraging Domain Knowledge for Inclusive and Bias-aware Humanitarian   Response Entry Classification
2305.16765,2023-05-29,Backpack Language Models
2305.16809,2023-09-26,GenQ: Automated Question Generation to Support Caregivers While Reading   Stories with Children
2305.16637,2023-08-22,FARA: Future-aware Ranking Algorithm for Fairness Optimization
2305.16641,2023-05-29,Are Fairy Tales Fair? Analyzing Gender Bias in Temporal Narrative Event   Chains of Children's Fairy Tales
2305.16651,2023-11-15,TADA: Task-Agnostic Dialect Adapters for English
2305.16960,2023-10-31,Training Socially Aligned Language Models on Simulated Social   Interactions
2305.16935,2023-05-29,Gender Lost In Translation: How Bridging The Gap Between Languages   Affects Gender Bias in Zero-Shot Multilingual Translation
2305.16937,2023-05-29,Finspector: A Human-Centered Visual Inspection Tool for Exploring and   Comparing Biases among Foundation Models
2305.16863,2023-06-22,Controlling Learned Effects to Reduce Spurious Correlations in Text   Classifiers
2305.17174,2025-02-26,From Dogwhistles to Bullhorns: Unveiling Coded Rhetoric with Language   Models
2305.17072,2023-05-29,Stereotypes and Smut: The (Mis)representation of Non-cisgender   Identities by Text-to-Image Models
2305.16917,2023-05-29,Large Language Models Are Partially Primed in Pronoun Interpretation
2305.17267,2024-02-06,CODET: A Benchmark for Contrastive Dialectal Evaluation of Machine   Translation
2305.17131,2023-09-08,RAMP: Retrieval and Attribute-Marking Enhanced Prompting for   Attribute-Controlled Translation
2305.17696,2023-05-30,SQuARe: A Large-Scale Dataset of Sensitive Questions and Acceptable   Responses Created Through Human-Machine Collaboration
2305.17701,2023-05-31,KoSBi: A Dataset for Mitigating Social Bias Risks Towards Safer Large   Language Model Application
2305.17804,2023-05-30,Targeted Data Generation: Finding and Fixing Model Weaknesses
2305.17013,2023-05-29,D-CALM: A Dynamic Clustering-based Active Learning Approach for   Mitigating Bias
2305.18176,2023-10-13,Perceived Trustworthiness of Natural Language Generators
2305.18189,2023-05-30,Marked Personas: Using Natural Language Prompts to Measure Stereotypes   in Language Models
2305.17926,2023-08-31,Large Language Models are not Fair Evaluators
2305.17444,2023-05-30,Query-Efficient Black-Box Red Teaming via Bayesian Optimization
2305.17561,2023-05-30,Grounding Characters and Places in Narrative Texts
2305.18486,2023-07-07,A Systematic Study and Comprehensive Evaluation of ChatGPT on Benchmark   Datasets
2305.18320,2023-05-31,"Cognitive network science reveals bias in GPT-3, ChatGPT, and GPT-4   mirroring math anxiety in high-school students"
2305.18569,2024-05-07,Fairness of ChatGPT
2305.18925,2023-05-31,Investigating model performance in language identification: beyond   simple error statistics
2305.19294,2025-05-23,Investigating the Effects of Fairness Interventions Using Pointwise Representational Similarity
2305.19230,2023-06-01,Controlled Text Generation with Hidden Representation Transformations
2305.19329,2023-06-01,Mitigating Test-Time Bias for Fair Image Retrieval
2305.19409,2023-06-01,Examining risks of racial biases in NLP tools for child protective   services
2305.18855,2023-05-31,STT4SG-350: A Speech Corpus for All Swiss German Dialect Regions
2305.19474,2023-06-01,Ethical Considerations for Machine Translation of Indigenous Languages:   Giving a Voice to the Speakers
2306.00253,2023-06-05,"AfriNames: Most ASR models ""butcher"" African Names"
2305.19894,2024-02-20,Med-UniC: Unifying Cross-Lingual Medical Vision-Language Pre-Training by   Diminishing Bias
2306.00227,2024-10-28,From human-centered to social-centered artificial intelligence:   Assessing ChatGPT's impact through disruptive events
2306.00374,2023-10-04,CFL: Causally Fair Language Models Through Token-level Attribute   Controlled Generation
2306.00437,2023-06-02,Responsibility Perspective Transfer for Italian Femicide News
2306.00639,2023-10-16,Being Right for Whose Right Reasons?
2306.00905,2023-06-02,T2IAT: Measuring Valence and Stereotypical Biases in Text-to-Image   Generation
2305.19926,2024-10-07,Revisiting the Reliability of Psychological Scales on Large Language   Models
2306.00198,2023-06-02,An Invariant Learning Characterization of Controlled Text Generation
2306.00025,2023-06-02,Disentangling and Operationalizing AI Fairness at LinkedIn
2306.01117,2023-06-05,Examining the Causal Effect of First Names on Language Models: The Case   of Social Commonsense Reasoning
2306.01857,2023-06-06,Knowledge of cultural moral norms in large language models
2306.01650,2023-06-05,Fair multilingual vandalism detection system for Wikipedia
2306.01943,2023-06-06,NLPositionality: Characterizing Design Biases of Datasets and Models
2306.01985,2023-06-12,COBRA Frames: Contextual Reasoning about Effects and Harms of Offensive   Statements
2306.02294,2023-06-06,Exposing Bias in Online Communities through Large-Scale Language Models
2306.01693,2023-10-31,Fine-Grained Human Feedback Gives Better Rewards for Language Model   Training
2306.01417,2023-06-05,The Flawed Foundations of Fair Machine Learning
2306.02428,2023-06-06,"Taught by the Internet, Exploring Bias in OpenAIs GPT3"
2306.01735,2023-06-05,Multilingual Conceptual Coverage in Text-to-Image Models
2306.03423,2023-06-16,I'm Afraid I Can't Do That: Predicting Prompt Refusal in Black-Box   Generative Language Models
2306.03097,2023-06-07,Seeing Seeds Beyond Weeds: Green Teaming Generative AI for Beneficial   Uses
2306.02105,2025-06-24,Advancing African-Accented Speech Recognition: Epistemic Uncertainty-Driven Data Selection for Generalizable ASR Models
2306.03280,2023-06-07,AHA!: Facilitating AI Impact Assessment by Generating Examples of Harms
2306.03819,2025-04-04,LEACE: Perfect linear concept erasure in closed form
2306.03086,2023-06-06,Dismantling Hate: Understanding Hate Speech Trends Against NBA Athletes
2306.03503,2023-06-13,Applying Standards to Advance Upstream & Downstream Ethics in Large   Language Models
2306.03950,2023-07-10,MISGENDERED: Limits of Large Language Models in Understanding Pronouns
2306.03179,2023-06-07,Fair Patient Model: Mitigating Bias in the Patient Representation   Learned from the Electronic Health Records
2306.03907,2023-06-07,CL-UZH at SemEval-2023 Task 10: Sexism Detection through Incremental   Fine-Tuning and Multi-Task Learning with Label Descriptions
2306.03773,2023-06-07,Some voices are too common: Building fair speech recognition systems   using the Common Voice dataset
2306.04067,2023-06-08,An Empirical Analysis of Parameter-Efficient Methods for Debiasing   Pre-Trained Language Models
2306.03722,2023-06-13,Evaluating the Effectiveness of Natural Language Inference for Hate   Speech Detection in Languages with Limited Labeled Data
2306.04573,2023-06-08,"Gender, names and other mysteries: Towards the ambiguous for   gender-inclusive translation"
2306.04597,2023-06-08,Language Models Get a Gender Makeover: Mitigating Gender Bias with   Few-Shot Data Interventions
2306.03350,2023-06-07,Click: Controllable Text Generation with Sequence Likelihood Contrastive   Learning
2306.02978,2023-06-06,Which Argumentative Aspects of Hate Speech in Social Media can be   reliably identified?
2306.04424,2023-06-08,Examining Bias in Opinion Summarisation Through the Perspective of   Opinion Diversity
2306.04735,2024-03-06,Soft-prompt Tuning for Large Language Models to Evaluate Bias
2306.04308,2025-01-07,"Personality testing of Large Language Models: Limited temporal   stability, but highlighted prosociality"
2306.05307,2023-06-09,Are fairness metric scores enough to assess discrimination biases in   machine learning?
2306.04757,2023-06-16,INSTRUCTEVAL: Towards Holistic Evaluation of Instruction-Tuned Large   Language Models
2306.05228,2023-06-09,Who are CUIs Really For? Representation and Accessibility in the   Conversational User Interface Literature
2306.05240,2023-06-09,Dealing with Semantic Underspecification in Multimodal NLP
2306.05550,2023-06-12,Bias Against 93 Stigmatized Groups in Masked Language Models and   Downstream Sentiment Classification Tasks
2306.05075,2023-06-09,LCT-1 at SemEval-2023 Task 10: Pre-training and Multi-task Learning for   Sexism Detection and Classification
2306.05076,2023-06-09,DLAMA: A Framework for Curating Culturally Diverse Facts for Probing the   Knowledge of Pretrained Language Models
2306.05500,2023-06-12,Word-Level Explanations for Analyzing Bias in Text-to-Image Models
2306.05350,2024-02-15,PEFT-SER: On the Use of Parameter Efficient Transfer Learning Approaches   For Speech Emotion Recognition Using Pre-trained Speech Models
2306.05372,2023-06-09,Towards FATE in AI for Social Media and Healthcare: A Systematic Review
2306.05882,2024-03-28,"Good, but not always Fair: An Evaluation of Gender Bias for three   commercial Machine Translation Systems"
2306.04107,2024-03-12,BeMap: Balanced Message Passing for Fair Graph Neural Network
2306.05949,2025-04-08,Evaluating the Social Impact of Generative AI Systems in Systems and   Society
2306.06083,2023-06-12,Improving Fairness and Robustness in End-to-End Speech Recognition   through unsupervised clustering
2306.06086,2023-06-12,Developing Speech Processing Pipelines for Police Accountability
2306.04212,2024-03-26,Migrate Demographic Group For Fair GNNs
2306.06199,2023-06-13,Reliability Check: An Analysis of GPT-3's Response to Sensitive Topics   and Prompt Wording
2306.06135,2023-06-13,Safety and Fairness for Content Moderation in Generative Models
2306.06052,2023-06-12,Problematic Advertising and its Disparate Exposure on Facebook
2306.06826,2023-08-30,When Do Annotator Demographics Matter? Measuring the Influence of   Annotator Demographics with the POPQUORN Dataset
2306.06221,2023-06-13,Conformalizing Machine Translation Evaluation
2306.07135,2023-06-13,On the Amplification of Linguistic Bias through Unintentional   Self-reinforcement Learning by Generative Language Models -- A Perspective
2306.07415,2023-06-14,Gender-Inclusive Grammatical Error Correction through Augmentation
2306.07427,2023-06-14,Towards Fair and Explainable AI using a Human-Centered AI Approach
2306.06123,2025-07-30,Adversarial attacks and defenses in explainable artificial intelligence: A survey
2306.07152,2023-06-13,Measuring Sentiment Bias in Machine Translation
2306.06542,2023-06-13,Investigating Practices and Opportunities for Cross-functional   Collaboration around AI Fairness in Industry Practice
2306.07500,2023-06-14,Adding guardrails to advanced chatbots
2306.07951,2024-12-10,Questioning the Survey Responses of Large Language Models
2306.07377,2023-06-14,Lost in Translation: Large Language Models in Non-English Content   Analysis
2306.06598,2023-06-13,RoBERTweet: A BERT Language Model for Romanian Tweets
2306.08158,2024-08-15,Sociodemographic Bias in Language Models: A Survey and Forward Path
2306.07939,2025-09-19,Media Bias and Polarization through the Lens of a Markov Switching Latent Space Network Model
2306.08906,2023-09-12,"Participatory Research as a Path to Community-Informed, Gender-Fair   Machine Translation"
2306.09066,2023-06-16,A Bayesian approach to uncertainty in word embedding bias estimation
2306.09505,2026-02-03,Wikibio: a Semantic Resource for the Intersectional Analysis of Biographical Events
2306.08999,2023-06-16,Voting Booklet Bias: Stance Detection in Swiss Federal Communication
2306.08394,2023-06-16,Compatibility of Fairness Metrics with EU Non-Discrimination Laws:   Demographic Parity & Conditional Demographic Disparity
2306.09752,2023-06-19,Politeness Stereotypes and Attack Vectors: Gender Stereotypes in   Japanese and Korean Language Models
2306.09442,2023-10-12,"Explore, Establish, Exploit: Red Teaming Language Models from Scratch"
2306.09642,2023-06-19,Cross-Domain Toxic Spans Detection
2306.10702,2023-06-21,"A Preliminary Study of ChatGPT on News Recommendation: Personalization,   Provider Fairness, Fake News"
2306.10530,2023-06-21,Gender Bias in Transformer Models: A comprehensive survey
2306.09479,2024-05-14,Inverse Scaling: When Bigger Isn't Better
2306.10769,2023-06-21,Gender Differences in Abuse: The Case of Dutch Politicians on Twitter
2306.11247,2023-06-21,DICES Dataset: Diversity in Conversational AI Evaluation for Safety
2306.11530,2023-06-21,Intersectionality in Conversational AI Safety: How Bayesian Multilevel   Models Help Understand Diverse Perceptions of Safety
2306.11507,2023-06-21,TrustGPT: A Benchmark for Trustworthy and Responsible Large Language   Models
2306.11698,2024-02-28,DecodingTrust: A Comprehensive Assessment of Trustworthiness in GPT   Models
2306.11559,2025-03-03,The Ecological Fallacy in Annotation: Modelling Human Label Variation   goes beyond Sociodemographics
2306.11646,2023-06-21,Recent Advances in Direct Speech-to-text Translation
2306.11132,2023-06-21,Fairness-aware Message Passing for Graph Neural Networks
2306.12424,2023-12-13,VisoGender: A dataset for benchmarking gender bias in image-text pronoun   resolution
2306.13141,2023-06-30,On Hate Scaling Laws For Data-Swamps
2306.11074,2023-06-21,Simple and Fast Group Robustness by Automatic Feature Reweighting
2306.13000,2023-06-23,Apolitical Intelligence? Auditing Delphi's responses on controversial   political issues in the US
2306.12146,2023-06-22,Which Spurious Correlations Impact Reasoning in NLI Models? A Visual   Interactive Diagnosis through Data-Constrained Counterfactuals
2306.12567,2023-06-23,Evaluating Large Language Models with NeuBAROCO: Syllogistic Reasoning   Ability and Human-like Biases
2306.13675,2023-10-31,Intersectionality and Testimonial Injustice in Medical Records
2306.13213,2023-08-21,Visual Adversarial Examples Jailbreak Aligned Large Language Models
2306.13953,2023-06-27,An Analysis of Personalized Speech Recognition System Development for   the Deaf and Hard-of-Hearing
2306.13651,2023-06-30,Bring Your Own Data! Self-Supervised Evaluation for Large Language   Models
2306.14030,2023-07-21,"My Boli: Code-mixed Marathi-English Corpora, Pretrained Language Models   and Evaluation Benchmarks"
2306.14764,2023-06-29,Uncovering Political Hate Speech During Indian Election Campaign: A New   Low-Resource Dataset and Baselines
2306.15087,2024-10-21,WinoQueer: A Community-in-the-Loop Benchmark for Anti-LGBTQ+ Bias in   Large Language Models
2306.15298,2023-06-28,Gender Bias in BERT -- Measuring and Analysing Biases through Sentiment   Rating in a Realistic Downstream Classification Task
2306.15732,2023-06-29,A Weakly Supervised Classifier and Dataset of White Supremacist Language
2306.15745,2023-07-13,Identity Construction in a Misogynist Incels Forum
2306.15895,2023-10-19,Large Language Model as Attributed Training Data Generator: A Tale of   Diversity and Bias
2306.16244,2023-06-29,CBBQ: A Chinese Bias Benchmark Dataset Curated with Human-AI   Collaboration for Large Language Models
2306.16388,2024-04-15,Towards Measuring the Representation of Subjective Global Opinions in   Language Models
2306.15994,2023-06-29,Systematic analysis of the impact of label noise correction on ML   Fairness
2306.16299,2023-07-19,Social World Knowledge: Modeling and Applications
2306.17575,2023-07-03,Augmenting Holistic Review in University Admission using Natural   Language Processing for Essays and Recommendation Letters
2307.00101,2023-07-04,Queer People are People First: Deconstructing Sexual Identity   Stereotypes in Large Language Models
2306.16641,2023-06-30,The Future of AI-Assisted Writing
2307.00067,2024-11-25,Transformers in Healthcare: A Survey
2306.16900,2023-11-10,Surveying (Dis)Parities and Concerns of Compute Hungry NLP Research
2307.01370,2023-07-11,Multilingual Language Models are not Multicultural: A Case Study in   Emotion
2307.01214,2023-07-06,Automatic Counterfactual Augmentation for Robust Text Classification   Based on Word-Group Search
2307.01693,2023-07-06,Racial Bias Trends in the Text of US Legal Opinions
2307.01680,2023-07-06,Robust Hate Speech Detection in Social Media: A Cross-Dataset Empirical   Evaluation
2307.01595,2023-07-06,"Prompt Tuning Pushes Farther, Contrastive Learning Pulls Closer: A   Two-Stage Approach to Mitigate Social Biases"
2306.17828,2024-02-20,On the Cause of Unfairness: A Training Sample Perspective
2307.01503,2023-07-06,On Evaluating and Mitigating Gender Biases in Multilingual Settings
2307.02009,2023-07-06,Using Data Augmentations and VTLN to Reduce Bias in Dutch End-to-End   Speech Recognition Systems
2307.02971,2023-07-07,On the Cultural Gap in Text-to-Image Generation
2307.02726,2023-07-07,Through the Fairness Lens: Experimental Analysis and Evaluation of   Entity Matching
2307.03360,2023-07-10,Evaluating Biased Attitude Associations of Language Models in an   Intersectional Context
2307.03377,2023-07-10,"Mitigating Negative Transfer with Task Awareness for Sexism, Hate   Speech, and Toxic Language Detection"
2307.03385,2023-07-10,AI-UPV at EXIST 2023 -- Sexism Characterization Using Large Language   Models Under The Learning with Disagreements Regime
2307.03386,2023-07-10,ToxiSpanSE: An Explainable Toxicity Detection in Code Review Comments
2307.01379,2024-05-30,Shifting Attention to Relevance: Towards the Predictive Uncertainty   Quantification of Free-Form Large Language Models
2307.01900,2023-07-06,Concept-Based Explanations to Test for False Causal Relationships   Learned by Abusive Language Classifiers
2307.03109,2024-01-01,A Survey on Evaluation of Large Language Models
2307.03214,2023-07-10,PREADD: Prefix-Adaptive Decoding for Controlled Text Generation
2307.03025,2023-11-14,Style Over Substance: Evaluation Biases for Large Language Models
2307.03056,2023-07-11,Generalizing Backpropagation for Gradient-Based Interpretability
2307.03059,2023-07-24,Explorations in Subexponential non-associative non-commutative Linear   Logic (extended version)
2307.03061,2023-07-07,Learning Constrained Corner Node Trajectories of a Tether Net System for   Space Debris Capture
2307.03063,2023-07-07,Widest scales in turbulent channels
2307.03064,2023-07-07,A Journey into Matrix Analysis
2307.03065,2024-10-23,Quantum Complexity for Discrete Logarithms and Related Problems
2307.03067,2024-03-12,DeepOnto: A Python Package for Ontology Engineering with Deep Learning
2307.03068,2023-07-07,A Hybrid End-to-End Spatio-Temporal Attention Neural Network with   Graph-Smooth Signals for EEG Emotion Recognition
2307.03070,2023-07-24,Hybrid Knowledge-Data Driven Channel Semantic Acquisition and   Beamforming for Cell-Free Massive MIMO
2307.03071,2023-07-07,Querying Data Exchange Settings Beyond Positive Queries
2307.03073,2024-07-16,Proto-CLIP: Vision-Language Prototypical Network for Few-Shot Learning
2307.03077,2023-07-07,Learning Disentangled Representations in Signed Directed Graphs without   Social Assumptions
2307.03079,2024-07-02,A Robust Characterization of Nash Equilibrium
2307.03080,2023-07-07,A Map-Free LiDAR-Based System for Autonomous Navigation in Vineyards
2307.03083,2023-07-07,Predicting Opioid Use Outcomes in Minoritized Communities
2307.03084,2023-07-07,OpenDelta: A Plug-and-play Library for Parameter-efficient Adaptation of   Pre-trained Models
2307.03089,2023-07-07,Volumetric Occupancy Detection: A Comparative Analysis of Mapping   Algorithms
2307.03093,2023-07-18,"Beyond Intuition, a Framework for Applying GPs to Real-World Data"
2307.03099,2024-12-11,Overview of couplet scoring in content-focused physics assessments
2307.03101,2023-07-07,Contextual Affinity Distillation for Image Anomaly Detection
2307.03102,2024-03-25,Measurement of ambient radon progeny decay rates and energy spectra in   liquid argon using the MicroBooNE detector
2307.03103,2023-11-07,Role Engine Implementation for a Continuous and Collaborative   Multi-Robot System
2307.03104,2023-09-26,Efficient Domain Adaptation of Sentence Embeddings Using Adapters
2307.03105,2023-07-07,On Distribution-Preserving Mitigation Strategies for Communication under   Cognitive Adversaries
2307.03108,2024-04-10,DIAGNOSIS: Detecting Unauthorized Data Usages in Text-to-image Diffusion   Models
2307.03201,2024-07-30,Scaling Laws Do Not Scale
2307.03952,2023-12-29,Is ChatGPT a Good Personality Recognizer? A Preliminary Study
2307.03322,2023-07-10,BiPhone: Modeling Inter Language Phonetic Influences in Text
2307.04303,2023-07-11,Learning to Generate Equitable Text in Dialogue from Biased Training   Data
2307.04657,2023-11-08,BeaverTails: Towards Improved Safety Alignment of LLM via a   Human-Preference Dataset
2307.04761,2023-07-11,Understanding Counterspeech for Online Harm Mitigation
2307.04781,2023-08-29,Demonstrations of the Potential of AI-based Political Issue Polling
2307.04821,2023-07-12,"Amplifying Limitations, Harms and Risks of Large Language Models"
2307.05488,2023-07-13,Prototyping Theories with ChatGPT: Experiment with the Technology   Acceptance Model
2307.04964,2023-07-19,Secrets of RLHF in Large Language Models Part I: PPO
2307.05977,2023-07-13,Towards Safe Self-Distillation of Internet-Scale Text-to-Image Diffusion   Models
2307.05862,2024-04-04,Ecosystem-level Analysis of Deployed Machine Learning Reveals   Homogeneous Outcomes
2307.05532,2023-07-13,"Opening up ChatGPT: Tracking openness, transparency, and accountability   in instruction-tuned text generators"
2307.05543,2023-07-13,Typology of Risks of Generative Text-to-Image Models
2307.05578,2023-07-13,Hate Speech Detection via Dual Contrastive Learning
2307.05582,2023-07-13,DBFed: Debiasing Federated Learning Framework based on   Domain-Independent
2307.07295,2023-07-17,Towards dialect-inclusive recognition in a low-resource language: are   balanced corpora the answer?
2307.07331,2023-07-17,How Different Is Stereotypical Bias Across Languages?
2307.07645,2024-03-27,Othering and low status framing of immigrant cuisines in US restaurant   reviews and large language models
2307.08139,2023-07-18,It's All Relative: Interpretable Models for Scoring Bias in Documents
2307.08025,2023-07-18,Analysing Gender Bias in Text-to-Image Models using Object Detection
2307.08368,2023-07-18,Gender mobility in the labor market with skills-based matching models
2307.08624,2023-07-18,National Origin Discrimination in Deep-learning-powered Automated Resume   Screening
2307.07864,2024-07-11,CIDER: Context sensitive sentiment analysis for short-form text
2307.07870,2023-11-08,Large Language Models as Superpositions of Cultural Perspectives
2307.08580,2023-07-18,"The Resume Paradox: Greater Language Differences, Smaller Pay Gaps"
2307.07422,2023-07-17,Can LLMs be Good Financial Advisors?: An Initial Study in Personal   Decision Making for Optimized Outcomes
2307.07436,2023-07-17,Towards spoken dialect identification of Irish
2307.09162,2023-09-04,Unveiling Gender Bias in Terms of Profession Across LLMs: Analyzing and   Addressing Sociological Implications
2307.09209,2023-07-19,Automated Ableism: An Exploration of Explicit Disability Biases in   Sentiment and Toxicity Analysis Models
2307.08945,2023-10-02,Mitigating Label Bias via Decoupled Confident Learning
2307.09288,2023-07-20,Llama 2: Open Foundation and Fine-Tuned Chat Models
2307.09312,2024-02-23,"Multi-Modal Discussion Transformer: Integrating Text, Images and Graph   Transformers to Detect Hate Speech on Social Media"
2307.08487,2023-08-29,Latent Jailbreak: A Benchmark for Evaluating Text Safety and Output   Robustness of Large Language Models
2307.09579,2023-07-20,Understanding Multi-Turn Toxic Behaviors in Open-Domain Chatbots
2307.09705,2023-07-20,CValues: Measuring the Values of Chinese Large Language Models from   Safety to Responsibility
2307.09885,2023-07-20,Test-takers have a say: understanding the implications of the use of AI   in language tests
2307.10472,2023-07-21,Can Instruction Fine-Tuned Language Models Identify Social Bias through   Prompting?
2307.10514,2023-07-21,Building Socio-culturally Inclusive Stereotype Resources with Community   Engagement
2307.10522,2023-07-25,Gender-tuning: Empowering Fine-tuning for Debiasing Pre-trained Language   Models
2307.10200,2023-07-21,Disentangling Societal Inequality from Model Biases: Gender Inequality   in Divorce Court Proceedings
2307.10213,2023-07-21,Mitigating Bias in Conversations: A Hate Speech Classifier and Debiaser   with Prompts
2307.10223,2023-07-26,Bound by the Bounty: Collaboratively Shaping Evaluation Processes for   Queer AI Harms
2307.10189,2023-07-21,Subjective Crowd Disagreements for Subjective Data: Uncovering   Meaningful CrowdOpinion with Population-level Learning
2307.10587,2023-07-21,A Deep Dive into the Disparity of Word Error Rates Across Thousands of   NPTEL MOOC Videos
2307.08722,2023-07-19,Certifying the Fairness of KNN in the Presence of Dataset Bias
2307.09753,2023-07-20,Unmaking AI Imagemaking: A Methodological Toolkit for Critical   Investigation
2307.10312,2023-07-21,Beyond the ML Model: Applying Safety Engineering Frameworks to   Text-to-Image Development
2307.10600,2023-07-21,Challenges and Solutions in AI for All
2307.10928,2024-04-16,FLASK: Fine-grained Language Model Evaluation based on Alignment Skill   Sets
2307.11761,2023-07-25,Fairness of ChatGPT and the Role Of Explainable-Guided Prompts
2307.11298,2023-07-24,A First Look at Fairness of Machine Learning Based Code Reviewer   Recommendation
2307.12402,2023-07-25,ChatGPT and Bard Responses to Polarizing Questions
2307.12418,2024-03-20,HateModerate: Testing Hate Speech Detectors against Content Moderation   Policies
2307.11379,2023-08-14,Towards Better Fairness-Utility Trade-off: A Comprehensive   Measurement-Based Reinforcement Learning Framework
2307.12776,2024-02-19,Assessing Large Language Models' ability to predict how humans balance   self-interest and the interest of others
2307.13405,2023-07-26,Towards Bridging the Digital Language Divide
2307.12950,2024-03-19,RLCD: Reinforcement Learning from Contrastive Distillation for Language   Model Alignment
2307.12966,2023-07-25,Aligning Large Language Models with Human: A Survey
2307.12980,2023-07-25,A Systematic Survey of Prompt Engineering on Vision-Language Foundation   Models
2307.12935,2023-07-25,Rule By Example: Harnessing Logical Rules for Explainable Hate Speech   Detection
2307.12369,2025-04-29,Early Prediction of Alzheimers Disease Leveraging Symptom Occurrences   from Longitudinal Electronic Health Records of US Military Veterans
2307.12659,2024-02-13,A Model for Every User and Budget: Label-Free and Personalized   Mixed-Precision Quantization
2307.12701,2023-07-25,Leveraging Large Language Models (LLMs) for Process Mining (Technical   Report)
2307.13714,2023-07-27,Diversity and Language Technology: How Techno-Linguistic Bias Can Cause   Epistemic Injustice
2307.13912,2024-02-16,Embedding Democratic Values into Social Media AIs via Societal Objective   Functions
2307.14192,2023-07-27,"Unveiling Security, Privacy, and Ethical Concerns of ChatGPT"
2307.14324,2023-07-27,Evaluating the Moral Beliefs Encoded in LLMs
2307.13829,2023-07-27,"ARC-NLP at Multimodal Hate Speech Event Detection 2023: Multimodal   Methods Boosted by Ensemble Learning, Syntactical and Entity Features"
2307.14385,2024-01-30,Mental-LLM: Leveraging Large Language Models for Mental Health   Prediction via Online Text Data
2307.15838,2023-08-01,Holistic Survey of Privacy and Fairness in Machine Learning
2307.15217,2023-09-12,Open Problems and Fundamental Limitations of Reinforcement Learning from   Human Feedback
2307.15425,2023-07-31,"A Critical Review of Large Language Models: Sensitivity, Bias, and the   Path Toward Specialized AI"
2307.14107,2023-08-28,"Decoding ChatGPT: A Taxonomy of Existing Research, Current Challenges,   and Possible Future Directions"
2307.15043,2023-12-22,Universal and Transferable Adversarial Attacks on Aligned Language   Models
2307.16680,2025-02-07,On the Trustworthiness Landscape of State-of-the-art Generative Models:   A Survey and Outlook
2308.00071,2024-10-01,On The Role of Reasoning in the Identification of Subtle Stereotypes in   Natural Language
2308.00072,2023-08-02,How User Language Affects Conflict Fatality Estimates in ChatGPT
2307.16811,2024-04-26,DoDo Learning: DOmain-DemOgraphic Transfer in Language Models for   Detecting Abuse Targeted at Public Figures
2307.16457,2023-08-01,A Benchmark for Understanding Dialogue Safety in Mental Health Support
2308.00521,2023-08-02,SurveyLM: A platform to explore emerging value perspectives in augmented   language models' behaviors
2307.16888,2024-04-04,Backdooring Instruction-Tuned Large Language Models with Virtual Prompt   Injection
2307.16778,2024-01-26,KoBBQ: Korean Bias Benchmark for Question Answering
2308.00480,2023-08-02,On the Effects of Regional Spelling Conventions in Retrieval Models
2307.16851,2023-08-01,Towards Trustworthy and Aligned Machine Learning: A Data-centric Survey   with Causality Perspectives
2308.00225,2024-04-02,Instructed to Bias: Instruction-Tuned Language Models Exhibit Emergent   Cognitive Bias
2308.01263,2024-04-02,XSTest: A Test Suite for Identifying Exaggerated Safety Behaviours in   Large Language Models
2308.01264,2024-05-24,Exploring the psychology of LLMs' Moral and Legal Reasoning
2308.01681,2023-08-30,NBIAS: A Natural Language Processing Framework for Bias Identification   in Text
2308.00755,2023-11-16,The Bias Amplification Paradox in Text-to-Image Generation
2308.02129,2025-01-30,Auditing Yelp's Business Ranking and Review Recommendation Through the   Lens of Fairness
2308.01453,2023-08-04,The Shapes of the Fourth Estate During the Pandemic: Profiling COVID-19   News Consumption in Eight Countries
2308.02053,2024-01-10,The Unequal Opportunities of Large Language Models: Revealing   Demographic Bias through Job Recommendations
2308.03051,2023-10-25,TARJAMAT: Evaluation of Bard and ChatGPT on Machine Translation of Ten   Arabic Varieties
2308.03151,2023-08-08,Food-500 Cap: A Fine-Grained Food Caption Benchmark for Evaluating   Vision-Language Models
2308.02887,2024-05-01,The Impact of Group Membership Bias on the Quality and Fairness of   Exposure in Ranking
2308.02898,2023-08-08,Elucidate Gender Fairness in Singing Voice Transcription
2308.03313,2023-08-29,Quantifying the Impact of Large Language Models on Collective Opinion   Dynamics
2308.01923,2024-04-05,Fairness Improvement with Multiple Protected Attributes: How Far Are We?
2308.03958,2024-02-16,Simple synthetic data reduces sycophancy in large language models
2308.04265,2024-11-11,FLIRT: Feedback Loop In-context Red Teaming
2308.04346,2023-08-09,Unmasking Nationality Bias: A Study of Human Perception of Nationalities   in AI-Generated Articles
2308.04982,2023-08-10,Exploring Multilingual Text Data Distillation
2308.05374,2024-03-22,Trustworthy LLMs: a Survey and Guideline for Evaluating Large Language   Models' Alignment
2308.06354,2024-03-06,Large Language Models to Identify Social Determinants of Health in   Electronic Health Records
2308.06095,2023-08-14,Neural Conversation Models and How to Rein Them in: A Survey of Failures   and Fixes
2308.06198,2024-03-19,DIG In: Evaluating Disparities in Image Generations with Indicators for   Geographic Diversity
2308.06463,2024-03-27,GPT-4 Is Too Smart To Be Safe: Stealthy Chat with LLMs via Cipher
2308.06686,2024-10-17,TorchQL: A Programming Framework for Integrity Constraints in Machine   Learning
2308.07902,2023-08-16,Through the Lens of Core Competency: Survey on Evaluation of Large   Language Models
2308.07937,2023-08-17,Automated Testing and Improvement of Named Entity Recognition Systems
2308.08295,2024-10-14,CMD: a framework for Context-aware Model self-Detoxification
2308.08747,2025-01-07,An Empirical Study of Catastrophic Forgetting in Large Language Models   During Continual Fine-tuning
2308.08088,2023-08-17,Pro-Cap: Leveraging a Frozen Vision-Language Model for Hateful Meme   Detection
2308.08090,2024-01-19,Separate the Wheat from the Chaff: Model Deficiency Unlearning via   Parameter-Efficient Module Operation
2308.09067,2024-09-04,Contrasting Linguistic Patterns in Human and LLM-Generated News Text
2308.08774,2023-08-21,"Differential Privacy, Linguistic Fairness, and Training Data Influence:   Impossibility and Possibility Theorems for Multilingual Language Models"
2308.10149,2024-02-22,A Survey on Fairness in Large Language Models
2308.09924,2023-08-25,An Autoethnographic Case Study of Generative Artificial Intelligence's   Utility for Accessibility
2308.09662,2023-08-31,Red-Teaming Large Language Models using Chain of Utterances for   Safety-Alignment
2308.09904,2023-10-18,RAH! RecSys-Assistant-Human: A Human-Centered Recommendation Framework   with LLM Agents
2308.10684,2024-04-29,Systematic Offensive Stereotyping (SOS) Bias in Language Models
2308.10370,2023-08-28,cantnlp@LT-EDI-2023: Homophobia/Transphobia Detection in Social Media   Comments using Spatio-Temporally Retrained Language Models
2308.10397,2023-10-30,FairMonitor: A Four-Stage Automatic Framework for Detecting Stereotypes   and Biases in Large Language Models
2308.11585,2024-03-26,Causal Intersectionality and Dual Form of Gradient Descent for   Multimodal Analysis: a Case Study on Hateful Memes
2308.11596,2023-10-26,SeamlessM4T: Massively Multilingual & Multimodal Machine Translation
2308.11254,2023-08-23,A survey on bias in machine learning research
2308.12578,2023-08-25,Mind vs. Mouth: On Measuring Re-judge Inconsistency of Social Bias in   Large Language Models
2308.12539,2024-08-09,CALM : A Multi-task Benchmark for Comprehensive Assessment of Language   Model Bias
2308.12315,2023-08-31,Trustworthy Representation Learning Across Domains
2308.12014,2023-09-06,From Instructions to Intrinsic Human Values -- A Survey of Alignment   Goals for Big Models
2308.13089,2023-08-28,Towards a Holistic Approach: Understanding Sociodemographic Biases in   NLP Models using an Interdisciplinary Lens
2308.13116,2023-08-28,Sentence Embedding Models for Ancient Greek Using Multilingual Knowledge   Distillation
2308.13387,2023-09-06,Do-Not-Answer: A Dataset for Evaluating Safeguards in LLMs
2308.12488,2024-12-25,GPTEval: A Survey on Assessments of ChatGPT and GPT-4
2308.12885,2023-09-28,"Collect, Measure, Repeat: Reliability Factors for Responsible AI Data   Collection"
2308.13534,2024-06-18,"Building Trust in Conversational AI: A Comprehensive Review and Solution   Architecture for Explainable, Privacy-Aware Systems using LLMs and Knowledge   Graph"
2308.13242,2023-08-28,Optimizing Group-Fair Plackett-Luce Ranking Models for Relevance and   Ex-Post Fairness
2308.12381,2023-08-25,Inferring gender from name: a large scale performance evaluation study
2308.14049,2023-08-29,Fairness and Privacy in Voice Biometrics:A Study of Gender Influences   Using wav2vec 2.0
2308.14242,2023-08-29,The Cultural Psychology of Large Language Models: Is ChatGPT a Holistic   or Analytic Thinker?
2308.13591,2023-08-29,Queering the ethics of AI
2308.13768,2023-08-29,Adversarial Fine-Tuning of Language Models: An Iterative Optimisation   Approach for the Generation and Detection of Problematic Content
2308.14921,2023-08-30,Gender bias and stereotypes in Large Language Models
2308.14608,2023-08-30,AI in the Gray: Exploring Moderation Policies in Dialogic Large Language   Models vs. Human Answers in Controversial Topics
2308.15668,2023-08-31,"Intersectional Inquiry, on the Ground and in the Algorithm"
2308.15235,2023-08-30,PronounFlow: A Hybrid Approach for Calibrating Pronouns in Sentences
2308.14338,2023-08-29,Fair Few-shot Learning with Auxiliary Sets
2308.15556,2025-06-02,"Outgroup Animosity Has Risen for Politicians, Journalists, and a Sample of Partisan Users on Twitter and Reddit"
2308.15399,2024-07-02,Rethinking Machine Ethics -- Can LLMs Perform Moral Reasoning through   the Lens of Moral Theories?
2308.15906,2023-09-06,Is the U.S. Legal System Ready for AI's Challenges to Human Values?
2308.15334,2025-07-11,The Responsible Development of Automated Student Feedback with Generative AI
2308.15742,2023-08-31,ASTER: Automatic Speech Recognition System Accessibility Testing for   Stutterers
2308.15745,2023-08-31,Cyberbullying Detection for Low-resource Languages and Dialects: Review   of the State of the Art
2308.16549,2023-12-06,Thesis Distillation: Investigating The Impact of Bias in NLP Models on   Hate Speech Detection
2308.16705,2024-04-04,Exploring Cross-Cultural Differences in English Hate Speech Annotations:   From Dataset Construction to Analysis
2308.14683,2023-08-29,Fine-Tuning Llama 2 Large Language Models for Detecting Online Sexual   Predatory Chats and Abusive Texts
2309.00550,2023-09-04,NeMig -- A Bilingual News Collection and Knowledge Graph about Migration
2308.16149,2023-10-02,Jais and Jais-chat: Arabic-Centric Foundation and Instruction-Tuned Open   Generative Large Language Models
2308.16871,2023-09-01,The Gender-GAP Pipeline: A Gender-Aware Polyglot Pipeline for Gender   Characterisation in 55 Languages
2309.00779,2024-04-03,"Value Kaleidoscope: Engaging AI with Pluralistic Human Values, Rights,   and Duties"
2309.01288,2023-09-06,How Crowd Worker Factors Influence Subjective Annotations: A Study of   Tagging Misogynistic Hate Speech in Tweets
2309.00751,2023-09-06,Let the Models Respond: Interpreting Language Model Detoxification   Through the Lens of Prompt Dependence
2309.00770,2024-07-16,Bias and Fairness in Large Language Models: A Survey
2309.01610,2024-10-31,Fairness in Ranking under Disparate Uncertainty
2309.00952,2023-09-06,Bridge Diffusion Model: bridge non-English language-native text-to-image   diffusion model with English communities
2309.01413,2023-09-06,Hateful Messages: A Conversational Data Set of Hate Speech produced by   Adolescents on Discord
2309.01717,2024-06-05,Interdisciplinary Fairness in Imbalanced Research Proposal Topic   Inference: A Hierarchical Transformer-based Method with Selective   Interpolation
2309.01961,2023-09-12,NICE: CVPR 2023 Challenge on Zero-shot Image Captioning
2309.02550,2023-09-07,Tidying Up the Conversational Recommender Systems' Biases
2309.03175,2024-04-18,Gender-specific Machine Translation with Large Language Models
2309.02142,2025-08-28,Characteristics of ChatGPT users from Germany: implications for the digital divide from web tracking data
2309.02160,2023-09-06,Bias Propagation in Federated Learning
2309.02912,2023-09-07,On the Challenges of Building Datasets for Hate Speech Detection
2309.02914,2023-09-07,Leave no Place Behind: Improved Geolocation in Humanitarian Documents
2309.03238,2023-09-08,Implicit Design Choices and Their Impact on Emotion Recognition Model   Development and Evaluation
2309.03876,2023-09-08,OpinionGPT: Modelling Explicit Biases in Instruction-Tuned LLMs
2309.04027,2024-01-15,TIDE: Textual Identity Detection for Evaluating and Augmenting   Classification and Language Models
2309.04344,2024-02-13,Zero-Shot Robustification of Zero-Shot Models
2309.04766,2024-07-12,SeaEval for Multilingual Foundation Models: From Cross-Lingual Alignment   to Cultural Reasoning
2309.05227,2023-09-12,Detecting Natural Language Biases with Prompt-based Learning
2309.05030,2024-05-06,"Decolonial AI Alignment: Openness, Vi\'{s}e\d{s}a-Dharma, and Including   Excluded Knowledges"
2309.04997,2023-09-12,Gender Bias in Multimodal Models: A Transnational Feminist Approach   Considering Geographical Region and Culture
2309.05196,2024-07-02,Does Writing with Language Models Reduce Content Diversity?
2309.05668,2023-09-13,Studying the impacts of pre-training using ChatGPT-generated text on   downstream tasks
2309.05569,2023-09-12,ITI-GEN: Inclusive Text-to-Image Generation
2309.05589,2023-09-20,Quantitative Analysis of Forecasting Models:In the Aspect of Online   Political Bias
2309.05958,2024-02-08,The Moral Machine Experiment on Large Language Models
2309.05973,2024-01-31,Circuit Breaking: Removing Model Behaviors with Targeted Ablation
2309.05981,2023-09-13,Learning Unbiased News Article Representations: A Knowledge-Infused   Approach
2309.05088,2023-09-12,Towards Trustworthy Artificial Intelligence for Equitable Global Health
2309.06415,2024-04-02,Down the Toxicity Rabbit Hole: A Novel Framework to Bias Audit Large   Language Models
2309.06112,2023-09-13,Characterizing Latent Perspectives of Media Houses Towards Public   Figures
2309.06364,2024-02-06,Framework-Based Qualitative Analysis of Free Responses of Large Language   Models: Algorithmic Fidelity
2309.06085,2023-09-20,BHASA: A Holistic Southeast Asian Linguistic and Cultural Evaluation   Suite for Large Language Models
2309.06557,2023-09-14,Unsupervised Bias Detection in College Student Newspapers
2309.06703,2024-10-29,VLSlice: Interactive Vision-and-Language Slice Discovery
2309.06717,2024-04-10,Bias Amplification Enhances Minority Group Performance
2309.05463,2023-09-12,Textbooks Are All You Need II: phi-1.5 technical report
2309.06607,2023-09-14,An Empirical Analysis of Racial Categories in the Algorithmic Fairness   Literature
2309.06192,2023-09-19,Improving and Evaluating the Detection of Fragmentation in News   Recommendations with the Clustering of News Story Chains
2309.07251,2024-02-21,In-Contextual Gender Bias Suppression for Large Language Models
2309.07034,2024-02-09,"Sensitivity, Performance, Robustness: Deconstructing the Effect of   Sociodemographic Prompting"
2309.07045,2024-06-25,SafetyBench: Evaluating the Safety of Large Language Models
2309.07120,2023-09-14,Sight Beyond Text: Multi-Modal Training Enhances LLMs in Truthfulness   and Ethics
2309.07124,2023-10-10,RAIN: Your Language Models Can Align Themselves without Finetuning
2309.08069,2024-06-21,Connecting the Dots in News Analysis: Bridging the Cross-Disciplinary   Disparities in Media Bias and Framing
2309.07277,2023-12-22,Limitations of Face Image Generation
2309.08047,2024-06-07,"Bias in News Summarization: Measures, Pitfalls and Corpora"
2309.07875,2024-03-20,Safety-Tuned LLaMAs: Lessons From Improving the Safety of Large Language   Models that Follow Instructions
2309.08375,2024-05-21,Boosting Fair Classifier Generalization through Adaptive Priority   Reweighing
2309.07423,2023-09-15,ChatGPT MT: Competitive for High- (but not Low-) Resource Languages
2309.07445,2024-03-08,"SIB-200: A Simple, Inclusive, and Big Evaluation Dataset for Topic   Classification in 200+ Languages and Dialects"
2309.08836,2023-12-12,Bias and Fairness in Chatbots: An Overview
2309.09092,2023-09-19,The Impact of Debiasing on the Performance of Language Models in   Downstream Tasks is Underestimated
2309.08534,2023-11-16,Towards Last-layer Retraining for Group Robustness with Fewer   Annotations
2309.08565,2024-01-25,How Transferable are Attribute Controllers on Pretrained Multilingual   Translation Models?
2309.08902,2024-06-21,"Investigating Subtler Biases in LLMs: Ageism, Beauty, Institutional, and   Nationality Bias in Generative Models"
2309.08573,2024-08-12,Indian-BhED: A Dataset for Measuring India-Centric Biases in Large   Language Models
2309.08583,2024-06-18,ICLEF: In-Context Learning with Expert Feedback for Explainable Style   Transfer
2309.08591,2024-04-02,Are Multilingual LLMs Culturally-Diverse Reasoners? An Investigation   into Multicultural Proverbs and Sayings
2309.08121,2023-09-18,"""I'm Not Confident in Debiasing AI Systems Since I Know Too Little"":   Teaching AI Creators About Gender Bias Through Hands-on Tutorials"
2309.08631,2024-06-06,Large Language Models Can Infer Psychological Dispositions of Social   Media Users
2309.09397,2023-09-19,Do Large GPT Models Discover Moral Dimensions in Language   Representations? A Topological Study Of Sentence Embeddings
2309.08760,2023-09-19,Biased Attention: Do Vision Transformers Amplify Gender Bias More than   Convolutional Neural Networks?
2309.09697,2024-05-21,Evaluating Gender Bias of Pre-trained Language Models in Natural   Language Inference by Considering All Labels
2309.09825,2024-04-05,Bias of AI-Generated Content: An Examination of News Produced by Large   Language Models
2309.09833,2023-09-19,Predictive Uncertainty-based Bias Mitigation in Ranking
2309.08624,2023-09-19,Challenges in Annotating Datasets to Quantify Bias in Under-represented   Society
2309.09996,2023-09-20,Improving Speech Recognition for African American English With Audio   Classification
2309.07927,2024-05-16,Kid-Whisper: Towards Bridging the Performance Gap in Automatic Speech   Recognition for Children VS. Adults
2309.09120,2023-09-19,Public Perceptions of Gender Bias in Large Language Models: Cases of   ChatGPT and Ernie
2309.09944,2024-02-06,DiffusionWorldViewer: Exposing and Broadening the Worldview Reflected by   Generative Text-to-Image Models
2309.10780,2023-09-20,Towards affective computing that works for everyone
2309.10492,2023-09-20,An Evaluation of GPT-4 on the ETHICS Dataset
2309.10448,2025-07-08,Human-AI Interactions and Societal Pitfalls
2309.10088,2023-09-20,Analyzing the Endeavours of the Supreme Court of India to Transcribe and   Translate Court Arguments in Light of the Proposed EU AI Act
2309.10661,2023-09-21,NusaWrites: Constructing High-Quality Corpora for Underrepresented and   Extremely Low-Resource Languages
2309.11599,2024-02-27,"The Role of Inclusion, Control, and Ownership in Workplace AI-Mediated   Communication"
2309.12117,2023-09-22,How-to Guides for Specific Audiences: A Corpus and Initial Findings
2309.11575,2023-09-22,Distilling Adversarial Prompts from Safety Benchmarks: Report for the   Adversarial Nibbler Challenge
2309.12491,2023-10-03,Exploring the Impact of Training Data Distribution and Subword   Tokenization on Gender Bias in Machine Translation
2309.12583,2023-09-25,Using ChatGPT in HCI Research -- A Trioethnography
2309.12591,2025-02-21,Auditing the Compliance and Enforcement of Twitter's Advertising Policy
2309.12331,2023-09-25,"Approaches to Generative Artificial Intelligence, A Social Justice   Perspective"
2309.12342,2024-05-09,Cultural Alignment in Large Language Models: An Explanatory Analysis   Based on Hofstede's Cultural Dimensions
2309.12053,2024-04-03,"AceGPT, Localizing Large Language Models in Arabic"
2309.11896,2026-01-14,Focal Inferential Infusion Coupled with Tractable Density Discrimination for Implicit Hate Detection
2309.11998,2024-03-12,LMSYS-Chat-1M: A Large-Scale Real-World LLM Conversation Dataset
2309.13561,2023-09-26,Cordyceps@LT-EDI: Patching Language-Specific Homophobia/Transphobia   Classifiers with a Multilingual Understanding
2309.13292,2023-09-26,Beyond Fairness: Age-Harmless Parkinson's Detection via Voice
2309.13786,2024-03-07,Distribution-Free Statistical Dispersion Control for Societal   Applications
2309.14381,2023-09-27,Survey of Social Bias in Vision-Language Models
2309.14345,2025-03-24,Bias Testing and Mitigation in LLM-based Code Generation
2309.14504,2024-03-05,People's Perceptions Toward Bias and Related Concepts in Large Language   Models: A Systematic Review
2309.13933,2025-06-30,Fairness and Bias in Algorithmic Hiring: a Multidisciplinary Survey
2309.15025,2023-09-27,Large Language Model Alignment: A Survey
2309.13876,2023-10-26,Reproducing Whisper-Style Training Using an Open-Source Toolkit and   Publicly Available Data
2309.14921,2023-09-27,A Democratic Platform for Engaging with Disabled Community in Generative   AI Development
2309.14517,2024-01-18,Watch Your Language: Investigating Content Moderation with Large   Language Models
2309.16167,2023-09-29,Large Language Model Soft Ideologization via AI-Self-Consciousness
2309.15827,2023-09-28,"How We Define Harm Impacts Data Annotations: Explaining How Annotators   Distinguish Hateful, Offensive, and Toxic Comments"
2309.15991,2023-11-20,Targeted Image Data Augmentation Increases Basic Skills Captioning   Robustness
2309.16349,2024-01-17,Human Feedback is not Gold Standard
2309.17012,2024-09-26,Benchmarking Cognitive Biases in Large Language Models as Evaluators
2309.15809,2023-09-28,Fair Canonical Correlation Analysis
2309.17147,2023-10-06,Using Large Language Models for Qualitative Analysis can Introduce   Serious Bias
2309.16905,2023-10-09,Towards a Unified Framework for Adaptable Problematic Content Detection   via Continual Learning
2309.16583,2024-04-03,GPT-Fathom: Benchmarking Large Language Models to Decipher the   Evolutionary Path towards GPT-4 and Beyond
2310.00274,2023-10-03,AfriSpeech-200: Pan-African Accented Speech Dataset for Clinical and   General Domain ASR
2310.00196,2023-10-03,The Sem-Lex Benchmark: Modeling ASL Signs and Their Phonemes
2310.00566,2024-02-20,"Empowering Many, Biasing a Few: Generalist Credit Scoring through Large   Language Models"
2310.00970,2023-10-03,EALM: Introducing Multidimensional Ethical Alignment in Conversational   Information Retrieval
2310.00905,2024-06-21,All Languages Matter: On the Multilingual Safety of Large Language   Models
2310.00322,2024-07-30,Evolving Diverse Red-team Language Models in Multi-round Multi-agent   Games
2310.00892,2023-10-03,No Offense Taken: Eliciting Offensiveness from Language Models
2310.00347,2024-04-18,Unlocking Bias Detection: Leveraging Transformer-Based Models for   Content Analysis
2309.17337,2023-10-02,Toward Operationalizing Pipeline-aware ML Fairness: A Research Agenda   for Developing Practical Guidelines and Tools
2310.01138,2023-10-03,Target-Aware Contextual Political Bias Detection in News
2310.01929,2024-08-14,Navigating Cultural Chasms: Exploring and Unlocking the Cultural POV of   Text-To-Image Models
2310.01581,2023-10-04,On the Safety of Open-Sourced Large Language Models: Does Alignment   Really Prevent Them From Being Misused?
2310.01583,2023-10-04,An Investigation of Representation and Allocation Harms in Contrastive   Learning
2310.02019,2023-10-04,Towards Feasible Counterfactual Explanations: A Taxonomy Guided   Template-based NLG Method
2310.03031,2024-05-14,How Prevalent is Gender Bias in ChatGPT? -- Exploring German and English   ChatGPT Responses
2310.02357,2023-10-23,On the definition of toxicity in NLP
2310.02988,2023-10-05,Probing Intersectional Biases in Vision-Language Models with   Counterfactual Examples
2310.02446,2024-01-30,Low-Resource Languages Jailbreak GPT-4
2310.02533,2023-10-05,Quantifying and mitigating the impact of label errors on model disparity   metrics
2310.02876,2023-10-05,Hate Speech Detection in Limited Data Contexts using Synthetic Data   Generation
2310.03614,2023-10-06,Adversarial Machine Learning for Social Good: Reframing the Adversary as   an Ally
2310.02949,2023-10-05,Shadow Alignment: The Ease of Subverting Safely-Aligned Language Models
2310.04465,2023-10-10,How toxic is antisemitism? Potentials and limitations of automated   toxicity scoring for antisemitic online content
2310.04313,2023-11-14,KoMultiText: Large-Scale Korean Text Dataset for Classifying Biased   Speech in Real-World Online Services
2310.04735,2023-10-10,Investigating the Influence of Legal Case Retrieval Systems on Users'   Decision Process
2310.04529,2023-10-10,Envisioning Narrative Intelligence: A Creative Visual Storytelling   Anthology
2310.04438,2023-11-29,A Brief History of Prompt: Leveraging Language Models. (Through Advanced   Prompting)
2310.05135,2023-10-10,Are Emily and Greg Still More Employable than Lakisha and Jamal?   Investigating Algorithmic Hiring Bias in the Era of ChatGPT
2310.05280,2023-11-06,Are Personalized Stochastic Parrots More Dangerous? Evaluating Persona   Biases in Dialogue Systems
2310.05294,2023-10-10,Hi Guys or Hi Folks? Benchmarking Gender-Neutral Machine Translation   with the GeNTE Corpus
2310.05563,2023-10-10,STREAM: Social data and knowledge collective intelligence platform for   TRaining Ethical AI Models
2310.06061,2023-10-11,Auditing Gender Analyzers on Text Data
2310.05694,2025-01-28,"A Survey of Large Language Models for Healthcare: from Data, Technology,   and Applications to Accountability and Ethics"
2310.05818,2023-10-10,SC-Safety: A Multi-round Open-ended Question Adversarial Safety   Benchmark for Large Language Models in Chinese
2310.06361,2024-02-29,Anticipating Impacts: Using Large-Scale Scenario Writing to Explore   Diverse Implications of Generative AI in the News Environment
2310.06458,2024-09-04,Cultural Compass: Predicting Transfer Learning Success in Offensive   Language Detection with Cultural Features
2310.06474,2024-03-05,Multilingual Jailbreak Challenges in Large Language Models
2310.05771,2023-10-10,Foundation Models Meet Visualizations: Challenges and Opportunities
2310.06556,2023-10-11,"Gender, Age, and Technology Education Influence the Adoption and   Appropriation of LLMs"
2310.06590,2023-10-11,No Pitch Left Behind: Addressing Gender Unbalance in Automatic Speech   Recognition through Pitch Manipulation
2310.06904,2023-10-12,Mitigating stereotypical biases in text to image generative systems
2310.07251,2023-10-12,Ethical Reasoning over Moral Alignment: A Case and Framework for   In-Context Ethical Policies in LLMs
2310.06219,2023-10-11,Runtime Monitoring of Human-centric Requirements in Machine Learning   Components: A Model-driven Engineering Approach
2310.06387,2024-05-28,Jailbreak and Guard Aligned Language Models with Only Few In-Context   Demonstrations
2310.07132,2024-06-11,Risk Aware Benchmarking of Large Language Models
2310.08780,2023-10-16,"""Im not Racist but..."": Discovering Bias in the Internal Knowledge of   Large Language Models"
2310.08795,2024-06-18,Mitigating Bias for Question Answering Models by Tracking Bias Influence
2310.09219,2023-12-05,"""Kelly is a Warm Person, Joseph is a Role Model"": Gender Biases in   LLM-Generated Reference Letters"
2310.09237,2023-10-16,Evaluating Machine Perception of Indigeneity: An Analysis of ChatGPT's   Perceptions of Indigenous Roles in Diverse Scenarios
2310.08368,2023-10-13,Mapping Memes to Words for Multimodal Hateful Meme Classification
2310.08102,2023-10-13,QASiNa: Religious Domain Question Answering using Sirah Nabawiyah
2310.08122,2023-10-13,Core-sets for Fair and Diverse Data Summarization
2310.08617,2024-04-10,The Impact of Explanations on Fairness in Human-AI Decision-Making:   Protected vs Proxy Features
2310.08821,2024-09-16,Is Fact-Checking Politically Neutral? Asymmetries in How U.S.   Fact-Checking Organizations Pick Up False Statements Mentioning Political   Elites
2310.09088,2023-10-16,Dialect Transfer for Swiss German Speech Translation
2310.09675,2024-10-08,Efficient Model-Agnostic Multi-Group Equivariant Networks
2310.10310,2023-10-17,Investigating Bias in Multilingual Language Models: Cross-Lingual   Transfer of Debiasing Techniques
2310.09618,2023-10-17,Moral consensus and divergence in partisan language use
2310.09624,2023-11-14,ASSERT: Automated Safety Scenario Red Teaming for Evaluating the   Robustness of Large Language Models
2310.10571,2023-10-17,Emerging Challenges in Personalized Medicine: Assessing Demographic   Effects on Biomedical Question Answering Systems
2310.11079,2023-10-18,Learning from Red Teaming: Gender Bias Provocation and Mitigation in   Large Language Models
2310.10679,2025-08-19,Large language models can replicate cross-cultural differences in personality
2310.10865,2025-04-03,Will the Prince Get True Love's Kiss? On the Model Sensitivity to Gender   Perturbation over Fairytale Texts
2310.11053,2024-03-05,Denevil: Towards Deciphering and Navigating the Ethical Values of Large   Language Models via Instruction Learning
2310.11501,2023-10-19,CoMPosT: Characterizing and Evaluating Caricature in LLM Simulations
2310.11401,2024-04-30,Enhancing Group Fairness in Online Settings Using Oblique Decision   Forests
2310.11778,2023-11-03,Language Agents for Detecting Implicit Stereotypes in Text-to-image   Models at Scale
2310.10378,2025-05-20,Cross-Lingual Consistency of Factual Knowledge in Multilingual Language Models
2310.10399,2023-10-17,Towards Fair and Calibrated Models
2310.11867,2023-10-19,Evaluating the Fairness of Discriminative Foundation Models in Computer   Vision
2310.11753,2023-12-05,Bias in Emotion Recognition with ChatGPT
2310.12318,2023-10-20,The Sentiment Problem: A Critical Survey towards Deconstructing   Sentiment Analysis
2310.12127,2023-10-26,A Tale of Pronouns: Interpretability Informs Gender Bias Mitigation for   Fairer Instruction-Tuned Machine Translation
2310.12481,2024-02-19,Not All Countries Celebrate Thanksgiving: On the Cultural Dominance in   Large Language Models
2310.12490,2023-10-20,Co$^2$PT: Mitigating Bias in Pre-trained Language Models through   Counterfactual Contrastive Prompt Tuning
2310.11523,2024-10-16,Group Preference Optimization: Few-Shot Alignment of Large Language   Models
2310.12064,2023-10-19,Code Book for the Annotation of Diverse Cross-Document Coreference of   Entities in News Articles
2310.11986,2023-11-02,Sociotechnical Safety Evaluation of Generative AI Systems
2310.11906,2023-10-19,Rather a Nurse than a Physician -- Contrastive Explanations under   Investigation
2310.11848,2024-12-02,The Value-Sensitive Conversational Agent Co-Design Framework
2310.12751,2023-10-20,Character-level Chinese Backpack Language Models
2310.12560,2023-11-06,Fast Model Debias with Machine Unlearning
2310.13074,2024-09-25,Gender Biases in Error Mitigation by Voice Assistants
2310.12611,2023-10-20,Identifying and Adapting Transformer-Components Responsible for Gender   Bias in an English Language Model
2310.13132,2023-10-24,Better to Ask in English: Cross-Lingual Evaluation of Large Language   Models for Healthcare Queries
2310.12860,2023-10-31,Probing LLMs for hate speech detection: strengths and vulnerabilities
2310.12892,2023-10-20,A Systematic Study of Performance Disparities in Multilingual   Task-Oriented Dialogue Systems
2310.12505,2023-10-20,Attack Prompt Generation for Red Teaming and Defending Large Language   Models
2310.12800,2023-10-20,Exploring Graph Neural Networks for Indian Legal Judgment Prediction
2310.12902,2024-11-05,Experimental Narratives: A Comparison of Human Crowdsourced Storytelling   and AI Storytelling
2310.12936,2023-10-24,A Predictive Factor Analysis of Social Biases and Task-Performance in   Pretrained Masked Language Models
2310.13007,2024-05-08,A Critical Survey on Fairness Benefits of Explainable AI
2310.13228,2023-10-23,The Less the Merrier? Investigating Language Representation in   Multilingual Models
2310.13673,2023-11-01,StereoMap: Quantifying the Awareness of Human-like Stereotypes in Large   Language Models
2310.13548,2025-05-13,Towards Understanding Sycophancy in Language Models
2310.13343,2023-10-23,Challenges and Contributing Factors in the Utilization of Large Language   Models (LLMs)
2310.13985,2023-10-24,HateRephrase: Zero- and Few-Shot Reduction of Hate Intensity in Online   Posts using Large Language Models
2310.13990,2023-10-24,A Novel Information-Theoretic Objective to Disentangle Representations   for Fair Classification
2310.13863,2023-10-24,Distributionally Robust Optimization with Bias and Variance Reduction
2310.14356,2025-05-13,Semantic and Expressive Variation in Image Captions Across Languages
2310.14303,2023-11-14,Language Model Unalignment: Parametric Red-Teaming to Expose Hidden   Harms and Biases
2310.14329,2023-10-24,DiFair: A Benchmark for Disentangled Assessment of Gender Knowledge and   Bias
2310.14777,2023-10-24,Geographical Erasure in Language Generation
2310.13915,2023-10-24,"Values, Ethics, Morals? On the Use of Moral Concepts in NLP Research"
2310.14607,2024-04-04,Confronting LLMs with Traditional ML: Rethinking the Fairness of Large   Language Models in Tabular Classifications
2310.15055,2023-10-24,"Towards Conceptualization of ""Fair Explanation"": Disparate Impacts of   anti-Asian Hate Speech Explanations on Content Moderators"
2310.14422,2024-02-02,Large Language Models are biased to overestimate profoundness
2310.15337,2023-10-25,Moral Foundations of Large Language Models
2310.15135,2023-10-24,Quantifying the Dialect Gap and its Correlates Across Languages
2310.15439,2023-10-25,K-HATERS: A Hate Speech Detection Corpus in Korean with Target-Specific   Ratings
2310.15461,2024-04-12,Facilitating Self-Guided Mental Health Interventions Through   Human-Language Model Interaction: A Case Study of Cognitive Restructuring
2310.15114,2023-10-24,How To Build Competitive Multi-gender Speech Translation Models For   Controlling Speaker Gender Translation
2310.15819,2024-06-18,Generative Language Models Exhibit Social Identity Biases
2310.15752,2023-10-25,Integrating Language Models into Direct Speech Translation: An   Inference-Time Solution to Control Gender Inflection
2310.13820,2024-08-28,FERI: A Multitask-based Fairness Achieving Algorithm with Applications   to Fair Organ Transplantation
2310.13822,2024-03-05,Adversarial Attacks on Fairness of Graph Neural Networks
2310.15383,2023-10-25,GD-COMET: A Geo-Diverse Commonsense Inference Model
2310.15398,2024-04-04,"""One-Size-Fits-All""? Examining Expectations around What Constitute   ""Fair"" or ""Good"" NLG System Behaviors"
2310.14757,2023-10-24,"SuperTweetEval: A Challenging, Unified and Heterogeneous Benchmark for   Social Media NLP Research"
2310.15905,2023-10-25,Is Probing All You Need? Indicator Tasks as an Alternative to Probing   Embedding Spaces
2310.15970,2023-10-30,Accented Speech Recognition With Accent-specific Codebooks
2310.15847,2023-10-25,A Novel Method for Analysing Racial Bias: Collection of Person Level   References
2310.15848,2024-08-20,"On Responsible Machine Learning Datasets with Fairness, Privacy, and   Regulatory Norms"
2310.15852,2023-10-25,Using Artificial French Data to Understand the Emergence of Gender Bias   in Transformer Language Models
2310.16048,2023-10-25,AI Alignment and Social Choice: Fundamental Limitations and Policy   Implications
2310.16269,2023-10-26,Multilingual Coarse Political Stance Classification of Media. The   Editorial Line of a ChatGPT and Bard Newspaper
2310.16607,2023-11-14,On the Interplay between Fairness and Explainability
2310.16517,2023-10-26,OccuQuest: Mitigating Occupational Bias for Inclusive Large Language   Models
2310.16523,2023-10-26,Improving Diversity of Demographic Representation in Large Language   Models via Collective-Critiques and Self-Voting
2310.16534,2023-10-26,An Early Evaluation of GPT-4V(ision)
2310.16897,2024-02-13,Divide et Impera: Multi-Transformer Architectures for Complex NLP-Tasks
2310.17428,2023-10-27,''Fifty Shades of Bias'': Normative Ratings of Gender Bias in GPT   Generated English Text
2310.17530,2023-10-27,Evaluating Bias and Fairness in Gender-Neutral Pretrained   Vision-and-Language Models
2310.17533,2023-11-01,Decoding The Digital Fuku: Deciphering Colonial Legacies to Critically   Assess ChatGPT in Dominican Education
2310.17586,2023-10-27,"Global Voices, Local Biases: Socio-Cultural Prejudices across Languages"
2310.17750,2023-10-30,A Framework for Automated Measurement of Responsible AI Harms in   Generative AI Applications
2310.17551,2023-10-27,Unpacking the Ethical Value Alignment in Big Models
2310.17787,2023-10-30,Evaluation of large language models using an Indian language LGBTI+   lexicon
2310.18130,2023-11-09,DELPHI: Data for Evaluating LLMs' Performance in Handling Controversial   Issues
2310.18458,2023-11-14,Do Not Harm Protected Groups in Debiasing Language Representation Models
2310.18333,2023-12-18,She had Cobalt Blue Eyes: Prompt Testing to Create Aligned and   Sustainable Language Models
2310.18355,2023-10-31,Health Disparities through Generative AI Models: A Comparison Study   Using A Domain Specific large language model
2310.18679,2023-11-09,N-Critics: Self-Refinement of Large Language Models with Ensemble of   Critics
2310.18368,2023-12-13,Muslim-Violence Bias Persists in Debiased GPT Models
2310.17256,2024-04-11,fairret: a Framework for Differentiable Fairness Regularization Terms
2310.17876,2024-08-09,TarGEN: Targeted Data Generation with Large Language Models
2310.17888,2023-10-30,Large Language Models as Subpopulation Representative Models: A Review
2310.18877,2023-10-31,Pre-trained Speech Processing Models Contain Human-Like Biases that   Propagate to Speech Emotion Recognition
2310.17373,2025-06-12,Causality-Inspired Fair Representation Learning for Multimodal Recommendation
2310.18827,2023-10-31,All Things Considered: Detecting Partisan Events from News Media with   Cross-Article Comparison
2310.17687,2025-10-03,Consistent End-to-End Estimation for Counterfactual Fairness
2310.19130,2023-11-21,Women Wearing Lipstick: Measuring the Bias Between an Object and Its   Related Gender
2310.18768,2023-10-31,Crossing the Aisle: Unveiling Partisan and Counter-Partisan Events in   News Reporting
2310.19297,2023-10-31,On Measuring Fairness in Generative Models
2310.18911,2023-10-31,Uncovering Gender Bias within Journalist-Politician Interaction in   Indian Twitter
2310.18913,2024-05-30,Debiasing Algorithm through Model Adaptation
2310.19345,2023-10-31,Test Suites Task: Evaluation of Gender Fairness in MT with MuST-SHE and   INES
2310.18964,2025-05-01,LLMs and Finetuning: Benchmarking cross-domain performance for hate   speech detection
2310.18974,2023-10-31,EtiCor: Corpus for Analyzing LLMs for Etiquettes
2310.19981,2024-08-06,"'Person' == Light-skinned, Western Man, and Sexualization of Women of   Color: Stereotypes in Stable Diffusion"
2310.18590,2024-12-17,Using Early Readouts to Mediate Featural Bias in Distillation
2310.19626,2023-10-31,Transformation vs Tradition: Artificial General Intelligence (AGI) for   Arts and Humanities
2310.19567,2024-05-07,CreoleVal: Multilingual Multitask Benchmarks for Creoles
2311.00161,2023-11-02,Beyond Denouncing Hate: Strategies for Countering Implied Biases and   Stereotypes in Language
2311.00172,2023-11-02,Robust Safety Classifier for Large Language Models: Adversarial Prompt   Shield
2310.19917,2026-01-08,Unmasking Bias in AI: A Systematic Review of Bias Detection and Mitigation Strategies in Electronic Health Record-based Models
2311.00321,2023-11-23,HARE: Explainable Hate Speech Detection with Step-by-Step Reasoning
2310.20707,2024-03-07,What's In My Big Data?
2310.19736,2023-11-28,Evaluating Large Language Models: A Comprehensive Survey
2310.19740,2025-01-22,Exploring the Reliability of Large Language Models as Customized   Evaluators for Diverse NLP Tasks
2311.00203,2023-11-02,Modeling subjectivity (by Mimicking Annotator Annotation) in toxic   comment identification across diverse communities
2311.00217,2024-08-09,Can Large Language Models Capture Public Opinion about Global Warming?   An Empirical Assessment of Algorithmic Fidelity and Bias
2311.00223,2023-11-02,Is GPT Powerful Enough to Analyze the Emotions of Memes?
2311.00306,2023-11-02,Probing Explicit and Implicit Gender Bias through LLM Conditional Text   Generation
2311.00915,2023-11-03,Task-Agnostic Low-Rank Adapters for Unseen English Dialects
2311.01270,2024-02-27,People Make Better Edits: Measuring the Efficacy of LLM-Generated   Counterfactually Augmented Data for Harmful Language Detection
2311.01372,2023-11-21,Data-Augmented and Retrieval-Augmented Context Enrichment in Chinese   Media Bias Detection
2311.01016,2023-11-03,Visual Analytics for Efficient Image Exploration and User-Guided Image   Captioning
2311.01817,2023-11-06,Mitigating Framing Bias with Polarity Minimization Loss
2311.01870,2025-09-09,Multi-EuP: The Multilingual European Parliament Dataset for Analysis of Bias in Information Retrieval
2311.02049,2023-11-06,Post Turing: Mapping the landscape of LLM Evaluation
2311.02205,2023-11-09,An Introduction to Natural Language Processing Techniques and Framework   for Clinical Implementation in Radiation Oncology
2311.02294,2023-11-07,LLMs grasp morality in concept
2311.02321,2023-11-07,Identifying Context-Dependent Translations for Evaluation Set Production
2311.02242,2023-11-07,Democratic Policy Development using Collective Dialogues and AI
2311.03287,2023-11-08,Holistic Analysis of Hallucination in GPT-4V(ision): Bias and   Interference Challenges
2311.03186,2023-11-07,Model-based Counterfactual Generator for Gender Bias Mitigation
2311.03311,2023-11-07,Unraveling Downstream Gender Bias from Large Language Models: A Study on   AI Educational Writing Assistance
2311.03767,2024-11-05,Gender Inflected or Bias Inflicted: On Using Grammatical Gender Cues for   Bias Evaluation in Machine Translation
2311.02767,2023-11-07,Understanding Structured Knowledge Production: A Case Study of   Wikidata's Representation Injustice
2311.04076,2024-02-07,Do LLMs exhibit human-like response biases? A case study in survey   design
2311.02801,2023-11-07,On the Intersection of Self-Correction and Trust in Language Models
2311.02802,2023-11-17,Incorporating Worker Perspectives into MTurk Annotation Practices for   NLP
2311.03449,2023-11-08,Into the LAIONs Den: Investigating Hate in Multimodal Datasets
2311.03714,2023-11-08,Loss Balancing for Fair Supervised Learning
2311.03969,2023-11-08,Factoring Hate Speech: A New Annotation Framework to Study Hate Speech   in Social Media
2311.04287,2023-11-09,Holistic Evaluation of Text-To-Image Models
2311.04124,2023-11-08,Unveiling Safety Vulnerabilities of Large Language Models
2311.04789,2023-11-09,Determination of toxic comments and unintended model bias minimization   using Deep learning approach
2311.04020,2023-11-08,Analyzing Film Adaptation through Narrative Alignment
2311.04495,2023-11-09,Multi-label and Multi-target Sampling of Machine Annotation for   Computational Stance Detection
2311.04978,2024-04-04,On the steerability of large language models toward data-driven personas
2311.05074,2024-06-17,GRASP: A Disagreement Analysis Framework to Assess Group Associations in   Perspectives
2311.04892,2024-01-30,Bias Runs Deep: Implicit Reasoning Biases in Persona-Assigned LLMs
2311.05640,2023-11-13,FinGPT: Large Generative Models for a Small Language
2311.05436,2024-10-31,Fair Wasserstein Coresets
2311.05451,2023-11-10,All Should Be Equal in the Eyes of Language Models: Counterfactually   Aware Fair Text Generation
2311.05746,2023-11-13,Bridging the Digital Divide: Performance Variation across Socio-Economic   Factors in Vision-Language Models
2311.05374,2023-11-10,TencentLLMEval: A Hierarchical Evaluation of Real-World Capabilities for   Human-Aligned LLMs
2311.06025,2024-07-17,ChiMed-GPT: A Chinese Medical Large Language Model with Full Training   Regime and Better Alignment to Human Preferences
2311.06513,2023-11-15,Step by Step to Fairness: Attributing Societal Bias in Task-oriented   Dialogue Systems
2311.05227,2024-02-28,Kantian Deontology Meets AI Alignment: Towards Morally Grounded Fairness   Metrics
2311.06175,2023-11-13,Search-Based Fairness Testing: An Overview
2311.06899,2024-05-31,Flames: Benchmarking Value Alignment of LLMs in Chinese
2311.05915,2024-04-02,Fake Alignment: Are LLMs Really Aligned Well?
2311.07054,2024-09-26,A Study of Implicit Ranking Unfairness in Large Language Models
2311.05845,2023-11-13,Tamil-Llama: A New Tamil Language Model Based on Llama 2
2311.05866,2024-03-12,Fair Supervised Learning with A Simple Random Sampler of Sensitive   Attributes
2311.07604,2024-03-18,Finetuning Text-to-Image Diffusion Models for Fairness
2311.06737,2023-11-14,Detecting and Correcting Hate Speech in Multimodal Memes with Large   Visual Language Model
2311.07611,2023-11-15,Intentional Biases in LLM Responses
2311.07792,2023-11-15,"Western, Religious or Spiritual: An Evaluation of Moral Justification in   Large Language Models"
2311.06826,2024-01-10,Fairness Hacking: The Malicious Practice of Shrouding Unfairness in   Algorithms
2311.07682,2024-10-11,Fuse to Forget: Bias Reduction and Selective Memorization through Model   Fusion
2311.06697,2023-11-14,Trusted Source Alignment in Large Language Models
2311.07884,2024-04-02,Fair Abstractive Summarization of Diverse Perspectives
2311.08431,2023-11-28,Assuring the emotional and cultural intelligence of intelligent software   systems
2311.08472,2023-11-16,Selecting Shots for Demographic Fairness in Few-Shot Learning with Large   Language Models
2311.08481,2024-11-19,Functionality learning through specification instructions
2311.08485,2025-07-29,Automated Identification of Sexual Orientation and Gender Identity Discriminatory Texts from Issue Comments
2311.08487,2023-11-16,Alignment is not sufficient to prevent large language models from   generating harmful information: A psychoanalytic perspective
2311.08391,2023-11-15,A Material Lens on Coloniality in NLP
2311.08045,2024-06-04,Adversarial Preference Optimization: Enhancing Your Alignment via RM-LLM   Game
2311.08592,2023-12-01,AART: AI-Assisted Red-Teaming with Diverse Data Generation for New   LLM-powered Applications
2311.08836,2023-12-14,Evaluating Gender Bias in the Translation of Gender-Neutral Languages   into English
2311.08605,2024-05-14,Exploring the Jungle of Bias: Political Bias Attribution in Language   Models via Dependency Analysis
2311.07978,2025-06-10,AfroBench: How Good are Large Language Models on African Languages?
2311.09428,2023-12-07,Beyond Detection: Unveiling Fairness Vulnerabilities in Abusive Language   Models
2311.09443,2023-11-17,Subtle Misogyny Detection and Mitigation: An Expert-Annotated Dataset
2311.09447,2024-04-03,How Trustworthy are Open-Source LLMs? An Assessment under Malicious   Demonstrations Shows their Vulnerabilities
2311.08385,2024-12-17,Aligning Large Language Models with Human Opinions through Persona   Selection and Value--Belief--Norm Reasoning
2311.09086,2024-06-25,The Uli Dataset: An Exercise in Experience Led Annotation of oGBV
2311.09090,2025-05-27,Social Bias Probing: Fairness Benchmarking for Language Models
2311.09410,2025-06-26,When Large Language Models contradict humans? Large Language Models' Sycophantic Behaviour
2311.09230,2023-11-17,Evaluating and Improving Value Judgments in AI: A Scenario-Based Study   on Large Language Models' Depiction of Social Conventions
2311.09665,2024-02-19,The Wisdom of Partisan Crowds: Comparing Collective Intelligence in   Humans and LLM-based Agents
2311.09687,2023-11-17,Inducing Political Bias Allows Language Models Anticipate Partisan   Reactions to Controversies
2311.09627,2024-06-06,Mitigating Biases for Instruction-following Language Models via Bias   Neurons Elimination
2311.10266,2023-11-20,Diagnosing and Debiasing Corpus-Based Political Bias and Insults in GPT2
2311.08685,2024-04-02,Safer-Instruct: Aligning Language Models with Automated Preference Data
2311.09969,2025-01-03,Examining bias perpetuation in academic search engines: an algorithm   audit of Google and Semantic Scholar
2311.09993,2023-11-17,Generative AI for Hate Speech Detection: Evaluation and Findings
2311.09730,2025-02-18,Sociodemographic Prompting is Not Yet an Effective Approach for   Simulating Subjective Judgments with LLMs
2311.09733,2024-05-24,MOKA: Moral Knowledge Augmentation for Moral Event Extraction
2311.10395,2024-06-18,Bias A-head? Analyzing Bias in Transformer-Based Language Model   Attention Heads
2311.09473,2023-11-17,JAB: Joint Adversarial Prompting and Belief Augmentation
2311.09585,2024-03-20,LifeTox: Unveiling Implicit Toxicity in Life Advice
2311.10054,2024-10-10,"When ""A Helpful Assistant"" Is Not Really Helpful: Personas in System   Prompts Do Not Improve Performances of Large Language Models"
2311.10081,2024-03-20,DRESS: Instructing Large Vision-Language Models to Align and Interact   with Humans via Natural Language Feedback
2311.10098,2023-11-20,Automated Parliaments: A Solution to Decision Uncertainty and   Misalignment in Language Models
2311.10757,2023-11-21,How Contentious Terms About People and Cultures are Used in Linked Open   Data
2311.09834,2023-11-17,Overview of the HASOC Subtrack at FIRE 2023: Identification of Tokens   Contributing to Explicit Hate in English by Span Detection
2311.09741,2024-04-05,P^3SUM: Preserving Author's Perspective in News Summarization with   Diffusion Language Models
2311.09743,2024-05-17,Capturing Perspectives of Crowdsourced Annotators in Subjective Learning   Tasks
2311.09766,2024-06-10,LLMs as Narcissistic Evaluators: When Ego Inflates Evaluation Scores
2311.10766,2023-11-21,Value FULCRA: Mapping Large Language Models to the Multidimensional   Spectrum of Basic Human Values
2311.10781,2024-05-07,Can Language Model Moderators Improve the Health of Online Discourse?
2311.10932,2023-11-21,Cognitive bias in large language models: Cautious optimism meets   anti-Panglossian meliorism
2311.11229,2024-02-19,Causal ATE Mitigates Unintended Bias in Controlled Text Generation
2311.10223,2023-11-20,Asymptotically Fair Participation in Machine Learning Models: an Optimal   Control Perspective
2311.10236,2023-11-20,Latent Feature-based Data Splits to Improve Generalisation Evaluation: A   Hate Speech Detection Case Study
2311.11103,2023-11-21,Responsible AI Considerations in Text Summarization Research: A Review   of Current Practices
2311.11159,2023-11-21,Evaluating the Inclusiveness of Artificial Intelligence Software in   Enhancing Project Management Efficiency -- A Review
2311.12323,2023-11-22,Modeling Political Orientation of Social Media Posts: An Extended   Analysis
2311.12338,2023-11-22,A Survey on Large Language Models for Personalized and Explainable   Recommendations
2311.11829,2023-11-21,System 2 Attention (is something you might need too)
2311.12689,2023-11-22,Fair Text Classification with Wasserstein Independence
2311.13495,2023-11-23,Current Topological and Machine Learning Applications for Bias Detection   in Text
2311.13628,2024-03-29,Prompt Risk Control: A Rigorous Framework for Responsible Deployment of   Large Language Models
2311.14126,2023-11-27,Towards Auditing Large Language Models: Improving Text-based Stereotype   Detection
2311.13262,2023-11-23,The Rise of Creative Machines: Exploring the Impact of Generative AI
2311.14096,2024-09-20,Cultural Bias and Cultural Alignment of Large Language Models
2311.12537,2023-11-22,Oasis: Data Curation and Assessment System for Pretraining of Large   Language Models
2311.12560,2024-07-03,Benchmarking bias: Expanding clinical AI model card to incorporate bias   reporting of social and non-social factors
2311.12715,2026-01-14,Attacks on fairness in Federated Learning
2311.14381,2025-04-22,Potential Societal Biases of ChatGPT in Higher Education: A Scoping   Review
2311.13892,2024-01-26,General Phrase Debiaser: Debiasing Masked Language Models at a   Multi-Token Level
2311.14788,2023-11-28,Evaluating Large Language Models through Gender and Racial Stereotypes
2311.14677,2023-11-28,Filter bubbles and affective polarization in user-personalized large   language model outputs
2311.14685,2023-11-28,Comprehensive Assessment of Toxicity in ChatGPT
2311.15108,2024-02-13,Leveraging Diffusion Perturbations for Measuring Fairness in Computer   Vision
2311.14703,2023-11-28,ChatGPT Exhibits Gender and Racial Biases in Acute Coronary Syndrome   Management
2311.14226,2023-11-27,Uncovering Gender Stereotypes in Video Game Character Designs: A   Multi-Modal Analysis of Honor of Kings
2311.14966,2023-11-28,Walking a Tightrope -- Evaluating Large Language Models in High-Risk   Domains
2311.15804,2023-11-28,Voice Anonymization for All -- Bias Evaluation of the Voice Privacy   Challenge Baseline System
2311.13937,2023-11-27,Exploring Methods for Cross-lingual Text Style Transfer: The Case of   Text Detoxification
2311.16153,2023-11-30,Identifying and Mitigating Vulnerabilities in LLM-Integrated   Applications
2311.16421,2024-06-21,CDEval: A Benchmark for Measuring the Cultural Dimensions of Large   Language Models
2311.16362,2023-11-29,Reducing Gender Bias in Machine Translation through Counterfactual Data   Generation
2311.16087,2023-11-28,DUnE: Dataset for Unified Editing
2311.15294,2023-11-28,A Study of Partisan News Sharing in the Russian invasion of Ukraine
2311.17315,2024-03-26,Explaining CLIP's performance disparities on data from blind/low vision   users
2311.16639,2024-09-06,Positioning Political Texts with Large Language Models by Asking and   Averaging
2311.17780,2023-11-30,$Q_{bias}$ -- A Dataset on Media Bias in Search Queries and Query   Suggestions
2311.17676,2023-11-30,Improving Minority Stress Detection with Emotions
2311.16905,2025-06-03,LLM generated responses to mitigate the impact of hate speech
2311.17259,2023-12-05,SoUnD Framework: Analyzing (So)cial Representation in (Un)structured   (D)ata
2311.16865,2023-11-29,A Benchmark for Evaluating Machine Translation Metrics on Dialects   Without Standard Orthography
2311.17216,2024-03-29,Self-Discovering Interpretable Diffusion Latent Directions for   Responsible Text-to-Image Generation
2311.17695,2024-03-07,Fair Text-to-Image Diffusion via Fair Mapping
2311.18140,2023-12-01,ROBBIE: Robust Bias Evaluation of Large Generative Language Models
2311.18580,2024-12-24,"FFT: Towards Harmlessness Evaluation and Analysis for LLMs with   Factuality, Fairness, Toxicity"
2311.17627,2025-08-08,Invisible Women in Digital Diplomacy: A Multidimensional Framework for Online Gender Bias Against Women Ambassadors Worldwide
2311.18215,2023-12-01,Automatic Construction of a Korean Toxic Instruction Dataset for Ethical   Tuning of Large Language Models
2311.18812,2023-12-01,What Do Llamas Really Think? Revealing Preference Biases in Language   Model Representations
2312.00053,2023-12-04,Anti-Sexism Alert System: Identification of Sexist Comments on Social   Media Using AI Techniques
2311.17391,2023-11-30,Unveiling the Implicit Toxicity in Large Language Models
2311.18711,2024-10-02,"Women Are Beautiful, Men Are Leaders: Gender Stereotypes in Machine   Translation and Language Modeling"
2312.00434,2023-12-04,PEFTDebias : Capturing debiasing information using PEFTs
2312.00554,2023-12-04,Questioning Biases in Case Judgment Summaries: Legal Datasets or Large   Language Models?
2312.00168,2023-12-08,Navigating News Narratives: A Media Bias Analysis Dataset
2312.00194,2023-12-04,Robust Concept Erasure via Kernelized Rate-Distortion Maximization
2311.18345,2024-07-24,Situating the social issues of image generation models in the model life   cycle: a sociotechnical approach
2312.00798,2024-01-02,A Turing Test: Are AI Chatbots Behaviorally Similar to Humans?
2312.00805,2023-12-05,Gender inference: can chatGPT outperform common commercial tools?
2312.00825,2024-04-11,SocialCounterfactuals: Probing and Mitigating Intersectional Social   Biases in Vision-Language Models with Counterfactual Examples
2312.00292,2025-07-08,SEPSIS: I Can Catch Your Lies -- A New Paradigm for Deception Detection
2312.00738,2024-07-02,SeaLLMs -- Large Language Models for Southeast Asia
2312.01509,2023-12-05,Tackling Bias in Pre-trained Language Models: Current Trends and   Under-represented Societies
2312.01180,2023-12-05,A Comparative Analysis of Text-to-Image Generative AI Models in   Scientific Contexts: A Case Study on Nuclear Power
2312.01261,2024-07-18,TIBET: Identifying and Evaluating Biases in Text-to-Image Generative   Models
2312.01006,2023-12-05,Dual-Teacher De-biasing Distillation Framework for Multi-domain Fake   News Detection
2312.01398,2023-12-05,Towards Mitigating Perceived Unfairness in Contracts from a Non-Legal   Stakeholder's Perspective
2312.01787,2023-12-05,Developing Linguistic Patterns to Mitigate Inherent Human Bias in   Offensive Language Detection
2312.00765,2023-12-04,Explaining Knock-on Effects of Bias Mitigation
2312.01648,2024-07-12,Characterizing Large Language Model Geometry Helps Solve Toxicity   Detection and Generation
2312.01818,2025-01-17,Hybrid Approaches for Moral Value Alignment in AI Agents: a Manifesto
2312.02119,2024-11-01,Tree of Attacks: Jailbreaking Black-Box LLMs Automatically
2312.02065,2023-12-05,Know Your Audience: Do LLMs Adapt to Different Age and Education Levels?
2312.02401,2024-11-07,Enhancing Content Moderation with Culturally-Aware Models
2312.03027,2024-08-13,Stable Diffusion Exposed: Gender Bias from Prompt to Image
2312.03330,2023-12-07,Measuring Misogyny in Natural Language Generation: Preliminary Results   from a Case Study on two Reddit Communities
2312.03151,2024-03-01,Multitask Learning Can Improve Worst-Group Outcomes
2312.03689,2023-12-07,Evaluating and Mitigating Discrimination in Language Model Decisions
2312.03077,2023-12-07,Clinical Notes Reveal Physician Fatigue
2312.03710,2023-12-08,Don't Overlook the Grammatical Gender: Bias Evaluation for Hindi-English   Machine Translation
2312.03726,2023-12-08,Interpretation modeling: Social grounding of sentences by reasoning over   their implicit moral judgments
2312.03727,2023-12-08,Content-Localization based System for Analyzing Sentiment and Hate   Behaviors in Low-Resource Dialectal Arabic: English to Levantine and Gulf
2312.03750,2024-01-09,Analyzing the Impact of Fake News on the Anticipated Outcome of the 2024   Election Ahead of Time
2312.04231,2023-12-08,Adventures of Trustworthy Vision-Language Models: A Survey
2312.03905,2024-01-30,A Pseudo-Semantic Loss for Autoregressive Models with Logical   Constraints
2312.02592,2024-06-21,FRAPPE: A Group Fairness Framework for Post-Processing Everything
2312.03867,2024-05-28,Multi-Group Fairness Evaluation via Conditional Value-at-Risk Testing
2312.03886,2024-09-04,On The Fairness Impacts of Hardware Selection in Machine Learning
2312.05187,2023-12-11,Seamless: Multilingual Expressive and Streaming Speech Translation
2312.04810,2023-12-21,RS-Corrector: Correcting the Racial Stereotypes in Latent Diffusion   Models
2312.05662,2023-12-13,Understanding the Effect of Model Compression on Social Bias in Large   Language Models
2312.06056,2023-12-12,METAL: Metamorphic Testing Framework for Analyzing Large-Language Model   Qualities
2312.05467,2023-12-12,Textual Toxicity in Social Media: Understanding the Bangla Toxic   Language Expressed in Facebook Comment
2312.05671,2023-12-12,Hate Speech and Offensive Content Detection in Indo-Aryan Languages: A   Battle of LSTM and Transformers
2312.06270,2025-02-13,"Testing Correctness, Fairness, and Robustness of Speech Emotion   Recognition Models"
2312.06499,2024-10-17,TaCo: Targeted Concept Erasure Prevents Non-Linear Classifiers From   Detecting Protected Attributes
2312.06315,2023-12-12,GPTBIAS: A Comprehensive Framework for Evaluating Bias in Large Language   Models
2312.06652,2023-12-12,Building Domain-Specific LLMs Faithful To The Islamic Worldview: Mirage   or Technical Possibility?
2312.06861,2023-12-13,Disentangling Perceptions of Offensiveness: Cultural and Moral   Correlates
2312.07141,2024-11-20,Multilingual large language models leak human stereotypes across   language boundaries
2312.06122,2023-12-12,GTA: Gated Toxicity Avoidance for LM Performance Preservation
2312.06149,2024-10-07,Unlocking Anticipatory Text Generation: A Constrained Approach for Large   Language Models Decoding
2312.06674,2023-12-13,Llama Guard: LLM-based Input-Output Safeguard for Human-AI Conversations
2312.05503,2023-12-12,Aligner: One Global Token is Worth Millions of Parameters When Aligning   Large Language Models
2312.06074,2023-12-12,A Vision for Operationalising Diversity and Inclusion in AI
2312.07420,2023-12-13,FairSISA: Ensemble Post-Processing to Improve Fairness of Unlearning in   LLMs
2312.07492,2023-12-29,SocialStigmaQA: A Benchmark to Uncover Stigma Amplification in   Generative Language Models
2312.07228,2024-01-31,Toxic language detection: a systematic review of Arabic datasets
2312.07833,2023-12-14,Stable Rivers: A Case Study in the Application of Text-to-Image   Generative Models for Earth Sciences
2312.07779,2023-12-14,"Tell, don't show: Declarative facts influence how LLMs generalize"
2312.06979,2023-12-13,On the notion of Hallucinations from the lens of Bias and Validity in   Synthetic CXR Images
2312.08559,2023-12-15,Fair Active Learning in Low-Data Regimes
2312.09536,2023-12-18,Riveter: Measuring Power and Social Dynamics Between Entities
2312.09626,2023-12-18,Exploring Gender Disparities in Bumble's Match Recommendations
2312.09917,2023-12-18,Red AI? Inconsistent Responses from GPT3.5 Models on Political Issues in   the US and China
2312.09402,2025-01-07,CERN for AI: A Theoretical Framework for Autonomous Simulation-Based   Artificial Intelligence Testing and Alignment
2312.10075,2023-12-19,Assessing LLMs for Moral Value Pluralism
2312.10065,2023-12-19,Exploring Social Bias in Downstream Applications of Text-to-Image   Foundation Models
2312.10833,2025-01-29,"AI Gender Bias, Disparities, and Fairness: Does Training Data Matter?"
2312.10665,2023-12-19,Silkie: Preference Distillation for Large Visual Language Models
2312.10396,2024-06-04,How Far Can Fairness Constraints Help Recover From Biased Data?
2312.10128,2025-09-03,An Information-Flow Perspective on Algorithmic Fairness
2312.11779,2024-04-09,Tokenization Matters: Navigating Data-Scarce Tokenization for Gender   Inclusive Language Technologies
2312.10524,2023-12-19,Comprehensive Evaluation of ChatGPT Reliability Through Multilingual   Inquiries
2312.10528,2023-12-19,"Cross-Linguistic Offensive Language Detection: BERT-Based Analysis of   Bengali, Assamese, & Bodo Conversational Hateful Content from Social Media"
2312.11870,2023-12-20,A Revisit of Fake News Dataset with Augmented Fact-checking by ChatGPT
2312.11803,2024-01-25,NLP for Maternal Healthcare: Perspectives and Guiding Principles in the   Age of LLMs
2312.11703,2023-12-20,Shaping Political Discourse using multi-source News Summarization
2312.12651,2024-07-18,Toxic Bias: Perspective API Misreads German as More Toxic
2312.11525,2023-12-20,"Synocene, Beyond the Anthropocene: De-Anthropocentralising   Human-Nature-AI Interaction"
2312.12321,2024-05-20,Bypassing the Safety Training of Open-Source LLMs with Priming Attacks
2312.12727,2023-12-21,Black Content Creators' Responses and Resistance Strategies on TikTok
2312.11299,2024-08-30,Uncertainty-based Fairness Measures
2312.12736,2024-07-04,Learning and Forgetting Unsafe Examples in Large Language Models
2312.13053,2023-12-21,Quantifying Bias in Text-to-Image Generative Models
2312.13096,2023-12-21,In Generative AI we Trust: Can Chatbots Effectively Verify Political   Information?
2312.12604,2024-07-16,An empirical study of testing machine learning in the wild
2312.13193,2023-12-21,"HCDIR: End-to-end Hate Context Detection, and Intensity Reduction model   for online comments"
2312.14106,2024-11-11,Learning Human-like Representations to Enable Learning Human Values
2312.14769,2024-01-01,Large Language Model (LLM) Bias Index -- LLMBI
2312.15181,2023-12-27,Multilingual Bias Detection and Mitigation for Indian Languages
2312.15198,2024-10-17,Do LLM Agents Exhibit Social Behavior?
2312.15040,2023-12-27,Towards Detecting Cascades of Biased Medical Claims on Twitter
2312.14440,2024-07-18,Asymmetric Bias in Text-to-Image Generation with Adversarial Attacks
2312.15398,2023-12-27,Fairness-Aware Structured Pruning in Transformers
2312.15478,2025-12-04,A Group Fairness Lens for Large Language Models
2312.14804,2025-01-08,Using large language models to promote health equity
2312.16070,2024-08-02,Can ChatGPT Read Who You Are?
2312.15099,2024-07-03,Moderating New Waves of Online Hate with Chain-of-Thought Reasoning in   Large Language Models
2312.16148,2024-01-12,The Media Bias Taxonomy: A Systematic Literature Review on the Forms and   Automated Detection of Media Bias
2312.16291,2024-06-05,Observable Propagation: Uncovering Feature Vectors in Transformers
2312.15907,2023-12-27,Align on the Fly: Adapting Chatbot Behavior to Established Norms
2312.15997,2024-07-04,Aligning Large Language Models with Human Preferences through   Representation Engineering
2312.17256,2025-02-18,From Bytes to Biases: Investigating the Cultural Self-Perception of   Large Language Models
2312.16755,2023-12-29,Graph Neural Networks for Antisocial Behavior Detection on Twitter
2401.00210,2024-01-02,The Problem of Alignment
2312.17704,2024-01-01,TuPy-E: detecting hate speech in Brazilian Portuguese social media with   a novel dataset and comprehensive analysis of models
2312.17292,2024-01-01,Effect of dimensionality change on the bias of word embeddings
2401.01262,2024-01-04,Fairness Certification for Natural Language Processing and Large   Language Models
2401.00763,2024-08-21,"New Job, New Gender? Measuring the Social Bias in Image Generation   Models"
2401.00287,2024-01-02,The Art of Defending: A Systematic Evaluation and Analysis of LLM   Defense Strategies on Safety and Over-Defensiveness
2401.01523,2025-03-03,GOAT-Bench: Safety Insights to Large Multimodal Models through   Meme-Based Social Abuse
2401.01055,2024-01-15,LLaMA Beyond English: An Empirical Study on Language Capability Transfer
2401.01967,2024-01-05,A Mechanistic Understanding of Alignment Algorithms: A Case Study on DPO   and Toxicity
2401.01814,2024-01-04,Large Language Models Relearn Removed Concepts
2401.03030,2024-01-09,Exploring Gender Biases in Language Patterns of Human-Conversational   Agent Conversations
2401.03346,2024-01-09,An Investigation of Large Language Models for Real-World Hate Speech   Detection
2401.03677,2024-01-09,Overview of the 2023 ICON Shared Task on Gendered Abuse Detection in   Indic Languages
2401.04057,2024-08-31,Unveiling Bias in Fairness Evaluations of Large Language Models: A   Critical Literature Review of Music and Movie Recommendation Systems
2401.04531,2024-08-05,MERA: A Comprehensive LLM Evaluation in Russian
2401.04972,2024-07-15,Whose wife is it anyway? Assessing bias against same-gender   relationships in machine translation
2401.05561,2024-10-01,TrustLLM: Trustworthiness in Large Language Models
2401.05778,2024-01-12,"Risk Taxonomy, Mitigation, and Assessment Benchmarks of Large Language   Model Systems"
2401.05632,2024-12-10,Natural Language Processing for Dialects of a Language: A Survey
2401.05655,2024-01-12,"Unveiling the Tapestry of Automated Essay Scoring: A Comprehensive   Investigation of Accuracy, Fairness, and Generalizability"
2401.05377,2024-05-07,The impact of generative artificial intelligence on socioeconomic   inequalities and policy making
2401.05060,2024-06-28,MuTox: Universal MUltilingual Audio-based TOXicity Dataset and Zero-shot   Detector
2401.06310,2024-07-16,ViSAGe: A Global-Scale Analysis of Visual Stereotypes in Text-to-Image   Generation
2401.06495,2024-01-15,An investigation of structures responsible for gender bias in BERT and   DistilBERT
2401.06526,2025-05-06,MetaHate: A Dataset for Unifying Efforts on Hate Speech Detection
2401.06408,2024-06-24,AboutMe: Using Self-Descriptions in Webpages to Document the Effects of   English Pretraining Data Filters
2401.06947,2024-01-17,Parameter-Efficient Detoxification with Contrastive Decoding
2401.06935,2024-10-07,MiTTenS: A Dataset for Evaluating Gender Mistranslation
2401.05998,2024-01-12,Combating Adversarial Attacks with Multi-Agent Debate
2401.07103,2024-06-13,Leveraging Large Language Models for NLG Evaluation: Advances and   Challenges
2401.06373,2024-01-25,How Johnny Can Persuade LLMs to Jailbreak Them: Rethinking Persuasion to   Challenge AI Safety by Humanizing LLMs
2401.06375,2024-01-15,Cognitive BPM as an Equalizer: Improving Access and Efficiency for   Employees with (and without) Cognitive Disabilities
2401.08212,2024-04-16,Human vs. LMMs: Exploring the Discrepancy in Emoji Interpretation and   Usage in Digital Communication
2401.06091,2025-01-15,A Closer Look at AUROC and AUPRC under Class Imbalance
2401.06102,2024-06-10,Patchscopes: A Unifying Framework for Inspecting Hidden Representations   of Language Models
2401.07598,2024-07-23,MAPLE: Multilingual Evaluation of Parameter Efficient Finetuning of   Large Language Models
2401.08097,2024-08-02,Fairness Concerns in App Reviews: A Study on AI-based Mobile Apps
2401.08572,2024-02-06,The illusion of artificial inclusion
2401.07810,2024-01-17,Consolidating Strategies for Countering Hate Speech Using Persuasive   Dialogues
2401.07928,2024-01-17,A Lexicon for Studying Radicalization in Incel Communities
2401.08495,2024-04-29,"Large Language Models Portray Socially Subordinate Groups as More   Homogeneous, Consistent with a Bias Observed in Humans"
2401.08511,2024-01-17,The Gaps between Pre-train and Downstream Settings in Bias Evaluation   and Debiasing
2401.09333,2025-09-30,Machines Do See Color: A Guideline to Classify Different Forms of Racist Discourse in Large Corpora
2401.08993,2024-01-18,Estimating Gender Completeness in Wikipedia
2401.09044,2024-01-18,Algorithmic amplification of biases on Google Search
2401.10545,2024-07-08,"Understanding Biases in ChatGPT-based Recommender Systems: Provider   Fairness, Temporal Stability, and Recency"
2401.10016,2024-01-19,Gender Bias in Machine Translation and The Era of Large Language Models
2401.09512,2026-01-16,MLAAD: The Multi-Language Audio Anti-Spoofing Dataset
2401.09647,2024-05-24,Large Language Models Help Reveal Unhealthy Diet and Body Concerns in   Online Eating Disorders Communities
2401.10352,2024-02-05,Bridging Cultural Nuances in Dialogue Agents through Cultural Value   Surveys
2401.10535,2024-01-22,"The ""Colonial Impulse"" of Natural Language Processing: An Audit of   Bengali Sentiment Analysis Tools and Their Identity-based Biases"
2401.11033,2024-04-04,FAIR Enough: How Can We Develop and Assess a FAIR-Compliant Dataset for   Large Language Models' Training?
2401.11021,2024-03-19,Analysis and Detection of Multilingual Hate Speech Using Transformer   Based Deep Learning
2401.10629,2025-02-25,A Critical Reflection on the Use of Toxicity Detection Algorithms in   Proactive Content Moderation Systems
2401.10647,2024-05-17,"Sowing the Wind, Reaping the Whirlwind: The Impact of Editing Language   Models"
2401.10653,2024-01-22,Attentive Fusion: A Transformer-based Approach to Multimodal Hate Speech   Detection
2401.10841,2024-01-25,Using LLMs to discover emerging coded antisemitic hate-speech in   extremist social media
2401.11194,2025-02-28,"WEIRD Audits? Research Trends, Linguistic and Geographical Disparities   in the Algorithm Audits of Online Platforms -- A Systematic Literature Review"
2401.11601,2024-01-23,Robust Evaluation Measures for Evaluating Social Biases in Masked   Language Models
2401.11487,2024-01-23,Towards Better Inclusivity: A Diverse Tweet Corpus of English Varieties
2401.09566,2024-01-22,Aligning Large Language Models with Counterfactual DPO
2401.11663,2024-01-23,"""I Got Flagged for Supposed Bullying, Even Though It Was in Response to   Someone Harassing Me About My Disability."": A Study of Blind TikTokers'   Content Moderation Experiences"
2401.11201,2024-01-23,Navigating the Thin Line: Examining User Behavior in Search to Detect   Engagement and Backfire Effects
2401.11206,2024-01-23,InferAligner: Inference-Time Alignment for Harmlessness through   Cross-Model Guidance
2401.11699,2024-01-23,Dissecting Bias of ChatGPT in College Major Recommendations
2401.12273,2024-07-11,The Ethics of Interaction: Mitigating Security Threats in LLMs
2401.12915,2024-01-24,Red Teaming Visual Language Models
2401.13165,2024-03-13,Misgendering and Assuming Gender in Machine Translation when Working   with Low-Resource Languages
2401.12941,2024-01-24,Multicultural Name Recognition For Previously Unseen Names
2401.13136,2024-01-25,The Language Barrier: Dissecting Safety Challenges of LLMs in   Multilingual Contexts
2401.12985,2024-01-30,The Effect of Human v/s Synthetic Test Data and Round-tripping on   Assessment of Sentiment Analysis Systems for Bias
2401.12720,2024-01-24,A Comprehensive View of the Biases of Toxicity and Sentiment Analysis   Methods Towards Utterances with African American English Expressions
2401.13079,2024-01-25,No AI After Auschwitz? Bridging AI and Memory Ethics in the Context of   Information Retrieval of Genocide-Related Information
2401.13434,2024-01-25,Query Exposure Prediction for Groups of Documents in Rankings
2401.13867,2024-09-18,Unmasking and Quantifying Racial Bias of Large Language Models in   Medical Report Generation
2401.14362,2025-05-12,The Typing Cure: Experiences with Large Language Model Chatbots for Mental Health Support
2401.14681,2024-02-16,MasonTigers@LT-EDI-2024: An Ensemble Approach Towards Detecting   Homophobia and Transphobia in Social Media Comments
2401.14698,2024-01-31,Under the Surface: Tracking the Artifactuality of LLM-Generated Data
2401.14523,2024-01-29,Empathy and the Right to Be an Exception: What LLMs Can and Cannot Do
2401.15498,2024-10-07,Do We Need Language-Specific Fact-Checking Models? The Case of Chinese
2401.15499,2024-09-13,Semantic Properties of cosine based bias scores for word embeddings
2401.15585,2024-01-30,Evaluating Gender Bias in Large Language Models via Chain-of-Thought   Prompting
2401.14935,2024-01-29,Appropriateness of LLM-equipped Robotic Well-being Coach Language in the   Workplace: A Qualitative Evaluation
2401.15439,2024-02-20,Pre-training and Diagnosing Knowledge Base Completion Models
2401.15535,2024-01-30,Quantifying Stereotypes in Language
2401.15479,2024-11-28,Navigating the Post-API Dilemma | Search Engine Results Pages Present a   Biased View of Social Media Data
2401.15241,2024-06-14,Unlearning Traces the Influential Training Data of Language Models
2401.15378,2025-12-10,Improving LLM Reliability with RAG in Religious Question-Answering: MufassirQAS
2401.14616,2024-01-29,Alternative Speech: Complementary Method to Counter-Narrative for Better   Discourse
2401.14425,2024-01-29,No Longer Trending on Artstation: Prompt Analysis of Generative AI Art
2401.15798,2024-01-30,UnMASKed: Quantifying Gender Biases in Masked Language Models through   Linguistically Informed Job Market Prompts
2401.16558,2024-01-31,"Diverse, but Divisive: LLMs Can Exaggerate Gender Differences in Opinion   Related to Harms of Misinformation"
2401.16092,2025-06-03,Multilingual Text-to-Image Generation Magnifies Gender Stereotypes and Prompt Engineering May Not Help You
2401.16332,2025-05-28,Tradeoffs Between Alignment and Helpfulness in Language Models with Steering Methods
2401.16727,2024-10-31,Recent Advances in Hate Speech Moderation: Multimodality and the Role of   Large Models
2401.16748,2024-01-31,Detecting Racist Text in Bengali: An Ensemble Deep Learning Framework
2401.15641,2024-06-04,PRE: A Peer Review Based Large Language Model Evaluator
2401.14893,2024-05-15,A structured regression approach for evaluating model performance across   intersectional subgroups
2401.16457,2024-02-20,Effective Controllable Bias Mitigation for Classification and Retrieval   using Gate Adapters
2401.16313,2024-01-30,Machine Translation Meta Evaluation through Translation Accuracy   Challenge Sets
2401.17839,2024-02-01,Global-Liar: Factuality of LLMs over Time and Geographic Regions
2401.17703,2024-02-01,WSC+: Enhancing The Winograd Schema Challenge Using Tree-of-Experts
2401.16656,2024-01-31,Gradient-Based Language Model Red Teaming
2402.00402,2024-02-02,Investigating Bias Representations in Llama 2 Chat via Activation   Steering
2402.00322,2024-02-02,Bias in Opinion Summarisation from Pre-training to Adaptation: A Case   Study in Political Bias
2402.00446,2024-02-02,Improving Dialog Safety using Socially Aware Contrastive Learning
2401.18028,2024-05-22,Evaluating the Capabilities of LLMs for Supporting Anticipatory Impact   Assessment
2401.17228,2024-05-28,Morality is Non-Binary: Building a Pluralist Moral Sentence Embedding   Space using Contrastive Learning
2402.00955,2024-08-06,FairEHR-CLP: Towards Fairness-Aware Clinical Predictions with   Contrastive Learning in Multimodal Electronic Health Records
2402.00345,2024-02-08,IndiVec: An Exploration of Leveraging Large Language Models for Media   Bias Detection with Fine-Grained Bias Indicators
2402.00357,2024-06-21,Safety of Multimodal Large Language Models on Images and Texts
2401.17633,2024-02-01,Navigating the OverKill in Large Language Models
2402.01438,2024-02-05,Exploring the Effect of Multiple Natural Languages on Code Suggestion   Using GitHub Copilot
2401.16638,2024-01-31,Breaking Free Transformer Models: Task-specific Context Attribution   Promises Improved Generalizability Without Fine-tuning Pre-trained LLMs
2402.01071,2024-12-03,Chameleon: Foundation Models for Fairness-aware Multi-modal Data   Augmentation to Enhance Coverage of Minorities
2402.01651,2024-02-06,Informed AI Regulation: Comparing the Ethical Frameworks of Leading LLM   Chatbots Using an Ethics-Based Audit to Assess Moral Reasoning and Normative   Values
2402.01002,2024-11-22,AI-generated faces influence gender stereotypes and racial   homogenization
2402.01535,2024-02-15,An Empirical Analysis of Diversity in Argument Summarization
2402.00711,2024-09-12,Explaining Text Classifiers with Counterfactual Representations
2402.01715,2024-02-06,ChatGPT vs Gemini vs LLaMA on Multilingual Sentiment Analysis
2402.01732,2024-05-24,Identifying and Improving Disability Bias in GPT-Based Resume Screening
2402.01777,2024-02-06,"On the Psychology of GPT-4: Moderately anxious, slightly masculine,   honest, and humble"
2402.01787,2024-08-19,Harm Amplification in Text-to-Image Models
2402.01789,2024-06-04,The Political Preferences of LLMs
2402.01857,2025-10-07,"Position Paper: Assessing Robustness, Privacy, and Fairness in Federated Learning Integrated with Foundation Models"
2402.01908,2025-02-04,Large language models that replace human participants can harmfully   misportray and flatten identity groups
2402.01909,2024-10-24,On Catastrophic Inheritance of Large Foundation Models
2402.01705,2024-05-08,Beyond Behaviorist Representational Harms: A Plan for Measurement and   Mitigation
2402.01708,2024-05-16,Not My Voice! A Taxonomy of Ethical and Safety Harms of Speech   Generators
2402.01091,2024-02-05,Reading Between the Tweets: Deciphering Ideological Stances of   Interconnected Mixed-Ideology Communities
2402.01327,2024-05-07,Supervised Algorithmic Fairness in Distribution Shifts: A Survey
2402.01752,2024-02-06,Identifying False Content and Hate Speech in Sinhala YouTube Videos by   Analyzing the Audio
2402.02135,2024-02-06,Do Moral Judgment and Reasoning Capability of LLMs Change with Language?   A Study using the Multilingual Defining Issues Test
2402.02144,2024-02-06,Probing Critical Learning Dynamics of PLMs for Hate Speech Detection
2402.01967,2024-02-20,MasonPerplexity at Multimodal Hate Speech Event Detection 2024: Hate   Speech and Target Detection Using Transformer Ensembles
2402.01976,2024-02-06,MasonPerplexity at ClimateActivism 2024: Integrating Advanced Ensemble   Techniques and Data Augmentation for Climate Activism Stance and Hate Event   Identification
2402.01981,2024-02-06,Self-Debiasing Large Language Models: Zero-Shot Recognition and   Reduction of Stereotypes
2402.02379,2025-04-15,Unveiling the Deficiencies of Pre-trained Text-and-Layout Models in   Real-world Visually-rich Document Information Extraction
2402.02078,2024-02-06,Exploring the Robustness of Task-oriented Dialogue Systems for   Colloquial German Varieties
2402.02416,2024-11-05,Aligner: Efficient Alignment by Learning to Correct
2402.02639,2024-02-07,"""It's how you do things that matters"": Attending to Process to Better   Serve Indigenous Communities with Language Technologies"
2402.02207,2024-06-19,Safety Fine-Tuning at (Almost) No Cost: A Baseline for Vision Large   Language Models
2402.02218,2024-02-06,Machine Intelligence in Africa: a survey
2402.02680,2024-10-08,Large Language Models are Geographically Biased
2402.02145,2024-02-06,Analyzing Sentiment Polarity Reduction in News Presentation through   Contextual Perturbation and Large Language Models
2402.03177,2024-02-06,CIDAR: Culturally Relevant Instruction Dataset For Arabic
2402.02572,2024-02-06,A Quantitative Discourse Analysis of Asian Workers in the US Historical   Newspapers
2402.01822,2024-05-30,Building Guardrails for Large Language Models
2402.01826,2024-02-06,Leveraging Large Language Models for Analyzing Blood Pressure Variations   Across Biological Sex from Scientific Literature
2402.04049,2024-12-18,Systematic Biases in LLM Simulations of Debates
2402.03870,2024-02-07,Less than one percent of words would be affected by gender-inclusive   language in German press texts
2402.04105,2024-05-24,Measuring Implicit Bias in Explicitly Unbiased Large Language Models
2402.04140,2024-03-01,Advancing Legal Reasoning: The Integration of AI to Navigate   Complexities and Biases in Global Jurisprudence with Semi-Automated   Arbitration Processes (SAAPs)
2402.04489,2024-02-08,De-amplifying Bias from Differential Privacy in Language Model   Fine-tuning
2402.04559,2024-11-04,Can Large Language Model Agents Simulate Human Trust Behavior?
2402.03252,2024-02-07,Fair Active Ranking from Pairwise Preferences
2402.03597,2024-02-07,Identifying Reasons for Contraceptive Switching from Real-World Data   Using Large Language Models
2402.04249,2024-02-28,HarmBench: A Standardized Evaluation Framework for Automated Red Teaming   and Robust Refusal
2402.04957,2024-10-24,Reconfidencing LLMs from the Grouping Loss Perspective
2402.04846,2024-02-08,Investigation of photosensitive and photodetector characteristics of   n-TPA-IFA/p-Si heterojunction structure
2402.04848,2025-01-22,Nonlinear behavior of memristive devices for hardware security   primitives and neuromorphic computing systems
2402.04851,2024-10-28,Grand zigzag knight's paths
2402.04852,2024-03-12,Multi-Patch Prediction: Adapting LLMs for Time Series Representation   Learning
2402.04853,2024-05-24,Leveraging LLMs for Unsupervised Dense Retriever Ranking
2402.04854,2024-09-26,Hierarchical Tree-structured Knowledge Graph For Academic Insight Survey
2402.04855,2024-02-08,Dual-Path Coupled Image Deraining Network via Spatial-Frequency   Interaction
2402.04856,2024-10-16,Explaining Learned Reward Functions with Counterfactual Trajectories
2402.04857,2024-11-01,Advancing Video Anomaly Detection: A Concise Review and a New Dataset
2402.04858,2024-07-02,CodeIt: Self-Improving Language Models with Prioritized Hindsight Replay
2402.04860,2024-02-08,Inverted Microstrip Gap Waveguide Coplanar EBG Filter for Antenna   Applications
2402.04862,2025-04-01,Tactile Ergodic Coverage on Curved Surfaces
2402.04863,2025-03-14,SCLA: Automated Smart Contract Summarization via LLMs and Control Flow   Prompt
2402.04866,2024-06-12,Room Transfer Function Reconstruction Using Complex-valued Neural   Networks and Irregularly Distributed Microphones
2402.04867,2024-02-12,Multimodal Query Suggestion with Multi-Agent Reinforcement Learning from   Human Feedback
2402.04869,2025-04-25,Learning by Doing: An Online Causal Reinforcement Learning Framework   with Causal-Aware Policy
2402.04870,2024-09-24,Embedding Knowledge Graphs in Degenerate Clifford Algebras
2402.04874,2024-02-08,Choosing a Classical Planner with Graph Neural Networks
2402.04875,2025-05-29,On Provable Length and Compositional Generalization
2402.04878,2024-07-24,Shape-biased Texture Agnostic Representations for Improved Textureless   and Metallic Object Detection and 6D Pose Estimation
2402.04879,2024-03-12,Comparing Methods for Creating a National Random Sample of Twitter Users
2402.04880,2024-02-27,Combining Cloud and Mobile Computing for Machine Learning
2402.04881,2024-02-13,Epistral Network: Revolutionizing Media Curation and Consumption through   Decentralization
2402.04882,2024-02-08,LMUFormer: Low Complexity Yet Powerful Spiking Model With Legendre   Memory Units
2402.04883,2024-02-08,Toward Accurate Camera-based 3D Object Detection via Cascade Depth   Estimation and Calibration
2402.05252,2024-02-09,Learning Fair Ranking Policies via Differentiable Optimization of   Ordered Weighted Averages
2402.04477,2025-02-28,Detecting Mode Collapse in Language Models via Narration
2402.05034,2024-02-08,How BERT Speaks Shakespearean English? Evaluating Historical Bias in   Contextual Language Models
2402.03629,2024-08-21,Disparate Impact on Group Accuracy of Linearization for Private   Inference
2402.05779,2024-02-09,Examining Gender and Racial Bias in Large Vision-Language Models Using a   Novel Dataset of Parallel Images
2402.05786,2024-02-12,Prompting Fairness: Artificial Intelligence as Game Players
2402.05624,2024-02-09,"Efficient Models for the Detection of Hate, Abuse and Profanity"
2402.05132,2024-05-14,TexShape: Information Theoretic Sentence Embedding for Language Models
2402.06015,2024-02-16,Exploring Visual Culture Awareness in GPT-4V: A Comprehensive Probing
2402.05374,2025-02-25,CIC: A Framework for Culturally-Aware Image Captioning
2402.06041,2024-02-12,A Prompt Response to the Demand for Automatic Gender-Neutral Translation
2402.05070,2024-08-22,A Roadmap to Pluralistic Alignment
2402.04967,2024-02-08,Text or Image? What is More Important in Cross-Domain Generalization   Capabilities of Hate Meme Detection Models?
2402.05880,2024-02-13,Generative Echo Chamber? Effects of LLM-Powered Search Systems on   Diverse Information Seeking
2402.05602,2024-06-11,AttnLRP: Attention-Aware Layer-Wise Relevance Propagation for   Transformers
2402.05515,2024-02-16,NoisyICL: A Little Noise in Model Parameters Calibrates In-context   Learning
2402.06414,2024-02-12,Trust the Process: Zero-Knowledge Machine Learning to Enhance Trust in   Generative AI Interactions
2402.06900,2024-11-15,Can LLMs Recognize Toxicity? A Structured Investigation Framework and   Toxicity Metric
2402.06155,2024-02-12,Model Editing with Canonical Examples
2402.07368,2024-02-13,Assessing Generalization for Subpopulation Representative Modeling via   In-Context Learning
2402.07513,2024-02-13,The Balancing Act: Unmasking and Alleviating ASR Biases in Portuguese
2402.07519,2024-02-13,MAFIA: Multi-Adapter Fused Inclusive LanguAge Models
2402.07166,2024-05-20,Social Evolution of Published Text and The Emergence of Artificial   Intelligence Through Large Language Models and The Problem of Toxicity and   Bias
2402.06811,2024-02-13,Discipline and Label: A WEIRD Genealogy and Social Theory of Data   Annotation
2402.07329,2024-04-17,The Bias of Harmful Label Associations in Vision-Language Models
2402.07827,2024-02-13,Aya Model: An Instruction Finetuned Open-Access Multilingual Language   Model
2402.07405,2024-02-13,D\'olares or Dollars? Unraveling the Bilingual Prowess of Financial LLMs   Between Spanish and English
2402.06954,2024-02-13,OpenFedLLM: Training Large Language Models on Decentralized Private Data   via Federated Learning
2402.08250,2024-09-18,A survey of recent methods for addressing AI fairness and bias in   biomedicine
2402.08323,2024-09-18,Mapping the Ethics of Generative AI: A Comprehensive Scoping Review
2402.08021,2024-05-06,Careless Whisper: Speech-to-Text Hallucination Harms
2402.07562,2024-02-14,Discovering Universal Semantic Triggers for Text-to-Image Synthesis
2402.07586,2025-09-15,Unveiling Group-Specific Distributed Concept Drift: A Fairness Imperative in Federated Learning
2402.08101,2024-02-14,Auditing Work: Exploring the New York City algorithmic bias audit regime
2402.08113,2024-02-22,Addressing cognitive bias in medical language models
2402.08462,2024-02-14,Indicators for characterising online hate speech and its automatic   detection
2402.07778,2025-04-29,Algorithmic Fairness and Color-blind Racism: Navigating the Intersection
2402.08925,2024-12-30,MaxMin-RLHF: Alignment with Diverse Human Preferences
2402.09369,2024-02-15,Massively Multi-Cultural Knowledge Acquisition & LM Benchmarking
2402.09334,2024-06-19,AuditLLM: A Tool for Auditing Large Language Models Using Multiprobe   Approach
2402.09346,2024-05-24,LLMAuditor: A Framework for Auditing Large Language Models Using   Human-in-the-Loop
2402.09260,2024-02-15,Evaluating the Experience of LGBTQ+ People Using Large Language Model   Based Chatbots for Mental Health Support
2402.09283,2024-03-28,"Attacks, Defenses and Evaluations for LLM Conversation Safety: A Survey"
2402.08764,2024-02-15,A Dataset for the Detection of Dehumanizing Language
2402.08787,2024-12-10,Rethinking Machine Unlearning for Large Language Models
2402.09880,2025-05-15,Inadequacies of Large Language Model Benchmarks in the Era of Generative Artificial Intelligence
2402.09631,2025-06-05,Representation Surgery: Theory and Practice of Affine Steering
2402.10436,2024-02-19,I Am Not Them: Fluid Identities and Persistent Out-group Bias in Large   Language Models
2402.10567,2024-06-18,InSaAF: Incorporating Safety through Accuracy and Fairness | Are LLMs   ready for the Indian Legal Domain?
2402.10588,2024-06-12,Do Llamas Work in English? On the Latent Language of Multilingual   Transformers
2402.09193,2024-02-16,(Ir)rationality and Cognitive Biases in Large Language Models
2402.10669,2024-09-27,Humans or LLMs as the Judge? A Study on Judgement Biases
2402.10614,2024-06-11,Can LLMs Speak For Diverse People? Tuning LLMs via Debate to Generate   Controllable Controversial Statements
2402.10811,2024-06-18,Quantifying the Persona Effect in LLM Simulations
2402.11089,2025-06-04,The Male CEO and the Female Assistant: Evaluation and Mitigation of Gender Biases in Text-To-Image Generation of Dual Subjects
2402.10946,2024-12-04,CultureLLM: Incorporating Cultural Differences into Large Language   Models
2402.10965,2024-02-27,Generalization in Healthcare AI: Evaluation of a Clinical Large Language   Model
2402.10689,2024-07-24,Cultural Commonsense Knowledge for Intercultural Dialogues
2402.10899,2024-02-20,Taxonomy-based CheckList for Large Language Model Evaluation
2402.09764,2024-05-31,Aligning Crowd Feedback via Distributional Preference Reward Modeling
2402.11005,2025-07-11,A Theory of Response Sampling in LLMs: Part Descriptive and Part Prescriptive
2402.11406,2024-07-24,Don't Go To Extremes: Revealing the Excessive Sensitivity and   Calibration Limitations of LLMs in Implicit Hate Speech Detection
2402.11114,2024-06-19,Whose Emotions and Moral Sentiments Do Language Models Reflect?
2402.11190,2024-02-20,Disclosure and Mitigation of Gender Bias in LLMs
2402.11314,2026-01-12,Simulating Multi-Stakeholder Decision-Making with Generative Agents in Urban Planning
2402.11333,2025-02-11,"Social Norms in Cinema: A Cross-Cultural Analysis of Shame, Pride and   Prejudice"
2402.11512,2025-01-08,From Prejudice to Parity: A New Approach to Debiasing Large Language   Model Word Embeddings
2402.11355,2025-02-12,A Practical Method for Generating String Counterfactuals
2402.11725,2024-06-19,How Susceptible are Large Language Models to Ideological Manipulation?
2402.11746,2024-02-20,Language Models are Homer Simpson! Safety Re-Alignment of Fine-tuned   Language Models through Task Arithmetic
2402.11764,2024-09-17,ChatGPT Based Data Augmentation for Improved Parameter-Efficient   Debiasing of LLMs
2402.12193,2024-08-06,A Chinese Dataset for Evaluating the Safeguards in Large Language Models
2402.12198,2025-03-25,Exploring the Limits of Zero Shot Vision Language Models for Hate Meme   Detection: The Vulnerabilities and their Interpretations
2402.12212,2024-02-20,Polarization of Autonomous Generative AI Agents Under Echo Chambers
2402.11710,2024-02-20,A Note on Bias to Complete
2402.12150,2024-02-20,Your Large Language Model is Secretly a Fairness Proponent and You   Should Prompt it Like One
2402.11886,2024-08-28,The Colorful Future of LLMs: Evaluating and Improving LLMs as Emotional   Supporters for Queer Youth
2402.11895,2024-08-21,Bridging or Breaking: Impact of Intergroup Interactions on Religious   Polarization
2402.11845,2024-02-20,Modularized Networks for Few-shot Hateful Meme Detection
2402.12814,2024-04-23,"Exploring the Impact of AI Value Alignment in Collaborative Ideation:   Effects on Perception, Ownership, and Output"
2402.12319,2024-02-20,Dynamic Environment Responsive Online Meta-Learning with Fairness   Awareness
2402.13231,2024-07-09,Investigating Cultural Alignment of Large Language Models
2402.13462,2024-02-22,Potential and Challenges of Model Editing for Social Debiasing
2402.12590,2024-06-21,Evolving AI Collectives to Enhance Human Diversity and Enable   Self-Regulation
2402.12620,2024-02-21,Are Large Language Models (LLMs) Good Social Predictors?
2402.12713,2024-07-02,Are LLMs Rational Investors? A Study on Detecting and Reducing the   Financial Bias in LLMs
2402.13954,2025-08-19,Measuring Social Biases in Masked Language Models by Proxy of Prediction Quality
2402.12789,2024-11-11,Fairness Without Harm: An Influence-Guided Active Sampling Approach
2402.12649,2025-06-06,Bias in Language Models: Beyond Trick Tests and Toward RUTEd Evaluation
2402.13818,2025-07-11,Beyond Hate Speech: NLP's Challenges and Opportunities in Uncovering Dehumanizing Language
2402.14208,2024-06-25,LLM-Assisted Content Conditional Debiasing for Fair Text Embedding
2402.14277,2024-02-23,GATE X-E : A Challenge Set for Gender-Fair Translations from   Weakly-Gendered Languages
2402.14296,2025-02-11,Mitigating Biases of Large Language Models in Stance Detection with   Counterfactual Augmented Calibration
2402.13605,2024-06-14,KorNAT: LLM Alignment Benchmark for Korean Social Values and Common   Knowledge
2402.13606,2025-05-27,MlingConf: A Comprehensive Study of Multilingual Confidence Estimation on Large Language Models
2402.13636,2024-06-18,A Unified Framework and Dataset for Assessing Societal Bias in   Vision-Language Models
2402.14258,2024-02-23,Eagle: Ethical Dataset Given from Real Interactions
2402.14101,2024-09-06,Cost-Efficient Subjective Task Annotation and Modeling through Few-Shot   Annotator Adaptation
2402.14154,2024-09-04,MM-Soc: Benchmarking Multimodal Large Language Models in Social Media   Platforms
2402.14889,2025-05-19,COBIAS: Assessing the Contextual Reliability of Bias Benchmarks for Language Models
2402.14815,2024-02-23,Demographic Bias of Expert-Level Vision-Language Foundation Models in   Medical Imaging
2402.14577,2024-02-23,Debiasing Text-to-Image Diffusion Models
2402.14873,2024-07-30,Technical Report on the Pangram AI-Generated Text Classifier
2402.14875,2025-01-27,What's in a Name? Auditing Large Language Models for Race and Gender   Bias
2402.15350,2024-07-03,Farsight: Fostering Responsible AI Awareness During AI Application   Prototyping
2402.15018,2024-06-10,Unintended Impacts of LLM Alignment on Global Representation
2402.15215,2024-02-26,Item-side Fairness of Large Language Model-based Recommendation System
2402.15238,2024-05-28,GPT-HateCheck: Can LLMs Write Better Functional Tests for Hate Speech   Detection?
2402.15481,2025-05-27,Bias and Volatility: A Statistical Framework for Evaluating Large Language Model's Stereotypes and the Associated Generation Inconsistency
2402.15925,2024-10-07,MultiContrievers: Analysis of Dense Retrieval Representations
2402.16786,2024-06-06,Political Compass or Spinning Arrow? Towards More Meaningful Evaluations   for Values and Opinions in Large Language Models
2402.16979,2024-02-28,Algorithmic Arbitrariness in Content Moderation
2402.17389,2025-05-28,FairBelief -- Assessing Harmful Beliefs in Language Models
2402.17013,2024-02-28,Towards Explainability and Fairness in Swiss Judgement Prediction:   Benchmarking on a Multilingual Dataset
2402.16458,2024-02-28,ID-XCB: Data-independent Debiasing for Fair and Accurate   Transformer-based Cyberbullying Detection
2402.17101,2024-02-28,T-HITL Effectively Addresses Problematic Associations in Image   Generation and Maintains Overall Visual Quality
2402.17106,2024-11-12,Achievable Fairness on Your Data With Utility Guarantees
2402.15988,2024-07-30,"Towards Fair Graph Anomaly Detection: Problem, Benchmark Datasets, and   Evaluation"
2402.16822,2024-12-12,Rainbow Teaming: Open-Ended Generation of Diverse Adversarial Prompts
2402.17302,2024-10-08,Can LLM Generate Culturally Relevant Commonsense QA Data? Case Study in   Indonesian and Sundanese
2402.17954,2024-10-04,"Twists, Humps, and Pebbles: Multilingual Speech Recognition Models   Exhibit Gender Performance Gaps"
2402.18144,2024-02-29,Random Silicon Sampling: Simulating Human Sub-Population Opinion Using a   Large Language Model Based on Group-Level Demographic Information
2402.18158,2024-06-07,Evaluating Quantized Large Language Models
2402.17478,2024-02-28,Can GPT-4 Identify Propaganda? Annotation and Detection of Propaganda   Spans in News Articles
2402.18120,2024-10-03,"Exploring Multilingual Concepts of Human Value in Large Language Models:   Is Value Alignment Consistent, Transferable and Controllable across   Languages?"
2402.17649,2024-08-12,Beyond prompt brittleness: Evaluating the reliability and consistency of   political worldviews in LLMs
2402.18502,2024-02-29,Few-Shot Fairness: Unveiling LLM's Potential for Fairness-Aware   Classification
2403.00180,2024-10-07,"""Flex Tape Can't Fix That"": Bias and Misinformation in Edited Language   Models"
2402.17970,2024-03-01,Exploring Advanced Methodologies in Security Evaluation for LLMs
2402.19406,2024-03-05,On the Scaling Laws of Geographical Representation in Language Models
2403.00265,2024-03-04,Designing for Harm Reduction: Communication Repair for Multicultural   Users' Voice Interactions
2403.00277,2024-03-04,Gender Bias in Large Language Models across Multiple Languages
2403.00198,2024-03-04,AXOLOTL: Fairness through Assisted Self-Debiasing of Large Language   Model Outputs
2403.00236,2024-03-04,"Benchmarking zero-shot stance detection with FlanT5-XXL: Insights from   training data, prompting, and decoding strategies into its near-SoTA   performance"
2403.00826,2024-03-05,LLMGuard: Guarding Against Unsafe LLM Behavior
2403.00829,2024-03-05,TroubleLLM: Align to Red Team Expert
2403.00811,2024-10-07,Cognitive Bias in Decision-Making with LLMs
2403.00814,2024-03-05,Gender Biased Legal Case Retrieval System on Users' Decision Process
2403.00742,2024-03-04,"Dialect prejudice predicts AI decisions about people's character,   employability, and criminality"
2402.19465,2024-09-04,Towards Tracing Trustworthiness Dynamics: Revisiting Pre-training Period   of Large Language Models
2403.00625,2024-03-04,Bias Mitigation in Fine-tuning Pre-trained Models for Enhanced Fairness   and Efficiency
2403.00334,2024-03-04,NOVA: A visual interface for assessing polarizing media coverage
2403.00686,2024-03-04,A Bit of a Problem: Measurement Disparities in Dataset Sizes Across   Languages
2403.01199,2024-03-05,The Case for Animal-Friendly AI
2403.00862,2024-06-05,NewsBench: A Systematic Evaluation Framework for Assessing Editorial   Capabilities of Large Language Models in Chinese Journalism
2403.01755,2025-06-18,AI Language Models Could Both Help and Harm Equity in Marine Policymaking: The Case Study of the BBNJ Question-Answering Bot
2403.02167,2024-12-05,EMOVOME: A Dataset for Emotion Recognition in Spontaneous Real-Life   Speech
2403.01222,2024-03-19,"Emotion Analysis in NLP: Trends, Gaps and Roadmap for Future Directions"
2403.01031,2024-05-28,Peacock: A Family of Arabic Multimodal Large Language Models and   Benchmarks
2403.02121,2024-03-05,Leveraging Weakly Annotated Data for Hate Speech Detection in Code-Mixed   Hinglish: A Feasibility-Driven Transfer Learning Approach with Large Language   Models
2403.01404,2025-02-11,What Is Missing in Multilingual Visual Reasoning and How to Fix It
2403.02268,2024-03-05,Subjective $\textit{Isms}$? On the Danger of Conflating Hate and Offence   in Abusive Language Detection
2403.03028,2024-03-06,Word Importance Explains How Prompts Affect Language Model Outputs
2403.03121,2024-05-29,"Angry Men, Sad Women: Large Language Models Reflect Gendered Stereotypes   in Emotion Attribution"
2403.02563,2024-03-06,Systemic Biases in Sign Language AI Research: A Deaf-Led Call to   Reevaluate Research Agendas
2403.02580,2024-03-06,What do we learn from inverting CLIP models?
2403.02472,2024-12-17,OffensiveLang: A Community Based Implicit Offensive Language Dataset
2403.02475,2024-03-06,Enhancing LLM Safety via Constrained Direct Preference Optimization
2403.02715,2024-05-28,Crossing Linguistic Horizons: Finetuning and Comprehensive Evaluation of   Vietnamese Large Language Models
2403.02738,2024-12-18,Causal Prompting: Debiasing Large Language Model Prompting based on   Front-Door Adjustment
2403.03297,2025-12-29,"""It's the only thing I can trust"": Envisioning Large Language Model Use by Autistic Workers for Communication Assistance"
2403.02839,2025-06-02,An Empirical Study of LLM-as-a-Judge for LLM Evaluation: Fine-tuned Judge Model is not a General Substitute for GPT-4
2403.02513,2024-03-06,"Balancing Enhancement, Harmlessness, and General Capabilities: Enhancing   Conversational LLMs with Direct RLHF"
2403.03407,2024-10-04,Human vs. Machine: Behavioral Differences Between Expert Humans and   Language Models in Wargame Simulations
2403.03874,2024-03-07,Impoverished Language Technology: The Lack of (Social) Class in NLP
2403.03893,2024-05-31,From One to Many: Expanding the Scope of Toxicity Mitigation in Language   Models
2403.03744,2024-10-11,MedSafetyBench: Evaluating and Improving the Medical Safety of Large   Language Models
2403.04445,2024-03-08,Classist Tools: Social Class Correlates with Performance in NLP
2403.04547,2024-03-08,CLIP the Bias: How Useful is Balancing Data in Multimodal Learning?
2403.03814,2024-07-19,Evaluating the Elementary Multilingual Capabilities of Large Language   Models with MultiQ
2403.04758,2024-03-08,KnowledgeVIS: Interpreting Language Models by Comparing   Fill-in-the-Blank Prompts
2403.04085,2024-03-08,"Don't Blame the Data, Blame the Model: Understanding Noise and Bias When   Learning from Subjective Annotations"
2403.04858,2024-03-11,Evaluating Biases in Context-Dependent Health Questions
2403.05125,2024-10-29,Evaluating Text-to-Image Generative Models: An Empirical Study on Human   Image Synthesis
2403.04667,2024-05-10,The Social Impact of Generative AI: An Analysis on ChatGPT
2403.05518,2025-06-30,Bias-Augmented Consistency Training Reduces Biased Reasoning in Chain-of-Thought
2403.04931,2025-09-04,A Survey on Human-AI Collaboration with Large Foundation Models
2403.05696,2024-03-12,SeeGULL Multilingual: a Dataset of Geo-Culturally Situated Stereotypes
2403.05668,2025-02-24,CFaiRLLM: Consumer Fairness Evaluation in Large-Language Model   Recommender System
2403.05975,2024-03-12,Measuring Bias in a Ranked List using Term-based Representations
2403.06009,2024-08-20,"Detectors for Safe and Reliable LLMs: Implementations, Uses, and   Limitations"
2403.05434,2024-04-22,Cost-Performance Optimization for Processing Low-Resource Language Tasks   Using Commercial LLMs
2403.05548,2024-03-12,Monitoring the evolution of antisemitic discourse on extremist social   media using BERT
2403.05235,2024-03-11,Fairness-Aware Interpretable Modeling (FAIM) for Trustworthy Machine   Learning in Healthcare
2403.05262,2025-08-15,Debiasing Multimodal Large Language Models via Penalization of Language Priors
2403.05565,2024-03-12,OpenHEXAI: An Open-Source Framework for Human-Centered Evaluation of   Explainable Machine Learning
2403.05579,2024-03-12,Cultural Bias in Explainable AI Research: A Systematic Analysis
2403.05581,2025-05-13,Can Interpretability Layouts Influence Human Perception of Offensive Sentences?
2403.06332,2024-06-11,Exploiting the Margin: How Capitalism Fuels AI at the Expense of   Minoritized Groups
2403.06593,2024-03-12,Authorship and the Politics and Ethics of LLM Watermarks
2403.07150,2024-03-13,Breaking Political Filter Bubbles via Social Comparison
2403.06865,2025-03-04,On the Preservation of Africa's Cultural Heritage in the Age of   Artificial Intelligence
2403.07627,2024-03-13,generAItor: Tree-in-the-Loop Text Generation for Language Model   Explainability and Adaptation
2403.07661,2024-03-18,Gender-ambiguous voice generation through feminine speaking style   transfer in male voices
2403.07523,2024-03-19,Online Misogyny Against Female Candidates in the 2022 Brazilian   Elections: A Threat to Women's Political Representation?
2403.07937,2024-12-10,Speech Robust Bench: A Robustness Benchmark For Speech Recognition
2403.07857,2024-03-13,Fairness Feedback Loops: Training on Synthetic Data Amplifies Bias
2403.08198,2024-03-14,Validating and Exploring Large Geographic Corpora
2403.08113,2024-03-18,Assessing the Influence of Toxic and Gender Discriminatory Communication   on Perceptible Diversity in OSS Projects
2403.08115,2024-05-09,Legally Binding but Unfair? Towards Assessing Fairness of Privacy   Policies
2403.08295,2024-04-17,Gemma: Open Models Based on Gemini Research and Technology
2403.08564,2024-09-04,Generalizing Fairness to Generative Language Models via Reformulation of   Non-discrimination Criteria
2403.07687,2024-03-13,Annotations on a Budget: Leveraging Geo-Data Similarity to Balance Model   Performance and Annotation Cost
2403.07910,2025-06-16,MAGPIE: Multi-Task Media-Bias Analysis Generalization for Pre-Trained Identification of Expressions
2403.08743,2025-03-04,Prompting Fairness: Integrating Causality to Debias Large Language   Models
2403.08425,2025-01-06,Specification Overfitting in Artificial Intelligence
2403.08046,2024-03-14,Big City Bias: Evaluating the Impact of Metropolitan Size on   Computational Job Market Abilities of Language Models
2403.08994,2024-04-02,Ethos: Rectifying Language Models in Orthogonal Parameter Space
2403.09017,2024-11-06,AraTrust: An Evaluation of Trustworthiness for LLMs in Arabic
2403.08764,2024-03-14,VLOGGER: Multimodal Diffusion for Embodied Avatar Synthesis
2403.07888,2024-04-03,Cross-modality debiasing: using language to mitigate sub-population   shifts in imaging
2403.09346,2025-08-18,B-AVIBench: Towards Evaluating the Robustness of Large Vision-Language Model on Black-box Adversarial Visual-Instructions
2403.08829,2024-03-15,Mitigating Biases in Collective Decision-Making: Enhancing Performance   in the Face of Fake News
2403.09148,2024-03-15,Evaluating LLMs for Gender Disparities in Notable Persons
2403.09516,2024-04-09,Leveraging Prototypical Representations for Mitigating Social Bias   without Demographic Information
2403.10088,2024-03-18,Intent-conditioned and Non-toxic Counterspeech Generation using   Multi-Task Instruction Tuning with RLAIF
2403.10258,2025-04-22,Is Translation All You Need? A Study on Solving Multilingual Tasks with   Large Language Models
2403.09709,2024-03-18,Exploratory Data Analysis on Code-mixed Misogynistic Comments
2403.11009,2024-07-09,"DIALECTBENCH: A NLP Benchmark for Dialects, Varieties, and   Closely-Related Languages"
2403.10774,2024-03-19,Detecting Bias in Large Language Models: Fine-tuned KcBERT
2403.10776,2024-03-19,From Melting Pots to Misrepresentations: Exploring Harms in Generative   AI
2403.09606,2025-03-24,Large Language Models and Causal Inference in Collaboration: A Survey
2403.09858,2024-05-07,FakeWatch: A Framework for Detecting Fake News to Ensure Credible   Elections
2403.10691,2024-11-12,MYTE: Morphology-Driven Byte Encoding for Better and Fairer Multilingual   Language Modeling
2403.10829,2024-09-24,Deciphering Hate: Identifying Hateful Memes and Their Targets
2403.10699,2024-03-19,A Multilingual Perspective on Probing Gender Bias
2403.11209,2024-03-19,"Creating an African American-Sounding TTS: Guidelines, Technical   Challenges,and Surprising Evaluations"
2403.11025,2024-03-19,Pre-Trained Language Models Represent Some Geographic Populations Better   Than Others
2403.10949,2024-03-27,SelfIE: Self-Interpretation of Large Language Model Embeddings
2403.11752,2024-03-26,Revisiting The Classics: A Study on Identifying and Rectifying Gender   Stereotypes in Rhymes and Poems
2403.11896,2024-04-03,Investigating Markers and Drivers of Gender Bias in Machine Translations
2403.11838,2025-05-30,Ensuring Safe and High-Quality Outputs: A Guideline Library Approach for Language Models
2403.12316,2024-03-20,"OpenEval: Benchmarking Chinese LLMs across Capability, Alignment and   Safety"
2403.12025,2024-10-08,A Toolbox for Surfacing Health Equity Harms and Biases in Large Language   Models
2403.11108,2024-03-19,HarmPot: An Annotation Framework for Evaluating Offline Harm Potential   of Social Media Text
2403.12273,2024-12-31,Multimodal Human-Autonomous Agents Interaction Using Pre-Trained   Language and Visual Foundation Models
2403.12075,2024-05-15,Adversarial Nibbler: An Open Red-Teaming Method for Identifying Diverse   Harms in Text-to-Image Generation
2403.13031,2024-07-25,RigorLLM: Resilient Guardrails for Large Language Models against   Undesired Content
2403.12469,2024-03-20,"When Do ""More Contexts"" Help with Sarcasm Recognition?"
2403.13073,2024-03-21,A Canary in the AI Coal Mine: American Jews May Be Disproportionately   Harmed by Intellectual Property Dispossession in Large Language Model   Training
2403.13213,2024-07-08,From Representational Harms to Quality-of-Service Harms: A Case Study on   Llama 2 Safety Safeguards
2403.13446,2025-11-18,IndiTag: An Online Media Bias Analysis System Using Fine-Grained Bias Indicators
2403.13514,2024-03-21,How Gender Interacts with Political Values: A Case Study on Czech BERT   Models
2403.13840,2024-03-22,Whose Side Are You On? Investigating the Political Stance of Large   Language Models
2403.13925,2024-03-22,Reducing Large Language Model Bias with Emphasis on 'Restricted   Industries': Automated Dataset Augmentation and Prejudice Quantification
2403.12805,2024-03-20,Contextual Moral Value Alignment Through Context-Based Aggregation
2403.13592,2024-03-25,Llama meets EU: Investigating the European Political Spectrum through   the Lens of LLMs
2403.12474,2025-05-23,FairSIN: Achieving Fairness in Graph Neural Networks through Sensitive Information Neutralization
2403.12503,2025-06-13,"Securing Large Language Models: Threats, Vulnerabilities and Responsible Practices"
2403.14409,2024-03-22,Locating and Mitigating Gender Bias in Large Language Models
2403.14467,2024-04-23,Recourse for reclamation: Chatting with generative language models
2403.14472,2024-05-29,Detoxifying Large Language Models via Knowledge Editing
2403.14473,2024-07-09,The Ethics of ChatGPT in Medicine and Healthcare: A Systematic Review on   Large Language Models (LLMs)
2403.14298,2024-03-22,From Perils to Possibilities: Understanding how Human (and AI) Biases   affect Online Fora
2403.14633,2024-12-23,Born With a Silver Spoon? Investigating Socioeconomic Bias in Large   Language Models
2403.14651,2024-03-25,DOSA: A Dataset of Social Artifacts from Different Indian Geographical   Subcultures
2403.14727,2024-03-25,Protected group bias and stereotypes in Large Language Models
2403.14896,2024-12-11,Investigating Bias in LLM-Based Bias Detection: Disparities between LLMs   and Human Perception
2403.13787,2024-06-11,RewardBench: Evaluating Reward Models for Language Modeling
2403.15412,2024-09-05,"Towards Measuring and Modeling ""Culture"" in LLMs: A Survey"
2403.14658,2024-03-25,Identifying Potential Inlets of Man in the Artificial Intelligence   Development Process
2403.14659,2024-03-25,Social Intelligence Data Infrastructure: Structuring the Present and   Navigating the Future
2403.14938,2024-03-25,On Zero-Shot Counterspeech Generation by LLMs
2403.15447,2024-06-05,Decoding Compressed Trust: Scrutinizing the Trustworthiness of Efficient   LLMs Under Compression
2403.15449,2025-04-15,Hatred Stems from Ignorance! Distillation of the Persuasion Modes in   Countering Conversational Hate Speech
2403.15457,2025-02-13,The Journey to Trustworthy AI: Pursuit of Pragmatic Frameworks
2403.15458,2024-03-28,Fine-Tuning Pre-trained Language Models to Detect In-Game Trash Talks
2403.15467,2024-03-26,Don't be a Fool: Pooling Strategies in Offensive Language Detection from   User-Intended Adversarial Attacks
2403.15593,2024-05-20,FairerCLIP: Debiasing CLIP's Zero-Shot Predictions using Functions in   RKHSs
2403.14986,2024-03-25,"AI Teaches the Art of Elegant Coding: Timely, Fair, and Helpful Style   Feedback in a Global Course"
2403.14988,2024-03-25,Risk and Response in Large Language Models: Evaluating Key Threat   Categories
2403.15779,2024-03-26,The Frontier of Data Erasure: Machine Unlearning for Large Language   Models
2403.15491,2024-09-25,Open Conversational LLMs do not know most Spanish words
2403.15492,2024-03-26,Visual Analytics for Fine-grained Text Classification Models and   Datasets
2403.16142,2024-03-26,What Happens to a Dataset Transformed by a Projection-based Concept   Removal Method?
2403.16514,2024-03-26,Linguistically Differentiating Acts and Recalls of Racial   Microaggressions on Social Media
2403.16909,2024-03-26,Towards Algorithmic Fidelity: Mental Health Representation across   Demographics in Synthetic vs. Human-generated Data
2403.17011,2024-03-27,SUDO: a framework for evaluating clinical artificial intelligence   systems without ground-truth annotations
2403.16584,2024-05-06,Can Large Language Models (or Humans) Disentangle Text?
2403.17146,2024-10-02,Outcome-Constrained Large Language Models for Countering Hate Speech
2403.17158,2024-03-27,Reflecting the Male Gaze: Quantifying Female Objectification in 19th and   20th Century Novels
2403.17553,2024-03-27,RuBia: A Russian Language Bias Detection Dataset
2403.17286,2024-06-18,Cognitively Biased Users Interacting with Algorithmically Biased Results   in Whole-Session Search on Debated Topics
2403.17811,2024-03-27,Are Compressed Language Models Less Subgroup Robust?
2403.17306,2024-04-02,"Visual Hallucination: Definition, Quantification, and Prescriptive   Remediations"
2403.17333,2024-03-27,The Pursuit of Fairness in Artificial Intelligence Models: A Survey
2403.16685,2024-05-21,ToXCL: A Unified Framework for Toxic Speech Detection and Explanation
2403.17873,2024-03-27,Addressing Social Misattributions of Large Language Models: An   HCXAI-based Approach
2403.18251,2024-03-28,"Since the Scientific Literature Is Multilingual, Our Models Should Be   Too"
2403.17830,2024-03-27,Assessment of Multimodal Large Language Models in Alignment with Human   Values
2403.18555,2024-03-28,Debiasing Sentence Embedders through Contrastive Word Pairs
2403.18803,2024-05-27,Projective Methods for Mitigating Gender Bias in Pre-trained Language   Models
2403.18932,2024-03-29,Measuring Political Bias in Large Language Models: What Is Said and How   It Is Said
2403.18872,2024-03-29,Targeted Visualization of the Backbone of Encoder LLMs
2403.19260,2024-06-25,NaijaHate: Evaluating Hate Speech Detection on Nigerian Twitter Using   Representative Data
2403.18341,2024-03-28,IterAlign: Iterative Constitutional Alignment of Large Language Models
2403.18125,2024-03-28,For those who don't know (how) to ask: Building a dataset of technology   questions for digital newcomers
2403.19738,2024-04-01,MIST: Mitigating Intersectional Bias with Disentangled Cross-Attention   Editing in Text-to-Image Diffusion Models
2403.19419,2025-04-21,Fairness in Ranking: Robustness through Randomization without the   Protected Attribute
2403.19725,2024-04-01,MUGC: Machine Generated versus User Generated Content Detection
2403.20147,2024-04-04,IndiBias: A Benchmark Dataset to Measure Social Biases in Language   Models for Indian Context
2403.19836,2024-07-01,Target Span Detection for Implicit Harmful Content
2403.18742,2024-08-08,Understanding the Learning Dynamics of Alignment with Human Feedback
2403.19949,2024-04-09,FairCLIP: Harnessing Fairness in Vision-Language Learning
2403.19964,2024-04-09,FairRAG: Fair Human Generation via Fair Retrieval Augmentation
2403.20158,2024-04-01,ChatGPT v.s. Media Bias: A Comparative Study of GPT-3.5 and Fine-tuned   Language Models
2404.00166,2024-06-11,Uncovering Bias in Large Vision-Language Models with Counterfactuals
2403.19508,2025-09-09,Fairness-Aware Data Augmentation for Cardiac MRI using Text-Conditioned Diffusion Models
2403.20089,2024-06-27,Implications of the AI Act for Non-Discrimination Law and Algorithmic   Fairness
2403.20103,2024-04-01,NLP for Counterspeech against Hate: A Survey and How-To Guide
2404.00463,2024-04-02,Addressing Both Statistical and Causal Gender Fairness in NLP Models
2403.19148,2024-09-10,"GenAI Detection Tools, Adversarial Techniques and Implications for   Inclusivity in Higher Education"
2403.19165,2024-04-02,Evaluating Fair Feature Selection in Machine Learning for Healthcare
2404.00929,2024-12-10,"A Survey on Multilingual Large Language Models: Corpora, Alignment, and   Bias"
2404.01070,2024-04-16,Advancing AI with Integrity: Ethical Challenges and Solutions in Neural   Machine Translation
2404.01030,2024-05-03,"Survey of Bias In Text-to-Image Generation: Definition, Evaluation, and   Mitigation"
2404.00579,2024-07-08,A Review of Modern Recommender Systems Using Generative Models   (Gen-RecSys)
2404.00990,2024-04-02,Exploring the Nexus of Large Language Models and Legal Systems: A Short   Survey
2404.01349,2024-12-20,Fairness in Large Language Models: A Taxonomic Survey
2404.01399,2025-01-07,Developing Safe and Responsible Large Language Model : Can We Balance   Bias Reduction and Language Understanding in Large Language Models?
2404.00750,2024-10-07,Can Language Models Recognize Convincing Arguments?
2404.00629,2024-11-27,Against The Achilles' Heel: A Survey on Red Teaming for Generative   Models
2404.01954,2024-04-16,HyperCLOVA X Technical Report
2404.01461,2024-07-24,Will the Real Linda Please Stand up...to Large Language Models?   Examining the Representativeness Heuristic in LLMs
2404.01854,2024-09-16,IndoCulture: Exploring Geographically-Influenced Cultural Commonsense   Reasoning Across Eleven Indonesian Provinces
2404.01857,2024-04-03,Detecting Gender Bias in Course Evaluations
2404.01722,2024-04-03,Sentence-level Media Bias Analysis with Event Relation Graph
2404.02013,2024-04-04,"Breaking the Silence Detecting and Mitigating Gendered Abuse in Hindi,   Tamil, and Indian English Online Spaces"
2404.02205,2024-07-02,A Holistic Indicator of Polarization to Measure Online Sexism
2404.01715,2024-04-03,EMONA: Event-level Moral Opinions in News Articles
2404.01322,2024-04-03,A Review of Multi-Modal Large Language and Vision Models
2404.01651,2024-04-03,"NLP Systems That Can't Tell Use from Mention Censor Counterspeech, but   Teaching the Distinction Helps"
2404.02650,2024-04-04,Towards detecting unanticipated bias in Large Language Models
2404.02681,2024-04-04,PejorativITy: Disambiguating Pejorative Epithets to Improve Misogyny   Detection in Italian Tweets
2404.01768,2024-11-19,"Stereotype Detection in LLMs: A Multiclass, Explainable, and   Benchmark-Driven Approach"
2404.03192,2024-06-27,Do Large Language Models Rank Fairly? An Empirical Study on the Fairness   of LLMs as Rankers
2404.03086,2024-04-05,Auditing the Use of Language Models to Guide Hiring Decisions
2404.02530,2024-09-18,Manipulating and Mitigating Generative Model Biases without Retraining
2404.02822,2024-04-05,Identifying Climate Targets in National Laws and Policies using Machine   Learning
2404.03134,2024-10-08,"Robust Pronoun Fidelity with English LLMs: Are they Reasoning,   Repeating, or Just Biased?"
2404.03242,2024-04-05,Would Deep Generative Models Amplify Bias in Future Models?
2404.03471,2026-01-15,Template-Based Probes Are Imperfect Lenses for Counterfactual Bias Evaluation in LLMs
2404.03411,2024-12-17,Red Teaming GPT-4V: Are GPT-4V Safe Against Uni/Multi-Modal Jailbreak   Attacks?
2404.03788,2024-07-04,Understanding Language Modeling Paradigm Adaptations in Recommender   Systems: Lessons Learned and Open Challenges
2404.03044,2024-04-05,The Artificial Intelligence Ontology: LLM-assisted construction of AI   concept hierarchies
2404.04838,2024-09-24,Data Bias According to Bipol: Men are Naturally Right and It is the Role   of Women to Follow Their Lead
2404.04286,2024-10-31,Bias Amplification in Language Model Evolution: An Iterated Learning   Perspective
2404.04748,2025-05-06,Multilingual Brain Surgeon: Large Language Models Can be Compressed   Leaving No Language Behind
2404.05143,2024-04-09,Plug and Play with Prompts: A Prompt Tuning Approach for Controlling   Text Generation
2404.05047,2024-09-12,Initial Exploration of Zero-Shot Privacy Utility Tradeoffs in Tabular   Data Using GPT-4
2404.05365,2024-05-14,NLP Progress in Indigenous Latin American Languages
2404.05399,2025-01-13,SafetyPrompts: a Systematic Review of Open Datasets for Evaluating and   Improving Large Language Model Safety
2404.05540,2024-04-09,OPSD: an Offensive Persian Social media Dataset and its baseline   evaluations
2404.05866,2024-08-12,GeniL: A Multilingual Dataset on Generalizing Language
2404.05429,2024-04-17,"Re-Ranking News Comments by Constructiveness and Curiosity Significantly   Increases Perceived Respect, Trustworthiness, and Interest"
2404.04814,2024-08-28,Inference-Time Rule Eraser: Fair Recognition via Distilling and Removing   Biased Rules
2404.05993,2024-09-12,AEGIS: Online Adaptive AI Content Safety Moderation with Ensemble of LLM   Experts
2404.06138,2024-07-09,Cendol: Open Instruction-tuned Generative Large Language Models for   Indonesian Languages
2404.06619,2024-04-11,FairPair: A Robust Evaluation of Biases in Language Models through   Paired Perturbations
2404.06621,2024-04-11,"What is Your Favorite Gender, MLM? Gender Bias Evaluation in   Multilingual Masked Language Models"
2404.06488,2024-04-10,Pitfalls of Conversational LLMs on News Debiasing
2404.06833,2025-02-07,Does Mapo Tofu Contain Coffee? Probing LLMs for Food-related Cultural   Knowledge
2404.06664,2024-04-11,CulturalTeaming: AI-Assisted Interactive Red-Teaming for Challenging   LLMs' (Lack of) Multicultural Knowledge
2404.05783,2024-09-04,A Survey on Responsible Generative AI: What to Generate and What Not
2404.07475,2024-04-17,Laissez-Faire Harms: Algorithmic Biases in Generative Language Models
2404.07354,2024-07-22,FairEM360: A Suite for Responsible Entity Matching
2404.07036,2024-04-11,A Computational Analysis of the Dehumanisation of Migrants from Syria   and Ukraine in Slovene News Media
2404.07612,2024-04-12,Measuring Geographic Diversity of Foundation Models with a Natural   Language--based Geo-guessing Experiment on GPT-4
2404.06717,2024-04-11,Racial/Ethnic Categories in AI and Algorithmic Fairness: Why They Matter   and What They Represent
2404.06407,2024-05-08,Rethinking How to Evaluate Language Model Jailbreak
2404.06422,2024-04-10,Echo Chambers in the Age of Algorithms: An Audit of Twitter's Friend   Recommender System
2404.07304,2025-03-25,We're Calling an Intervention: Exploring Fundamental Hurdles in Adapting   Language Models to Nonstandard Text
2404.07900,2025-03-27,High-Dimension Human Value Representation in Large Language Models
2404.08064,2024-09-23,The Impact of Speech Anonymization on Pathology and Its Limits
2404.07226,2025-12-19,Houston we have a Divergence: A Subgroup Performance Analysis of ASR Models
2404.07990,2024-08-06,OpenBias: Open-set Bias Detection in Text-to-Image Generative Models
2404.08760,2024-10-16,The Generation Gap: Exploring Age Bias in the Value Systems of Large   Language Models
2404.07814,2025-02-21,"Lexical Complexity Prediction and Lexical Simplification for Catalan and   Spanish: Resource Creation, Quality Assessment, and Ethical Considerations"
2404.08699,2024-07-30,PoliTune: Analyzing the Impact of Data Selection and Fine-Tuning on   Economic and Political Biases in Large Language Models
2404.08676,2024-06-25,ALERT: A Comprehensive Benchmark for Assessing Large Language Models'   Safety through Red Teaming
2404.08517,2024-04-15,"Online Safety Analysis for LLMs: a Benchmark, an Assessment, and a Path   Forward"
2404.09785,2024-04-16,"Benchmarking Llama2, Mistral, Gemma and GPT for Factuality, Toxicity,   Bias and Propensity for Hallucinations"
2404.09664,2024-04-16,Closing the Gap in the Trade-off between Fair Representations and   Accuracy
2404.09454,2024-04-25,Utility-Fairness Trade-Offs and How to Find Them
2404.09138,2024-04-16,From Bytes to Borsch: Fine-Tuning Gemma and Mistral for the Ukrainian   Language Representation
2404.10160,2024-08-19,Reinforcement Learning from Multi-role Debates as Feedback for Bias   Mitigation in LLMs
2404.10508,2025-06-03,"White Men Lead, Black Women Help? Benchmarking and Mitigating Language Agency Social Biases in LLMs"
2404.10199,2024-08-21,CULTURE-GEN: Revealing Global Cultural Perception in Language Models   through Natural Language Prompting
2404.09356,2024-04-16,LLeMpower: Understanding Disparities in the Control and Access of Large   Language Models
2404.10419,2025-03-12,MAD Speech: Measures of Acoustic Diversity of Speech
2404.10636,2024-04-18,"What are human values, and how do we align AI to them?"
2404.10464,2024-08-13,DESTEIN: Navigating Detoxification of Language Models via Universal   Steering Pairs and Head-wise Activation Fusion
2404.10857,2024-04-18,D3CODE: Disentangling Disagreements in Data across Cultures on   Offensiveness Detection and Evaluation
2404.10989,2024-04-18,FairSSD: Understanding Bias in Synthetic Speech Detectors
2404.11726,2025-10-02,Investigating Gender Bias in Turkish Language Models
2404.11018,2024-10-18,Many-Shot In-Context Learning
2404.11036,2024-04-18,Cross-Platform Hate Speech Detection with Weakly Supervised Causal   Disentanglement
2404.11045,2025-05-29,Offset Unlearning for Large Language Models
2404.11049,2024-10-22,Stepwise Alignment for Constrained Language Model Policy Optimization
2404.11752,2024-04-19,Mapping Violence: Developing an Extensive Framework to Build a Bangla   Sectarian Expression Dataset from Social Media Interactions
2404.11782,2024-04-19,REQUAL-LM: Reliability and Equity through Aggregation in Large Language   Models
2404.11845,2024-04-19,Challenging Negative Gender Stereotypes: A Study on the Effectiveness of   Automated Counter-Stereotypes
2404.09932,2024-09-09,Foundational Challenges in Assuring Alignment and Safety of Large   Language Models
2404.11898,2024-04-19,"Enhancing Financial Inclusion and Regulatory Challenges: A Critical   Analysis of Digital Banks and Alternative Lenders Through Digital Platforms,   Machine Learning, and Large Language Models Integration"
2404.11457,2024-08-22,Bias and Unfairness in Information Retrieval Systems: New Challenges in   the LLM Era
2404.11465,2025-03-13,X-posing Free Speech: Examining the Impact of Moderation Relaxation on   Online Social Networks
2404.11470,2024-04-18,A Federated Learning Approach to Privacy Preserving Offensive Language   Identification
2404.11553,2024-12-12,Language Ranker: A Metric for Quantifying LLM Performance Across High   and Low-Resource Languages
2404.12464,2025-07-10,NormAd: A Framework for Measuring the Cultural Adaptability of Large Language Models
2404.12241,2024-05-15,Introducing v0.5 of the AI Safety Benchmark from MLCommons
2404.12104,2025-01-03,Ethical-Lens: Curbing Malicious Usages of Open-Source Text-to-Image   Models
2404.11988,2025-04-22,The Emerging Generative Artificial Intelligence Divide in the United   States
2404.12744,2024-05-13,Beyond Human Norms: Unveiling Unique Values of Large Language Models   through Interdisciplinary Approaches
2404.13465,2024-04-23,"Do ""English"" Named Entity Recognizers Work Well on Global Englishes?"
2404.12259,2024-04-19,Concept Induction: Analyzing Unstructured Text with High-Level Concepts   Using LLooM
2404.12691,2024-09-04,"Data Authenticity, Consent, & Provenance for AI are all broken: what   will it take to fix them?"
2404.12042,2024-04-19,Exploring Boundaries and Intensities in Offensive and Hate Speech:   Unveiling the Complex Spectrum of Social Media Discourse
2404.13885,2025-01-17,Surveying Attitudinal Alignment Between Large Language Models Vs. Humans   Towards 17 Sustainable Development Goals
2404.13038,2024-04-22,Mapping Social Choice Theory to RLHF
2404.13236,2024-05-06,LLMChain: Blockchain-based Reputation System for Sharing and Evaluating   Large Language Models
2404.14068,2024-04-23,Holistic Safety and Responsibility Evaluations of Advanced AI Models
2404.14070,2024-04-23,No General Code of Ethics for All: Ethical Considerations in Human-bot   Psycho-counseling
2404.14682,2024-04-24,Uncovering Name-Based Biases in Large Language Models Through Simulated   Trust Game
2404.14695,2024-04-24,MisgenderMender: A Community-Informed Approach to Interventions for   Misgendering
2404.14397,2025-05-05,RTP-LX: Can LLMs Evaluate Toxicity in Multilingual Scenarios?
2404.14511,2024-07-02,Children's Overtrust and Shifting Perspectives of Generative AI
2404.14219,2024-09-04,Phi-3 Technical Report: A Highly Capable Language Model Locally on Your   Phone
2404.14740,2025-07-23,Modeling the Sacred: Considerations when Using Religious Texts in Natural Language Processing
2404.15238,2024-04-24,CultureBank: An Online Community-Driven Knowledge Base Towards   Culturally Aware Language Technologies
2404.15149,2024-04-24,Bias patterns in the application of LLMs for clinical decision support:   A comprehensive study
2404.15720,2024-10-24,Annotator-Centric Active Learning for Subjective NLP Tasks
2404.15104,2024-05-03,Identifying Fairness Issues in Automatically Generated Testing Content
2404.16123,2024-04-26,FairDeDup: Detecting and Mitigating Vision-Language Fairness Disparities   in Semantic Dataset Deduplication
2404.16308,2024-04-26,WorldValuesBench: A Large-Scale Benchmark Dataset for Multi-Cultural   Value Awareness of Language Models
2404.16019,2024-12-04,"The PRISM Alignment Dataset: What Participatory, Representative and   Individualised Human Feedback Reveals About the Subjective and Multicultural   Alignment of Large Language Models"
2404.16244,2024-04-30,The Ethics of Advanced AI Assistants
2404.15777,2024-05-30,A Comprehensive Survey on Evaluating Large Language Model Applications   in the Medical Industry
2404.16663,2025-08-12,Runtime Monitoring and Enforcement of Conditional Fairness in Generative AIs
2404.17313,2024-06-25,Towards Group-aware Search Success
2404.17401,2025-10-29,Evaluation of Geographical Distortions in Language Models
2404.16899,2024-04-29,mlr3summary: Concise and interpretable summaries for machine learning   models
2404.17218,2025-08-25,Prompting Techniques for Reducing Social Bias in LLMs through System 1 and System 2 Cognitive Processes
2404.16547,2024-04-26,Developing Acoustic Models for Automatic Speech Recognition in Swedish
2404.17874,2025-05-20,From Languages to Geographies: Towards Evaluating Cultural Bias in Hate Speech Datasets
2404.16717,2024-04-26,Embracing Diversity: Interpretable Zero-shot classification beyond one   vector per class
2404.17394,2024-11-20,Child Speech Recognition in Human-Robot Interaction: Problem Solved?
2404.17841,2024-04-30,Toxicity Classification in Ukrainian
2404.18460,2024-04-30,Ethical Reasoning and Moral Value Alignment of LLMs Depend on the   Language we Prompt them in
2404.18534,2024-05-13,Evaluating and Mitigating Linguistic Discrimination in Large Language   Models
2404.18276,2024-04-30,Bias Neutralization Framework: Measuring Fairness in Large Language   Models with Bias Intelligence Quotient (BiQ)
2404.18558,2025-07-24,LangBiTe: A Platform for Testing Bias in Large Language Models
2404.18870,2024-12-24,"More RLHF, More Trust? On The Impact of Preference Alignment On   Trustworthiness"
2404.18231,2024-10-10,From Persona to Personalization: A Survey on Role-Playing Language   Agents
2404.19071,2024-05-01,Blind Spots and Biases: Exploring the Role of Annotator Cognitive Biases   in NLP
2404.19048,2025-05-22,A Framework for Real-time Safeguarding the Text Generation of Large Language Model
2404.19442,2025-05-01,Does Generative AI speak Nigerian-Pidgin?: Issues about   Representativeness and Bias for Multilingualism in LLMs
2404.18940,2024-05-01,Conceptual Mapping of Controversies
2404.18134,2025-10-22,Learning Fairer Representations with FairVIC
2404.18180,2024-04-30,EkoHate: Abusive Language and Hate Speech Detection for Code-switched   Political Discussions on Nigerian Twitter
2404.19159,2024-12-10,What Drives Performance in Multilingual Language Models?
2404.19252,2025-02-11,ViTHSD: Exploiting Hatred by Targets for Hate Speech Detection on   Vietnamese Social Media Texts
2405.00134,2024-05-02,Transforming Dutch: Debiasing Dutch Coreference Resolution Systems for   Non-binary Pronouns
2404.19368,2024-05-01,Exploring Multi-Lingual Bias of Large Code Models in Code Generation
2404.18726,2024-04-30,The Constant in HATE: Analyzing Toxicity in Reddit across Topics and   Languages
2404.18736,2024-06-28,Mapping the Potential of Explainable AI for Fairness Along the AI   Lifecycle
2405.00335,2024-05-02,Finding the white male: The prevalence and consequences of algorithmic   gender and race bias in political Google searches
2405.00588,2024-05-02,Are Models Biased on Text without Gender-related Language?
2405.00966,2024-05-03,Efficient Compression of Multitask Multilingual Speech Models
2405.00693,2024-11-28,Leveraging Large Language Models in Human-Robot Interaction: A Critical   Analysis of Potential and Pitfalls
2405.00978,2024-05-03,Language Fairness in Multilingual Information Retrieval
2405.00704,2024-05-13,A Survey on the Real Power of ChatGPT
2405.00718,2024-05-03,Can't say cant? Measuring and Reasoning of Dark Jargons in Large   Language Models
2405.01886,2024-05-06,Aloe: A Family of Fine-tuned Open Healthcare LLMs
2405.01917,2024-05-06,A comparison of online search engine autocompletion in Google and Baidu
2405.01299,2025-07-01,The Effectiveness of LLMs as Annotators: A Comparative Overview and Empirical Analysis of Direct Representation
2405.01740,2024-05-06,The Psychosocial Impacts of Generative AI Harms
2405.02010,2024-05-06,"The Trade-off between Performance, Efficiency, and Fairness in Adapter   Modules for Text Classification"
2405.01469,2024-05-03,Advancing human-centric AI for robust X-ray analysis through holistic   self-supervised learning
2405.01842,2024-05-06,SGHateCheck: Functional Tests for Detecting Hate Speech in Low-Resource   Languages of Singapore
2405.02219,2024-09-12,A Normative Framework for Benchmarking Consumer Fairness in Large   Language Model Recommender System
2405.02225,2024-05-06,Fair Risk Control: A Generalized Framework for Calibrating Multi-group   Fairness Risks
2405.01577,2024-05-06,HateTinyLLM : Hate Speech Detection Using Tiny Large Language Models
2405.00824,2024-05-03,Efficient and Responsible Adaptation of Large Language Models for Robust   Top-k Recommendations
2405.01783,2024-05-06,Layers of technology in pluriversal design. Decolonising language   technology with the LiveLanguage initiative
2405.01790,2024-05-06,Understanding Position Bias Effects on Fairness in Social Multi-Document   Summarization
2405.03098,2024-05-07,FairMonitor: A Dual-framework for Detecting Stereotypes and Biases in   Large Language Models
2405.02411,2025-02-24,The Call for Socially Aware Language Technologies
2405.03387,2024-05-07,The high dimensional psychological profile and cultural bias of ChatGPT
2405.02714,2024-05-07,Beyond Relevance: Evaluate and Improve Retrievers on Perspective   Awareness
2405.03138,2024-07-11,CRAFT: Extracting and Tuning Cultural Instructions from the Wild
2405.03654,2024-05-08,Can LLMs Deeply Detect Complex Malicious Queries? A Framework for   Jailbreaking via Obfuscating Intent
2405.02472,2024-05-07,Semantic Scaling: Bayesian Ideal Point Estimates with Large Language   Models
2405.02475,2024-06-04,Generalizing Orthogonalization for Models with Non-Linearities
2405.02490,2025-01-10,Software Fairness Debt
2405.04412,2024-11-18,The Silicon Ceiling: Auditing GPT's Race and Gender Biases in Hiring
2405.04160,2024-09-05,A Causal Explainable Guardrails for Large Language Models
2405.04623,2024-05-09,The Dark Side of Dataset Scaling: Evaluating Racial Classification in   Multimodal Models
2405.04756,2025-05-23,Red-Teaming for Inducing Societal Bias in Large Language Models
2405.04457,2024-05-08,Towards Geographic Inclusion in the Evaluation of Text-to-Image Models
2405.04652,2024-05-09,AffirmativeAI: Towards LGBTQ+ Friendly Audit Frameworks for Large   Language Models
2405.04655,2024-05-09,Understanding the Capabilities and Limitations of Large Language Models   for Cultural Commonsense
2405.05049,2024-05-09,Seeds of Stereotypes: A Large-Scale Textual Analysis of Race and Gender   Associations with Diseases in Online Sources
2405.03794,2024-05-08,Detecting Anti-Semitic Hate Speech using Transformer-based Large   Language Models
2405.03862,2024-08-16,"Persona Inconstancy in Multi-Agent LLM Collaboration: Conformity,   Confabulation, and Impersonation"
2405.05080,2024-05-09,Concerns on Bias in Large Language Models when Creating Synthetic   Personae
2405.05204,2025-07-15,CARE-SD: Classifier-based analysis for recognizing and eliminating stigmatizing and doubt marker labels in electronic health records: model development and validation
2405.05506,2024-06-26,Cross-Care: Assessing the Healthcare Implications of Pre-training Data   on Language Model Bias
2405.05688,2024-12-13,Evaluating Dialect Robustness of Language Models via Conversation   Understanding
2405.05248,2024-05-10,LLMs with Personalities in Multi-issue Negotiation Games
2405.04706,2024-05-09,Guiding the Way: A Comprehensive Examination of AI Guidelines in Global   Media
2405.05378,2024-05-10,"""They are uncultured"": Unveiling Covert Harms and Social Threats in LLM   Generated Conversations"
2405.05382,2024-05-10,DrawL: Understanding the Effects of Non-Mainstream Dialects in Prompted   Image Generation
2405.05418,2024-08-30,Mitigating Exaggerated Safety in Large Language Models
2405.04937,2024-05-09,Developing trustworthy AI applications with foundation models
2405.05474,2024-09-25,"(Dis)placed Contributions: Uncovering Hidden Hurdles to Collaborative   Writing Involving Non-Native Speakers, Native Speakers, and AI-Powered   Editing Tools"
2405.06150,2024-05-13,Lost in Transcription: Identifying and Quantifying the Accuracy Biases   of Automatic Speech Recognition Systems Against Disfluent Speech
2405.05610,2024-05-10,Chain of Attack: a Semantic-Driven Contextual Multi-Turn attacker for   LLM
2405.06270,2025-07-28,XAI4LLM. Let Machine Learning Models and LLMs Collaborate for Enhanced In-Context Learning in Healthcare
2405.06346,2024-05-13,Akal Badi ya Bias: An Exploratory Study of Gender Bias in Hindi Language   Technology
2405.06221,2024-05-13,For the Misgendered Chinese in Gender Bias Research: Multi-Task Learning   with Knowledge Distillation for Pinyin Name-Gender Prediction
2405.06058,2024-11-25,Large Language Models Show Human-like Social Desirability Biases in   Survey Responses
2405.06687,2025-01-22,Hire Me or Not? Examining Language Model's Behavior with Occupation   Attributes
2405.06692,2024-05-14,Analyzing Language Bias Between French and English in Conventional   Multilingual Sentiment Analysis Models
2405.05930,2025-02-28,"Trustworthy AI-Generative Content for Intelligent Network Service:   Robustness, Security, and Fairness"
2405.06996,2024-05-14,"Quite Good, but Not Enough: Nationality Bias in Large Language Models --   A Case Study of ChatGPT"
2405.05860,2024-05-10,The Perspectivist Paradigm Shift: Assumptions and Challenges of   Capturing Human Labels
2405.06713,2024-05-22,Unveiling the Competitive Dynamics: A Comparative Evaluation of American   and Chinese LLMs
2405.07076,2024-05-15,Integrating Emotional and Linguistic Models for Ethical Compliance in   Large Language Models
2405.07101,2024-05-14,Advanced Natural-based interaction for the ITAlian language:   LLaMAntino-3-ANITA
2405.07623,2025-08-13,Optimizing Class-Level Probability Reweighting Coefficients for Equitable Prompting Accuracy
2405.07495,2024-05-14,MacBehaviour: An R package for behavioural experimentation on large   language models
2405.07248,2024-05-14,Limited Ability of LLMs to Simulate Human Psychological Behaviours: a   Psychometric Analysis
2405.07960,2025-05-27,AgentClinic: a multimodal agent benchmark to evaluate AI in simulated clinical environments
2405.08209,2024-10-11,Who's in and who's out? A case study of multimodal CLIP-filtering in   DataComp
2405.08238,2024-05-15,Silver-Tongued and Sundry: Exploring Intersectional Pronouns with   ChatGPT
2405.08562,2024-06-14,The Unseen Targets of Hate -- A Systematic Review of Hateful   Communication Datasets
2405.08477,2024-05-15,Enhancing Gender-Inclusive Machine Translation with Neomorphemes and   Large Language Models
2405.08331,2024-05-15,Are Generics and Negativity about Social Groups Common on Social Media?   A Comparative Analysis of Twitter (X) Data
2405.09341,2024-07-02,Large Language Model Bias Mitigation from the Perspective of Knowledge   Editing
2405.09373,2024-08-13,PolygloToxicityPrompts: Multilingual Evaluation of Neural Toxic   Degeneration in Large Language Models
2405.09221,2024-05-16,Bridging the gap in online hate speech detection: a comparative analysis   of BERT and traditional models for homophobic content identification on   X/Twitter
2405.09719,2024-11-05,Spectral Editing of Activations for Large Language Model Alignment
2405.10431,2024-05-20,Thinking Fair and Slow: On the Efficacy of Structured Prompts for   Debiasing Language Models
2405.09679,2024-07-30,Simulating Policy Impacts: Developing a Generative Scenario Writing   Method to Evaluate the Perceived Effects of Regulation
2405.10936,2025-01-08,A Survey on Large Language Models with Multilingualism: Recent Advances   and New Frontiers
2405.11290,2024-07-01,MBIAS: Mitigating Bias in Large Language Models While Retaining Context
2405.10659,2024-05-21,Realistic Evaluation of Toxicity in Large Language Models
2405.10991,2024-05-21,Relative Counterfactual Contrastive Learning for Mitigating Pretrained   Stance Bias in Stance Detection
2405.09543,2024-05-16,Algorithmic Fairness: A Tolerance Perspective
2405.11048,2024-05-21,Exploring Subjectivity for more Human-Centric Assessment of Social   Biases in Large Language Models
2405.11030,2024-05-21,The Unappreciated Role of Intent in Algorithmic Moderation of Social   Media Content
2405.12021,2024-10-10,Can AI Relate: Testing Large Language Model Response for Mental Health   Support
2405.11197,2024-05-21,Designing NLP Systems That Adapt to Diverse Worldviews
2405.11612,2024-07-17,Sociotechnical Implications of Generative Artificial Intelligence for   Information Access
2405.11100,2024-10-23,Are Large Language Models Moral Hypocrites? A Study Based on Moral   Foundations
2405.12744,2024-05-22,The Echoes of Multilinguality: Tracing Cultural Value Shifts during LM   Fine-tuning
2405.13166,2024-05-30,FairLENS: Assessing Fairness in Law Enforcement Speech Recognition
2405.13025,2024-06-25,"A survey on fairness of large language models in e-commerce: progress,   application, and challenge"
2405.13272,2024-05-24,A Multilingual Similarity Dataset for News Article Frame
2405.13379,2024-05-24,You don't understand me!: Comparing ASR results for L1 and L2 speakers   of Swedish
2405.13011,2024-05-24,Unveiling Social Media Comments with a Novel Named Entity Recognition   System for Identity Groups
2405.13039,2024-05-24,"Surgical Feature-Space Decomposition of LLMs: Why, When and How?"
2405.13041,2024-06-06,Assessing Political Bias in Large Language Models
2405.13052,2024-05-24,Large Language Models Can Infer Personality from Free-Form User   Interactions
2405.13777,2024-10-25,No Filter: Cultural and Socioeconomic Diversity in Contrastive   Vision-Language Models
2405.12900,2024-05-22,Adversarial DPO: Harnessing Harmful Data for Reducing Toxicity with   Minimal Impact on Coherence and Evasiveness in Dialogue Agents
2405.12926,2024-09-24,Trusting Fair Data: Leveraging Quality in Fairness-Driven Data Removal   Techniques
2405.12929,2025-04-16,Code-mixed Sentiment and Hate-speech Prediction
2405.12933,2024-06-04,Skin-in-the-Game: Decision Making via Multi-Stakeholder Alignment in   LLMs
2405.14125,2024-11-08,ALI-Agent: Assessing LLMs' Alignment with Human Values via Agent-based   Evaluation
2405.14141,2024-06-05,ViHateT5: Enhancing Hate Speech Detection in Vietnamese With A Unified   Text-to-Text Transformer Model
2405.14277,2024-08-08,Improving Language Models Trained on Translated Data with Continual   Pre-Training and Dictionary Learning Analysis
2405.14191,2025-04-08,S-Eval: Towards Automated and Comprehensive Safety Evaluation for Large   Language Models
2405.14555,2024-06-04,Subtle Biases Need Subtler Measures: Dual Metrics for Evaluating   Representative and Affinity Bias in Large Language Models
2405.13974,2024-05-24,CIVICS: Building a Dataset for Examining Culturally-Informed Values in   Large Language Models
2405.14521,2024-05-24,Synthetic Data Generation for Intersectional Fairness by Leveraging   Hierarchical Group Structure
2405.14034,2024-05-24,Generative AI Search Engines as Arbiters of Public Knowledge: An Audit   of Bias and Authority
2405.14612,2024-05-29,Explaining Multi-modal Large Language Models by Analyzing their Vision   Perception
2405.14808,2024-11-01,Implicit Personalization in Language Models: A Systematic Study
2405.14812,2024-08-20,"As an AI Language Model, ""Yes I Would Recommend Calling the Police"":   Norm Inconsistency in LLM Decision-Making"
2405.15145,2024-11-22,CulturePark: Boosting Cross-cultural Understanding in Large Language   Models
2405.15185,2024-05-27,An Evaluation of Estimative Uncertainty in Large Language Models
2405.15065,2025-10-21,Direct Preference Optimization With Unobserved Preference Heterogeneity: The Necessity of Ternary Preferences
2405.14744,2025-03-25,Exploring Prosocial Irrationality for LLM Agents: A Social Cognition   View
2405.15760,2024-05-27,GPT is Not an Annotator: The Necessity of Human Annotation in Fairness   Benchmark Construction
2405.15739,2024-08-27,Large Language Models Reflect Human Citation Patterns with a Heightened   Citation Bias
2405.15240,2025-05-22,"Towards Real-world Debiasing: Rethinking Evaluation, Challenge, and Solution"
2405.13581,2024-05-24,Safety Alignment for Vision Language Models
2405.16455,2025-08-26,On the Algorithmic Bias of Aligning Large Language Models with RLHF: Preference Collapse and Matching Regularization
2405.15604,2024-09-02,"Text Generation: A Systematic Literature Review of Tasks, Evaluation,   and Challenges"
2405.15624,2025-01-28,Inverse-RLignment: Large Language Model Alignment from Demonstrations   through Inverse Reinforcement Learning
2405.16820,2024-05-28,Laboratory-Scale AI: Open-Weight Models are Competitive with ChatGPT   Even in Low-Resource Settings
2405.16762,2024-05-28,Addressing Discretization-Induced Bias in Demographic Prediction
2405.16860,2024-05-28,Think Before You Act: A Two-Stage Framework for Mitigating Gender Bias   Towards Vision-Language Tasks
2405.16656,2024-05-28,"""I Searched for a Religious Song in Amharic and Got Sexual Content   Instead"": Investigating Online Harm in Low-Resourced Languages on YouTube"
2405.17159,2024-07-16,Stop! In the Name of Flaws: Disentangling Personal Names and   Sociodemographic Attributes in NLP
2405.17512,2024-09-19,On Fairness of Low-Rank Adaptation of Large Models
2405.17345,2024-06-07,Exploring and steering the moral compass of Large Language Models
2405.17798,2024-05-29,Learn to be Fair without Labels: a Distribution-based Learning Framework   for Fair Ranking
2405.17814,2025-02-25,FAIntbench: A Holistic and Precise Benchmark for Bias Evaluation in   Text-to-Image Models
2405.17410,2024-11-22,The Peripatetic Hater: Predicting Movement Among Hate Subreddits
2405.17206,2024-11-20,A Novel Fusion Architecture for PD Detection Using Semi-Supervised   Speech Embeddings
2405.16915,2025-09-16,Multilingual Diversity Improves Vision-Language Representations
2405.17475,2025-02-11,How Culturally Aware are Vision-Language Models?
2405.17490,2024-10-22,"Revisit, Extend, and Enhance Hessian-Free Influence Functions"
2405.17921,2024-05-29,Towards Clinical AI Fairness: Filling Gaps in the Puzzle
2405.18572,2024-05-30,Low-rank finetuning for LLMs: A fairness perspective
2405.18161,2024-05-29,Back to the Drawing Board for Fair Representation Learning
2405.18662,2024-05-30,Understanding Intrinsic Socioeconomic Biases in Large Language Models
2405.18540,2025-03-03,Learning diverse attacks on large language models for robust red-teaming   and safety tuning
2405.18762,2024-05-31,Inpaint Biases: A Pathway to Accurate and Unbiased Image Generation
2405.18780,2025-04-23,Certifying Counterfactual Bias in LLMs
2405.19022,2024-05-30,Towards Standardizing AI Bias Exploration
2405.19323,2024-10-22,Are Large Language Models Chameleons? An Attempt to Simulate Social   Surveys
2405.19479,2024-05-31,Participation in the age of foundation models
2405.19299,2024-05-30,Expert-Guided Extinction of Toxic Tokens for Debiased Generation
2405.19699,2025-05-20,"Fairness in AI-Driven Recruitment: Challenges, Metrics, Methods, and Future Directions"
2405.19701,2024-06-04,Significance of Chain of Thought in Gender Bias Mitigation for   English-Dravidian Machine Translation
2405.19237,2024-05-30,ConceptPrune: Concept Editing in Diffusion Models via Skilled Neuron   Pruning
2405.19342,2024-05-31,Sonos Voice Control Bias Assessment Dataset: A Methodology for   Demographic Bias Assessment in Voice Assistants
2405.19176,2024-05-30,The ethical situation of DALL-E 2
2405.20051,2024-05-31,Threshold-Independent Fair Matching through Score Calibration
2405.20304,2024-05-31,Group Robust Preference Optimization in Reward-free RLHF
2405.20582,2025-02-18,The Point of View of a Sentiment: Towards Clinician Bias Detection in   Psychiatric Notes
2405.20152,2025-05-01,Uncovering Bias in Large Vision-Language Models at Scale with   Counterfactuals
2405.19538,2024-06-05,"CheXpert Plus: Augmenting a Large Chest X-ray Dataset with Text   Radiology Reports, Patient Demographics and Additional Image Formats"
2405.20253,2024-05-31,Evaluating Large Language Model Biases in Persona-Steered Generation
2405.20790,2024-06-10,Intersectional Unfairness Discovery
2405.20755,2024-10-22,Improving code-mixed hate detection by native sample mixing: A case   study for Hindi-English code-mixed scenario
2406.00018,2024-06-04,Large Language Models' Detection of Political Orientation in Newspapers
2406.00020,2024-06-25,Harmful Speech Detection by Language Models Exhibits Gender-Queer   Dialect Bias
2405.20195,2024-06-03,Using Large Language Models for Humanitarian Frontline Negotiation:   Opportunities and Considerations
2405.20956,2024-06-05,A Robot Walks into a Bar: Can Language Models Serve as Creativity   Support Tools for Comedy? An Evaluation of LLMs' Humour Alignment with   Comedians
2406.00548,2024-06-05,LIDAO: Towards Limited Interventions for Debiasing (Large) Language   Models
2406.00393,2024-06-04,Gender Bias Detection in Court Decisions: A Brazilian Case Study
2406.00046,2024-06-12,Hate Speech Detection with Generalizable Target-aware Fairness
2406.00343,2024-06-14,"Beyond Metrics: Evaluating LLMs' Effectiveness in Culturally Nuanced,   Low-Resource Real-World Scenarios"
2406.00602,2025-05-02,From Effectiveness to Efficiency: Uncovering Linguistic Bias in Large   Language Model-based Code Generation
2406.00787,2024-06-04,Applying Intrinsic Debiasing on Downstream Tasks: Challenges and   Considerations for Machine Translation
2406.00591,2024-07-22,Auditing for Racial Discrimination in the Delivery of Education Ads
2406.01399,2024-06-04,Null Compliance: NYC Local Law 144 and the Challenges of Algorithm   Accountability
2406.00936,2024-06-04,A Survey of Useful LLM Evaluation
2406.01449,2024-06-04,SLANT: Spurious Logo ANalysis Toolkit
2406.01457,2024-06-05,Differentially Private Tabular Data Synthesis using Large Language   Models
2406.00983,2024-06-04,"Take its Essence, Discard its Dross! Debiasing for Toxic Language   Detection via Counterfactual Causal Effect"
2406.01018,2024-10-01,Accent Conversion in Text-To-Speech Using Multi-Level VAE and   Adversarial Training
2406.02050,2025-06-16,JBBQ: Japanese Bias Benchmark for Analyzing Social Biases in Large Language Models
2406.01757,2024-06-05,Position: Cracking the Code of Cascading Disparity Towards Marginalized   Communities
2406.01943,2024-06-05,Enhancing Trust in LLMs: Algorithms for Comparing and Interpreting LLMs
2406.02169,2024-06-07,"A multilingual dataset for offensive language and hate speech detection   for hausa, yoruba and igbo languages"
2406.02622,2024-06-06,Safeguarding Large Language Models: A Survey
2406.02090,2024-06-12,"WEIRD ICWSM: How Western, Educated, Industrialized, Rich, and Democratic   is Social Computing Research?"
2406.02721,2024-10-15,Self-Control of LLM Behaviors by Compressing Suffix Gradient into Prefix   Controller
2406.03198,2025-06-06,The Impossibility of Fair LLMs
2406.02966,2025-11-24,Generative AI and Power Imbalances in Global Education: Frameworks for Bias Mitigation
2406.02790,2024-06-06,Building Socially-Equitable Public Models
2406.02889,2024-06-06,Language-guided Detection and Mitigation of Unknown Dataset Bias
2406.02510,2025-06-30,Fairness-Optimized Synthetic EHR Generation for Arbitrary Downstream Predictive Tasks
2406.02361,2024-06-05,Using Self-supervised Learning Can Improve Model Fairness
2406.02801,2024-06-06,SenTopX: Benchmark for User Sentiment on Various Topics
2406.04064,2024-06-07,"Ask LLMs Directly, ""What shapes your bias?"": Measuring Social Bias in   Large Language Models"
2406.03712,2024-12-10,"A Survey on Medical Large Language Models: Technology, Application,   Trustworthiness, and Future Directions"
2406.03953,2024-06-07,Tox-BART: Leveraging Toxicity Attributes for Explanation Generation of   Implicit Hate Speech
2406.03930,2025-03-17,Culturally Aware and Adapted NLP: A Taxonomy and a Survey of the State   of the Art
2406.04220,2026-02-20,BEADs: Bias Evaluation Across Domains
2406.04298,2024-06-07,Measuring and Addressing Indexical Bias in Information Retrieval
2406.04214,2024-06-07,ValueBench: Towards Comprehensively Evaluating Value Orientations and   Understanding of Large Language Models
2406.03582,2024-06-07,Understanding the Limitations of Diffusion Concept Algebra Through Food
2406.04331,2024-11-06,PaCE: Parsimonious Concept Engineering for Large Language Models
2406.03631,2024-06-07,Discovering Bias in Latent Space: An Unsupervised Debiasing Approach
2406.04428,2025-07-08,MoralBench: Moral Evaluation of LLMs
2406.04116,2025-02-18,Promoting the Responsible Development of Speech Datasets for Mental   Health and Neurological Disorders Research
2406.04140,2024-06-07,STraDa: A Singer Traits Dataset
2406.04146,2024-06-07,Towards Understanding Task-agnostic Debiasing Through the Lenses of   Intrinsic Bias and Forgetfulness
2406.05191,2024-11-18,DiffusionPID: Interpreting Diffusion via Partial Information   Decomposition
2406.04755,2025-03-03,LLM Whisperer: An Inconspicuous Attack to Bias LLM Responses
2406.04997,2026-01-06,On the social bias of speech self-supervised models
2406.04551,2024-08-05,Improving Geo-diversity of Generated Images with Contextualized Vendi   Score Guidance
2406.04512,2024-06-10,To Distill or Not to Distill? On the Robustness of Robust Knowledge   Distillation
2406.05392,2024-10-22,Deconstructing The Ethics of Large Language Models from Long-standing   Issues to New-emerging Dilemmas: A Survey
2406.05315,2025-02-25,Aligned at the Start: Conceptual Groupings in LLM Embeddings
2406.05246,2024-06-11,Blended Bots: Infiltration through Identity Deception on Social Media
2406.04876,2025-08-27,HateDebias: On the Diversity and Variability of Hate Speech Debiasing
2406.04892,2024-06-10,Sexism Detection on a Data Diet
2406.05364,2025-03-06,Is On-Device AI Broken and Exploitable? Assessing the Trust and Ethics   in Small Language Models
2406.05559,2024-06-11,ThatiAR: Subjectivity Detection in Arabic News Sentences
2406.04952,2024-08-30,Quantifying Geospatial in the Common Crawl Corpus
2406.04988,2024-08-05,Language models emulate certain cognitive profiles: An investigation of   how predictability measures interact with individual differences
2406.05113,2025-06-09,LlavaGuard: An Open VLM-based Framework for Safeguarding Vision Datasets and Models
2406.05967,2024-11-05,CVQA: Culturally-diverse Multilingual Visual Question Answering   Benchmark
2406.05972,2024-11-04,Decision-Making Behavior Evaluation Framework for LLMs under Uncertain   Context
2406.05902,2024-06-11,Whose Preferences? Differences in Fairness Preferences and Their Impact   on the Fairness of AI Utilizing Human Feedback
2406.05918,2024-06-11,Why Don't Prompt-Based Fairness Metrics Correlate?
2406.06131,2024-06-11,Building Bridges: A Dataset for Evaluating Gender-Fair Machine   Translation into German
2406.05602,2024-06-11,Can Prompt Modifiers Control Bias? A Comparative Analysis of   Text-to-Image Generative Models
2406.06487,2024-11-06,When is Multicalibration Post-Processing Necessary?
2406.06007,2024-11-05,CARES: A Comprehensive Benchmark of Trustworthiness in Medical Vision   Language Models
2406.06369,2024-10-08,Annotation alignment: Comparing LLM and human annotations of   conversational safety
2406.06560,2025-04-22,Inverse Constitutional AI: Compressing Preferences into Principles
2406.05505,2024-06-11,I-SIRch: AI-Powered Concept Annotation Tool For Equitable Extraction And   Analysis Of Safety Insights From Maternity Investigations
2406.06840,2024-06-21,"Silent Signals, Loud Impact: LLMs for Word-Sense Disambiguation of Coded   Dog Whistles"
2406.06665,2025-04-11,Enrolment-based personalisation for improving individual-level fairness   in speech emotion recognition
2406.06435,2024-06-11,Language Models are Alignable Decision-Makers: Dataset and Application   to the Medical Triage Domain
2406.06574,2024-06-12,Towards Transparency: Exploring LLM Trainings Datasets through Visual   Topic Modeling and Semantic Frame
2406.07057,2024-12-09,MultiTrust: A Comprehensive Benchmark Towards Trustworthy Multimodal   Large Language Models
2406.06400,2024-06-13,An Empirical Design Justice Approach to Identifying Ethical   Considerations in the Intersection of Large Language Models and Social   Robotics
2406.06407,2024-11-04,A Taxonomy of Challenges to Curating Fair Datasets
2406.07229,2024-06-12,Improving Commonsense Bias Classification by Mitigating the Influence of   Demographic Terms
2406.07243,2024-07-18,MBBQ: A Dataset for Cross-Lingual Comparison of Stereotypes in   Generative LLMs
2406.07145,2024-06-17,"Failures Are Fated, But Can Be Faded: Characterizing and Mitigating   Unwanted Behaviors in Large-Scale Vision and Language Models"
2406.07504,2024-06-12,"Just Because We Camp, Doesn't Mean We Should: The Ethics of Modelling   Queer Voices"
2406.07685,2024-10-08,Test-Time Fairness and Robustness in Large Language Models
2406.07353,2024-06-12,Toxic Memes: A Survey of Computational Perspectives on the Detection and   Explanation of Meme Toxicities
2406.07594,2024-06-18,MLLMGuard: A Multi-dimensional Safety Evaluation Suite for Multimodal   Large Language Models
2406.06979,2024-11-14,AudioMarkBench: Benchmarking Robustness of Audio Watermarking
2406.07583,2024-06-13,Situated Ground Truths: Enhancing Bias-Aware AI by Situating Data Labels   with SituAnnotate
2406.06599,2024-06-12,Anna Karenina Strikes Again: Pre-Trained LLM Embeddings May Favor   High-Performing Learners
2406.07814,2024-06-13,Collective Constitutional AI: Aligning a Language Model with Public   Input
2406.07287,2025-01-07,Bilingual Sexism Classification: Fine-Tuned XLM-RoBERTa and GPT-3.5   Few-Shot Learning
2406.07302,2024-11-19,BertaQA: How Much Do Language Models Know About Local Culture?
2406.07256,2024-06-12,AS-70: A Mandarin stuttered speech dataset for automatic speech   recognition and stuttering event detection
2406.07275,2025-05-28,DCA-Bench: A Benchmark for Dataset Curation Agents
2406.08222,2025-10-28,Refusal as Silence: Gendered Disparities in Vision-Language Model Responses
2406.08183,2024-06-17,Underneath the Numbers: Quantitative and Qualitative Gender Fairness in   LLMs for Depression Prediction
2406.07699,2024-06-13,CUPID: Contextual Understanding of Prompt-conditioned Image   Distributions
2406.07882,2024-10-15,Designing a Dashboard for Transparency and Control of Conversational AI
2406.07890,2024-06-13,Exploring Speech Foundation Models for Speaker Diarization in   Child-Adult Dyadic Interactions
2406.08453,2024-06-13,ORES-Inspect: A technology probe for machine learning audits on enwiki
2406.07791,2025-11-12,Judging the Judges: A Systematic Study of Position Bias in LLM-as-a-Judge
2406.08818,2024-09-18,Linguistic Bias in ChatGPT: Language Models Reinforce Dialect   Discrimination
2406.08824,2025-11-18,"LLM-Driven Robots Risk Enacting Discrimination, Violence, and Unlawful Actions"
2406.08702,2025-02-11,VLind-Bench: Measuring Language Priors in Large Vision-Language Models
2406.08726,2025-06-12,Standard Language Ideology in AI-Generated Language
2406.09123,2025-03-19,Can I introduce my boyfriend to my grandmother? Evaluating Large   Language Models Capabilities on Iranian Social Norm Classification
2406.08080,2024-06-13,AustroTox: A Dataset for Target-Based Austrian German Offensive Language   Detection
2406.09070,2025-09-16,FairCoT: Enhancing Fairness in Text-to-Image Generation via Chain of Thought Reasoning with Multimodal Large Language Models
2406.09938,2026-01-08,Experiments in News Bias Detection with Pre-Trained Neural Transformers
2406.09948,2025-01-17,BLEnD: A Benchmark for LLMs on Everyday Knowledge in Diverse Cultures   and Languages
2406.09855,2024-10-08,On the Encoding of Gender in Transformer-based ASR Representations
2406.09977,2024-06-17,Disentangling Dialect from Social Bias via Multitask Learning to Improve   Fairness
2406.09561,2024-06-17,Label Noise Robustness for Domain-Agnostic Fair Corrections via Nearest   Neighbors Label Spreading
2406.10130,2024-06-17,The Devil is in the Neurons: Interpreting and Mitigating Social Biases   in Pre-trained Language Models
2406.10133,2024-06-17,Evaluation of Large Language Models: STEM education and Gender   Stereotypes
2406.09779,2024-06-17,OSPC: Detecting Harmful Memes with Large Language Model as a Catalyst
2406.09496,2025-06-24,The World Wide recipe: A community-centred framework for fine-grained data collection and regional bias operationalisation
2406.10400,2025-02-18,"Self-Reflection Makes Large Language Models Safer, Less Biased, and   Ideologically Neutral"
2406.10486,2024-06-18,"Do Large Language Models Discriminate in Hiring Decisions on the Basis   of Race, Ethnicity, and Gender?"
2406.10177,2024-10-03,Inclusive ASR for Disfluent Speech: Cascaded Large-Scale Self-Supervised   Learning with Targeted Fine-Tuning and Data Augmentation
2406.10311,2024-09-04,CHiSafetyBench: A Chinese Hierarchical Safety Benchmark for Large   Language Models
2406.10316,2024-06-18,Gender Representation in TV and Radio: Automatic Information Extraction   methods versus Manual Analyses
2406.10325,2024-11-19,Enhancing Multilingual Voice Toxicity Detection with Speech-Text   Alignment
2406.10773,2024-06-18,Quantifying Generative Media Bias with a Corpus of Real-world and   Generated News Articles
2406.10249,2024-06-18,A Reality check of the benefits of LLM in business
2406.10258,2024-06-19,Curating Grounded Synthetic Data with Global Perspectives for Equitable   AI
2406.10118,2025-03-12,SEACrowd: A Multilingual Multimodal Data Hub and Benchmark Suite for   Southeast Asian Languages
2406.09307,2025-05-28,What is Fair? Defining Fairness in Machine Learning for Health
2406.11107,2025-02-12,Exploring Safety-Utility Trade-Offs in Personalized Language Models
2406.11109,2024-11-19,Investigating Annotator Bias in Large Language Models for Hate Speech   Detection
2406.10429,2024-06-18,Consistency-diversity-realism Pareto fronts of conditional image   generative models
2406.10965,2025-05-22,DocNet: Semantic Structure in Inductive Bias Detection Models
2406.11214,2024-11-15,Problematic Tokens: Tokenizer Bias in Large Language Models
2406.11547,2026-01-22,GECOBench: A Gender-Controlled Text Dataset and Benchmark for Quantifying Biases in Explanations
2406.11331,2024-06-18,They're All Doctors: Synthesizing Diverse Counterfactuals to Mitigate   Associative Bias
2406.10632,2024-06-18,"Applications of Generative AI in Healthcare: algorithmic, ethical, legal   and societal considerations"
2406.10653,2024-06-18,Justice in Healthcare Artificial Intelligence in Africa
2406.10328,2024-06-18,From Pixels to Prose: A Large Dataset of Dense Image Captions
2406.11139,2025-03-19,Breaking Boundaries: Investigating the Effects of Model Editing on   Cross-linguistic Performance
2406.11096,2024-10-04,"The Potential and Challenges of Evaluating Attitudes, Opinions, and   Values in Large Language Models"
2406.11565,2024-10-07,Extrinsic Evaluation of Cultural Competence in Large Language Models
2406.11661,2024-06-21,Cultural Conditioning or Placebo? On the Effectiveness of   Socio-Demographic Prompting
2406.11665,2025-03-04,See It from My Perspective: How Language Affects Cultural Bias in Image   Understanding
2406.11757,2024-10-24,STAR: SocioTechnical Approach to Red Teaming Language Models
2406.11871,2026-02-10,Generative AI voting: fair collective choice is resilient to LLM biases and inconsistencies
2406.12138,2024-06-19,Bias in Text Embedding Models
2406.11370,2024-10-15,Fairer Preferences Elicit Improved Human-Aligned Large Language Model   Judgments
2406.12399,2024-06-19,QueerBench: Quantifying Discrimination in Language Models Toward Queer   Identities
2406.12033,2024-06-21,Unveiling and Mitigating Bias in Mental Health Analysis with Large   Language Models
2406.12216,2024-06-19,Is persona enough for personality? Using ChatGPT to reconstruct an   agent's latent personality from simple descriptions
2406.12165,2024-06-19,Statistical Uncertainty in Word Embeddings: GloVe-V
2406.11988,2024-06-19,Decomposed evaluations of geographic disparities in text-to-image models
2406.12232,2024-10-08,"""You Gotta be a Doctor, Lin"": An Investigation of Name-Based Bias of   Large Language Models in Employment Recommendations"
2406.12387,2024-06-19,Performant ASR Models for Medical Entities in Accented Speech
2406.12679,2024-06-19,Vernacular? I Barely Know Her: Challenges with Style Control and   Stereotyping
2406.12708,2024-10-15,AgentReview: Exploring Peer Review Dynamics with LLM Agents
2406.12347,2024-06-19,Interpreting Bias in Large Language Models: A Feature-Based Approach
2406.12364,2024-06-19,Does Context Help Mitigate Gender Bias in Neural Machine Translation?
2406.11622,2024-10-15,Building Knowledge-Guided Lexica to Model Cultural Variation
2406.12433,2025-02-04,LLM4Rerank: LLM-based Auto-Reranking Framework for Recommendations
2406.11780,2024-06-18,"Split, Unlearn, Merge: Leveraging Data Attributes for More Effective   Unlearning in LLMs"
2406.13138,2025-03-17,Large Language Models are Biased Because They Are Large Language Models
2406.12805,2026-01-16,AITTI: Learning Adaptive Inclusive Token for Text-to-Image Generation
2406.12319,2025-04-21,The Comparative Trap: Pairwise Comparisons Amplifies Biased Preferences   of LLM Evaluators
2406.12934,2024-06-21,Current state of LLM Risks and AI Guardrails
2406.13551,2024-06-21,Mitigating Social Biases in Language Models through Unlearning
2406.13556,2024-06-21,Evaluating Short-Term Temporal Fluctuations of Social Biases in Social   Media Data and Masked Language Models
2406.13912,2024-06-21,From Descriptive Richness to Bias: Unveiling the Dark Side of Generative   Image Caption Enrichment
2406.13925,2024-12-17,GenderAlign: An Alignment Dataset for Mitigating Gender Bias in Large   Language Models
2406.13993,2024-10-17,Exploring Changes in Nation Perception with Nationality-Assigned   Personas in LLMs
2406.13997,2024-09-30,"""Global is Good, Local is Bad?"": Understanding Brand Bias in LLMs"
2406.13677,2025-06-18,Leveraging Large Language Models to Measure Gender Representation Bias in Gendered Language Corpora
2406.14154,2024-06-21,Watching the Watchers: A Comparative Fairness Audit of Cloud-based   Content Moderation Services
2406.14155,2024-10-07,Aligning Large Language Models with Diverse Political Viewpoints
2406.14194,2024-12-30,VLBiasBench: A Comprehensive Benchmark for Evaluating Bias in Large   Vision-Language Model
2406.14023,2025-07-14,Evaluating Implicit Bias in Large Language Models by Attacking From a Psychometric Perspective
2406.13018,2024-06-21,Reclaiming Power over AI: Equipping Queer Teens as AI Designers for HIV   Prevention
2406.14230,2025-06-12,Raising the Bar: Investigating the Values of Large Language Models via Generative Evolving Testing
2406.14686,2024-09-17,A Contrastive Learning Approach to Mitigate Bias in Speech Models
2406.14765,2024-06-24,"ChatGPT as Research Scientist: Probing GPT's Capabilities as a Research   Librarian, Research Ethicist, Data Generator and Data Predictor"
2406.14805,2025-08-07,How Well Do LLMs Represent Values Across Cultures? Empirical Analysis of LLM Responses Based on Hofstede Cultural Dimensions
2406.14847,2025-01-09,Fair Text to Medical Image Diffusion Model with Subgroup Distribution   Aligned Tuning
2406.14856,2025-04-29,"Accessible, At-Home Detection of Parkinson's Disease via Multi-task   Video Analysis"
2406.14462,2024-10-18,Modeling Human Subjectivity in LLMs Using Explicit and Implicit Human   Factors in Personas
2406.14477,2024-06-21,SafeSora: Towards Safety Alignment of Text2Video Generation via a Human   Preference Dataset
2406.14903,2024-06-25,GIEBench: Towards Holistic Evaluation of Group Identity-based Empathy   for Large Language Models
2406.15053,2024-10-21,PARIKSHA: A Large-Scale Investigation of Human-LLM Evaluator Agreement   on Multilingual and Multi-Cultural Data
2406.14835,2025-01-24,ToVo: Toxicity Taxonomy via Voting
2406.15362,2024-10-16,"Diverse Perspectives, Divergent Models: Cross-Cultural Evaluation of   Depression Detection on Twitter"
2406.14598,2025-03-04,SORRY-Bench: Systematically Evaluating Large Language Model Safety   Refusal
2406.15513,2025-06-17,PKU-SafeRLHF: Towards Multi-Level Safety Alignment for LLMs with Human Preference
2406.14993,2024-06-24,Disability Representations: Finding Biases in Automatic Image Generation
2406.15481,2025-06-12,Code-Switching Red-Teaming: LLM Evaluation for Safety and Multilingual Understanding
2406.15484,2025-01-20,JobFair: A Framework for Benchmarking Gender Hiring Bias in Large   Language Models
2406.15869,2024-06-25,A multitask learning framework for leveraging subjectivity of annotators   to identify misogyny
2406.15668,2024-12-24,PI-Whisper: Designing an Adaptive and Incremental Automatic Speech   Recognition System for Edge Devices
2406.16152,2025-10-16,Towards Region-aware Bias Evaluation Metrics
2406.15599,2025-02-10,Pareto-Optimal Learning from Preferences with Hidden Context
2406.15279,2025-02-18,Safe Inputs but Unsafe Output: Benchmarking Cross-modality Safety   Alignment of Large Vision-Language Model
2406.15213,2025-07-08,Backdooring Bias ($B^2$) into Stable Diffusion Models
2406.15227,2024-11-05,A LLM-Based Ranking Method for the Evaluation of Automatic   Counter-Narrative Generation
2406.15948,2025-02-18,Teaching LLMs to Abstain across Languages via Multilingual Feedback
2406.15951,2024-10-14,Modular Pluralism: Pluralistic Alignment via Multi-LLM Collaboration
2406.16572,2024-06-25,ChatGPT's financial discrimination between rich and poor -- misaligned   with human behavior and expectations
2406.16235,2024-11-11,Preference Tuning For Toxicity Mitigation Generalizes Across Languages
2406.16469,2025-06-02,Evaluating Visual and Cultural Interpretation: The K-Viscuit Benchmark with Human-VLM Collaboration
2406.16738,2024-12-03,Inducing Group Fairness in Prompt-Based Language Model Decisions
2406.16767,2024-11-26,The GPT-WritingPrompts Dataset: A Comparative Analysis of Character   Portrayal in Short Stories
2406.16316,2024-06-25,Does Cross-Cultural Alignment Change the Commonsense Morality of   Language Models?
2406.17375,2024-06-26,An Empirical Study on the Characteristics of Bias upon Context Length   Variation for Bangla
2406.17385,2025-11-19,Native Design Bias: Studying the Impact of English Nativeness on Language Model Performance
2406.17647,2024-06-26,Variationist: Exploring Multifaceted Variation and Bias in Written   Language Data
2406.17566,2024-06-26,FrenchToxicityPrompts: a Large Benchmark for Evaluating and Mitigating   Toxicity in French Texts
2406.17097,2024-06-26,"Lower Quantity, Higher Quality: Auditing News Content and User   Perceptions on Twitter/X Algorithmic versus Chronological Timelines"
2406.17974,2025-09-23,Evaluating Fairness in Large Vision-Language Models Across Diverse Demographic Attributes and Prompts
2406.17430,2024-06-26,"Towards Probing Speech-Specific Risks in Large Multimodal Models: A   Taxonomy, Benchmark, and Insights"
2406.17737,2025-11-07,LLM Targeted Underperformance Disproportionately Impacts Vulnerable Users
2406.17947,2025-11-10,Do they mean 'us'? Interpreting Referring Expressions in Intergroup Bias
2406.17864,2024-06-27,AI Risk Categorization Decoded (AIR 2024): From Government Regulations   to Corporate Policies
2406.17126,2026-01-01,MM-SpuBench: Towards Better Understanding of Spurious Biases in Multimodal LLMs
2406.17761,2025-06-12,CaLMQA: Exploring culturally specific long-form question answering across 23 languages
2406.18682,2024-07-09,The Multilingual Alignment Prism: Aligning Global and Local Preferences   to Reduce Harm
2406.18346,2024-06-27,AI Alignment through Reinforcement Learning from Human Feedback?   Contradictions and Limitations
2406.19097,2024-09-10,Fairness and Bias in Multimodal AI: A Survey
2406.18071,2024-07-04,Documenting Ethical Considerations in Open Source AI Models
2406.18900,2025-04-29,The Rise of Artificial Intelligence in Educational Measurement:   Opportunities and Ethical Challenges
2406.18939,2024-06-28,Evaluating AI Group Fairness: a Fuzzy Logic Perspective
2406.17806,2024-06-27,MOSSBench: Is Your Multimodal Language Model Oversensitive to Safe   Queries?
2406.18192,2024-06-28,Methodology of Adapting Large English Language Models for Specific   Cultural Contexts
2406.19497,2024-07-01,Inclusivity in Large Language Models: Personality Traits and Gender Bias   in Scientific Abstracts
2406.19501,2024-12-10,Monitoring Latent World States in Language Models with Propositional   Probes
2406.19504,2024-07-01,Are Generative Language Models Multicultural? A Study on Hausa Culture   and Emotions using ChatGPT
2406.19349,2025-06-13,IndoToxic2024: A Demographically-Enriched Dataset of Hate Speech and Toxicity Types for Indonesian Language
2406.18725,2024-10-04,Jailbreaking LLMs with Arabic Transliteration and Arabizi
2406.18853,2024-10-29,Decoding-Time Language Model Alignment with Multiple Objectives
2406.19564,2024-07-01,Voices Unheard: NLP Resources and Models for Yor\`ub\'a Regional   Dialects
2406.19238,2025-09-01,Revealing Fine-Grained Values and Opinions in Large Language Models
2406.19668,2024-07-01,PopAlign: Population-Level Alignment for Fair Text-to-Image Generation
2406.20087,2024-11-01,ProgressGym: Alignment with a Millennium of Moral Progress
2406.19066,2024-06-28,Dancing in the Shadows: Harnessing Ambiguity for Fairer Classifiers
2407.00340,2024-07-02,The Echoes of the 'I': Tracing Identity with Demographically Enhanced   Word Embeddings
2406.19601,2024-07-01,Designing multi-model conversational AI financial systems: understanding   sensitive values of women entrepreneurs in Brazil
2407.00263,2024-07-02,From Local Concepts to Universals: Evaluating the Multicultural   Understanding of Vision-Language Models
2407.00138,2024-07-02,"Analyzing Quality, Bias, and Performance in Text-to-Image Generative   Models"
2406.19256,2025-03-12,AI Data Readiness Inspector (AIDRIN) for Quantitative Assessment of Data   Readiness for AI
2407.00600,2024-07-02,GenderBias-\emph{VL}: Benchmarking Gender Bias in Vision Language Models   via Counterfactual Probing
2407.00764,2024-07-02,Characterizing Stereotypical Bias from Privacy-preserving Pre-Training
2407.00486,2024-07-02,Towards Massive Multilingual Holistic Bias
2407.01149,2024-07-02,Sociocultural Considerations in Monitoring Anti-LGBTQ+ Content on Social   Media
2407.01270,2024-10-01,The African Woman is Rhythmic and Soulful: An Investigation of Implicit   Biases in LLM Open-ended Text Generation
2407.00416,2024-12-16,"Too Late to Train, Too Early To Use? A Study on Necessity and Viability   of Low-Resource Bengali LLMs"
2407.01081,2024-07-02,CVLUE: A New Benchmark Dataset for Chinese Vision-Language Understanding   Evaluation
2407.01697,2024-11-19,NLPGuard: A Framework for Mitigating the Use of Protected Attributes by   NLP Classifiers
2407.01490,2024-07-22,"LLM See, LLM Do: Guiding Data Generation to Target Non-Differentiable   Objectives"
2407.00377,2024-10-25,The Factuality Tax of Diversity-Intervened Text-to-Image Generation:   Benchmark and Fact-Augmented Intervention
2407.01817,2024-07-03,Race and Privacy in Broadcast Police Communications
2407.02030,2024-07-03,"Breaking Bias, Building Bridges: Evaluation and Mitigation of Social   Biases in LLMs via Contact Hypothesis"
2407.01834,2024-11-26,A Study of Nationality Bias in Names and Perplexity using Off-the-Shelf   Affect-related Tweet Classifiers
2407.02099,2025-07-02,Helpful assistant or fruitful facilitator? Investigating how personas affect language model behavior
2407.01562,2024-07-03,Small but Fair! Fairness for Multimodal Human-Human and Robot-Human   Mental Wellbeing Coaching
2407.01630,2025-12-11,"A survey on the impacts of recommender systems on users, items, and human-AI ecosystems"
2407.02209,2024-07-03,Generative Monoculture in Large Language Models
2407.02066,2024-10-07,BiasDora: Exploring Hidden Biased Associations in Vision-Language Models
2407.02067,2024-10-21,Crossroads of Continents: Automated Artifact Extraction for Cultural   Adaptation with Large Multimodal Models
2407.02273,2025-05-29,Language Model Alignment in Multilingual Trolley Problems
2407.01316,2025-12-09,Evaluating Model Performance Under Worst-case Subpopulations
2407.02408,2025-02-25,CEB: Compositional Evaluation Benchmark for Fairness in Large Language   Models
2407.02333,2024-07-03,Why do LLaVA Vision-Language Models Reply to Images in English?
2407.03129,2024-07-04,Social Bias Evaluation for Large Language Models Requires Prompt   Variations
2407.03211,2024-10-15,How Does Quantization Affect Multilingual LLMs?
2407.02623,2024-10-15,Uplifting Lower-Income Data: Strategies for Socioeconomic Perspective   Shifts in Large Multi-modal Models
2407.01595,2024-07-03,Fairpriori: Improving Biased Subgroup Discovery for Deep Neural Network   Fairness
2407.01599,2025-11-11,"JailbreakZoo: Survey, Landscapes, and Horizons in Jailbreaking Large Language and Vision-Language Models"
2407.02885,2024-12-03,CogErgLLM: Exploring Large Language Model Systems Design Perspective   Using Cognitive Ergonomics
2407.03536,2024-12-16,Social Bias in Large Language Models For Bangla: An Empirical Study on   Gender and Religious Bias
2407.03473,2026-01-27,Exploring LGBTQ+ Bias in Generative AI Answers across Different Country and Religious Contexts
2407.02814,2025-06-09,Images Speak Louder than Words: Understanding and Mitigating Bias in Vision-Language Model from a Causal Mediation Perspective
2407.02996,2024-10-03,Are Large Language Models Consistent over Value-laden Questions?
2407.03000,2024-10-11,VIVA: A Benchmark for Vision-Grounded Decision-Making with Human Values
2407.02448,2024-07-03,Ensemble of pre-trained language models and data augmentation for hate   speech detection from Arabic tweets
2407.02472,2025-04-15,ValueScope: Unveiling Implicit Norms and Values via Return Potential   Model of Social Interactions
2407.02702,2024-08-08,Practical Guide for Causal Pathways and Sub-group Disparity Analysis
2407.03623,2024-07-12,Resampled Datasets Are Not Enough: Mitigating Societal Bias Beyond   Single Attributes
2407.03059,2024-11-05,FairJob: A Real-World Dataset for Fairness in Online Systems
2407.03791,2024-08-27,M5 -- A Diverse Benchmark to Assess the Performance of Large Multimodal   Models Across Multilingual and Multicultural Vision-Language Tasks
2407.04183,2024-09-17,Seeing Like an AI: How LLMs Apply (and Misapply) Wikipedia Neutrality   Norms
2407.03551,2025-12-11,Leveraging Machine Learning to Identify Gendered Stereotypes and Body Image Concerns on Diet and Fitness Online Forums
2407.03232,2024-07-04,Single Character Perturbations Break LLM Alignment
2407.03993,2024-10-08,A Survey on Natural Language Counterfactual Generation
2407.04010,2024-07-08,"Exploring Diachronic and Diatopic Changes in Dialect Continua: Tasks,   Datasets and Challenges"
2407.04503,2026-01-30,When LLMs Play the Telephone Game: Cultural Attractors as Conceptual Tools to Evaluate LLMs in Multi-turn Settings
2407.04047,2024-07-08,Improving Accented Speech Recognition using Data Augmentation based on   Unsupervised Text-to-Speech Synthesis
2407.04048,2024-07-08,Time-bin entangled Bell state generation and tomography on thin-film   lithium niobate
2407.04049,2024-07-08,Occupancy as Set of Points
2407.04050,2024-07-08,Deep Content Understanding Toward Entity and Aspect Target Sentiment   Analysis on Foundation Models
2407.04051,2024-07-12,FunAudioLLM: Voice Understanding and Generation Foundation Models for   Natural Interaction Between Humans and LLMs
2407.04053,2024-10-22,"Edge AI: A Taxonomy, Systematic Review and Future Directions"
2407.04055,2025-11-19,Benchmark on Drug Target Interaction Modeling from a Drug Structure Perspective
2407.04056,2024-07-16,Robust Policy Learning for Multi-UAV Collision Avoidance with Causal   Feature Selection
2407.04057,2024-07-08,TALENT: A Tabular Analytics and Learning Toolbox
2407.04060,2024-07-08,2.4-THz Bandwidth Optical Coherent Receiver Based on a Photonic Crystal   Microcomb
2407.04061,2024-07-15,Detect Closer Surfaces that can be Seen: New Modeling and Evaluation in   Cross-domain 3D Object Detection
2407.04062,2025-07-10,Single-mode emission by phase-delayed coupling between nano-lasers
2407.04063,2025-10-27,"Simple grammar bisimilarity, with an application to session type equivalence"
2407.04064,2024-07-16,Collision Avoidance for Multiple UAVs in Unknown Scenarios with Causal   Representation Disentanglement
2407.04065,2025-01-30,On the Workflows and Smells of Leaderboard Operations (LBOps): An   Exploratory Study of Foundation Model Leaderboards
2407.04066,2025-06-16,E2MPL:An Enduring and Efficient Meta Prompt Learning Framework for Few-shot Unsupervised Domain Adaptation
2407.04067,2024-07-08,Semantic Graphs for Syntactic Simplification: A Revisit from the Age of   LLM
2407.04068,2024-07-08,CLIP-DR: Textual Knowledge-Guided Diabetic Retinopathy Grading with   Ranking-aware Prompting
2407.04069,2024-10-04,"A Systematic Survey and Critical Review on Evaluating Large Language   Models: Challenges, Limitations, and Recommendations"
2407.04070,2024-07-08,Behavioural gap assessment of human-vehicle interaction in real and   virtual reality-based scenarios in autonomous driving
2407.04075,2024-07-08,Sparsest Models Elude Pruning: An Expos\'e of Pruning's Current   Capabilities
2407.04076,2024-07-25,Natively neuromorphic LMU architecture for encoding-free SNN-based HAR   on commercial edge devices
2407.04077,2024-07-08,Enhancing Physical Layer Security in LEO Satellite-Enabled IoT Network   Communications
2407.04078,2024-07-18,DotaMath: Decomposition of Thought with Code Assistance and   Self-correction for Mathematical Reasoning
2407.04079,2024-07-08,AXOLOTL'24 Shared Task on Multilingual Explainable Semantic Change   Modeling
2407.04434,2024-07-08,From 'Showgirls' to 'Performers': Fine-tuning with Gender-inclusive   Language for Bias Reduction in LLMs
2407.04383,2024-07-08,Challenges for Real-Time Toxicity Detection in Online Games
2407.04842,2024-07-09,MJ-Bench: Is Your Multimodal Reward Model Really a Good Judge for   Text-to-Image Generation?
2407.04965,2024-10-15,Beyond Perplexity: Multi-dimensional Safety Evaluation of LLM   Compression
2407.05502,2025-06-26,Faux Polyglot: A Study on Information Disparity in Multilingual Large Language Models
2407.05335,2024-07-09,Understanding and Addressing Gender Bias in Expert Finding Task
2407.05365,2024-08-13,ElecBench: a Power Dispatch Evaluation Benchmark for Large Language   Models
2407.05740,2024-07-10,Do Multilingual Large Language Models Mitigate Stereotype Bias?
2407.03859,2025-12-12,Anthropocentric bias in language model evaluation
2407.05557,2024-07-09,$R^2$-Guard: Robust Reasoning Enabled LLM Guardrail via   Knowledge-Enhanced Logical Reasoning
2407.06003,2024-07-09,Surprising gender biases in GPT
2407.06098,2026-01-28,Epistemological Bias As a Means for the Automated Detection of Injustices in Text
2407.05219,2024-09-04,Flood of Techniques and Drought of Theories: Emotion Mining in Disasters
2407.05250,2024-11-18,CLIMB: A Benchmark of Clinical Bias in Large Language Models
2407.05271,2024-07-09,Beyond Binary Gender Labels: Revealing Gender Biases in LLMs through   Gender-Neutral Name Predictions
2407.06194,2024-11-25,More Distinctively Black and Feminine Faces Lead to Increased   Stereotyping in Vision-Language Models
2407.06177,2024-07-09,Vision-Language Models under Cultural and Inclusive Considerations
2407.06432,2024-07-10,An Empirical Study of Gendered Stereotypes in Emotional Attributes for   Bangla in Multilingual Large Language Models
2407.06323,2025-08-08,"When in Doubt, Cascade: Towards Building Efficient and Capable Guardrails"
2407.05732,2024-07-09,FairPFN: Transformers Can do Counterfactual Fairness
2407.06908,2024-07-10,"Divine LLaMAs: Bias, Stereotypes, Stigmatization, and Emotion   Representation of Religion in Large Language Models"
2407.06917,2024-10-10,"Who is better at math, Jenny or Jingzhen? Uncovering Stereotypes in   Large Language Models"
2407.06839,2024-07-10,A Mamba-based Siamese Network for Remote Sensing Change Detection
2407.06841,2024-07-18,HTD-Mamba: Efficient Hyperspectral Target Detection with Pyramid State   Space Model
2407.06842,2024-07-11,Chat-Edit-3D: Interactive 3D Scene Editing via Text Prompts
2407.06844,2024-07-10,Dynamic Correlation Learning and Regularization for Multi-Label   Confidence Calibration
2407.06846,2024-07-10,SilverCycling: Exploring the Impact of Bike-Based Locomotion on Spatial   Orientation for Older Adults in VR
2407.06847,2024-07-10,Gaunt coefficients for complex and real spherical harmonics with   applications to spherical array processing and Ambisonics
2407.06849,2025-11-13,TeVAE: A Variational Autoencoder Approach for Discrete Online Anomaly Detection in Variable-state Multivariate Time-series Data
2407.06851,2024-07-10,Safe-Embed: Unveiling the Safety-Critical Knowledge of Sentence Encoders
2407.06852,2024-07-10,TE-SSL: Time and Event-aware Self Supervised Learning for Alzheimer's   Disease Progression Analysis
2407.06853,2024-07-10,TimeTravel: Real-time Timing Drift Attack on System Time Using Acoustic   Waves
2407.06855,2024-07-10,Performance Evaluation of Knowledge Graph Embedding Approaches under   Non-adversarial Attacks
2407.06857,2024-07-10,Enhanced Battery Degradation-Aware Scheduling for Distribution Network   with Electric Vehicle Load
2407.06861,2024-07-10,Window-to-Window BEV Representation Learning for Limited FoV Cross-View   Geo-localization
2407.06862,2024-07-10,Trust and Resilience in Federated Learning Through Smart Contracts   Enabled Decentralized Systems
2407.06863,2025-01-22,Beyond Aesthetics: Cultural Competence in Text-to-Image Models
2407.06864,2024-07-10,Coinductive Techniques for Checking Satisfiability of Generalized Nested   Conditions
2407.06866,2025-08-27,ChatGPT Doesn't Trust Chargers Fans: Guardrail Sensitivity in Context
2407.06868,2025-07-29,DRL-AdaPart: DRL-Driven Adaptive STAR-RIS Partitioning for Fair and Frugal Resource Utilization
2407.06869,2024-07-10,Forcing quasirandomness with 4-point permutations
2407.06871,2024-07-10,Rethinking Image-to-Video Adaptation: An Object-centric Perspective
2407.06872,2024-10-08,Quantum Query-Space Lower Bounds Using Branching Programs
2407.06875,2024-10-10,Extending the blended generalized extreme value distribution
2407.06881,2024-07-10,Efficient Stochastic Routing in Path-Centric Uncertain Road Networks --   Extended Version
2407.06882,2025-12-23,StableShard: Stable and Scalable Blockchain Sharding with High Concurrency via Collaborative Committees
2407.06885,2024-07-10,Meerkat: A Distributed Reactive Programming Language with Live Updates
2407.06380,2024-10-22,"Data, Data Everywhere: A Guide for Pretraining Dataset Construction"
2407.05965,2024-09-10,T2VSafetyBench: Evaluating the Safety of Text-to-Video Generative Models
2407.05977,2024-07-09,Exploring Human-LLM Conversations: Mental Models and the Originator of   Toxicity
2407.06957,2025-05-22,Listen and Speak Fairly: A Study on Semantic Gender Bias in Speech Integrated Large Language Models
2407.07235,2024-07-11,Speech After Gender: A Trans-Feminine Perspective on Next Steps for   Speech Science and Technology
2407.06576,2024-11-05,Virtual Personas for Language Models via an Anthology of Backstories
2407.07630,2024-07-11,A Review of the Challenges with Massive Web-mined Corpora Used in Large   Language Models Pre-Training
2407.08188,2024-07-12,"Position: Measure Dataset Diversity, Don't Just Claim It"
2407.08189,2024-07-12,fairBERTs: Erasing Sensitive Information Through Semantic and   Fairness-aware Perturbations
2407.07666,2024-07-11,"A Proposed S.C.O.R.E. Evaluation Framework for Large Language Models :   Safety, Consensus, Objectivity, Reproducibility and Explainability"
2407.07329,2024-12-13,Probability of Differentiation Reveals Brittleness of Homogeneity Bias   in GPT-4
2407.08563,2025-04-29,"Vox Populi, Vox AI? Using Language Models to Estimate German Public   Opinion"
2407.08422,2024-07-30,On the (In)Security of LLM App Stores
2407.08441,2025-02-14,Are Large Language Models Really Bias-Free? Jailbreak Prompts for   Assessing Adversarial Robustness to Bias Elicitation
2407.08770,2025-02-12,Model Surgery: Modulating LLM's Behavior Via Simple Parameter Editing
2407.08818,2024-11-19,MAGNET: Improving the Multilingual Fairness of Language Models with   Adaptive Gradient-Based Tokenization
2407.08842,2024-07-15,Evaluating Nuanced Bias in Large Language Model Free Response Answers
2407.08495,2024-10-07,Investigating LLMs as Voting Assistants via Contextual Augmentation: A   Case Study on the European Parliament Elections 2024
2407.08689,2024-07-12,"Operationalizing the Blueprint for an AI Bill of Rights: Recommendations   for Practitioners, Researchers, and Policy Makers"
2407.09327,2024-07-15,Sina at FigNews 2024: Multilingual Datasets Annotated with Bias and   Propaganda
2407.08322,2024-07-12,Intelligent Multi-Document Summarisation for Extracting Insights on   Racial Inequalities from Maternity Incident Investigation Reports
2407.08328,2024-07-12,Unveiling Disparities in Maternity Care: A Topic Modelling Approach to   Analysing Maternity Incident Investigation Reports
2407.08926,2024-07-15,Toward Automatic Group Membership Annotation for Group Fairness   Evaluation
2407.09241,2024-07-15,The Sociolinguistic Foundations of Language Modeling
2407.09429,2024-07-15,Open (Clinical) LLMs are Sensitive to Instruction Phrasings
2407.09704,2024-07-16,What an Elegant Bridge: Multilingual LLMs are Biased Similarly in   Different Languages
2407.09551,2024-07-16,Diminishing Stereotype Bias in Image Generation Model using   Reinforcemenlent Learning Feedback
2407.09481,2024-07-16,"ChatGPT and Vaccine Hesitancy: A Comparison of English, Spanish, and   French Responses Using a Validated Scale"
2407.09823,2025-06-02,NativQA: Multilingual Culturally-Aligned Natural Query for LLMs
2407.09652,2025-08-12,How Chinese are Chinese Language Models? The Puzzling Lack of Language Policy in China's LLMs
2407.09661,2024-11-15,Bridging Dictionary: AI-Generated Dictionary of Partisan Language Use
2407.10241,2024-07-23,BiasAlert: A Plug-and-play Tool for Social Bias Detection in LLMs
2407.09447,2025-09-24,ASTPrompter: Preference-Aligned Automated Language Model Red-Teaming to Generate Low-Perplexity Unsafe Prompts
2407.10371,2024-07-16,The Silent Curriculum: How Does LLM Monoculture Shape Educational   Content and Its Accessibility?
2407.08970,2025-06-16,Self-interpreting Adversarial Images
2407.08986,2024-07-15,"Exploring Generative AI Policies in Higher Education: A Comparative   Perspective from China, Japan, Mongolia, and the USA"
2407.10920,2024-10-15,Benchmarking Vision Language Models for Cultural Understanding
2407.10853,2026-01-29,An Actionable Framework for Assessing Bias and Fairness in Large Language Model Use Cases
2407.10329,2025-03-10,"Generative Discrimination: What Happens When Generative AI Exhibits   Bias, and What Can Be Done About It"
2407.10725,2024-07-16,CLAVE: An Adaptive Framework for Evaluating Values of LLM Generated   Responses
2407.10633,2024-07-16,Evaluating Model Bias Requires Characterizing its Mistakes
2407.10829,2024-07-16,BiasScanner: Automatic Detection and Classification of News Bias to   Strengthen Democracy
2407.11387,2024-07-17,"A Framework for Evaluating Appropriateness, Trustworthiness, and Safety   in Mental Wellness AI Chatbots"
2407.11215,2024-10-17,Mechanistic interpretability of large language models with applications   to the financial services industry
2407.11409,2024-07-17,Representation Bias in Political Sample Simulations with Large Language   Models
2407.09975,2025-07-16,The GPT Surprise: Offering Large Language Model Chat in a Massive Coding Class Reduced Engagement but Increased Adopters Exam Performances
2407.11190,2024-07-17,In Silico Sociology: Forecasting COVID-19 Polarization with Large   Language Models
2407.11203,2024-07-17,The Life Cycle of Large Language Models: A Review of Biases in Education
2407.11833,2024-07-17,LoFTI: Localization and Factuality Transfer to Indian Locales
2407.11733,2024-08-02,How Are LLMs Mitigating Stereotyping Harms? Learning from Search Engine   Studies
2407.11933,2026-02-05,Fairness-Aware Multi-Group Target Detection in Online Discussion
2407.10995,2024-07-22,LionGuard: Building a Contextualized Moderation Classifier to Tackle   Localized Unsafe Content
2407.11002,2024-10-25,MoESD: Mixture of Experts Stable Diffusion to Mitigate Gender Bias
2407.11012,2024-07-17,Exploring Gender-Specific Speech Patterns in Automatic Suicide Risk   Assessment
2407.12031,2024-07-18,Evaluation of Bias Towards Medical Professionals in Large Language   Models
2407.12018,2024-07-18,Empirical Evaluation of Public HateSpeech Datasets
2407.12500,2024-07-30,Automate or Assist? The Role of Computational Models in Identifying   Gendered Discourse in US Capital Trial Transcripts
2407.12680,2025-08-28,Reducing Biases towards Minoritized Populations in Medical Curricular Content via Artificial Intelligence for Fairer Health Outcomes
2407.12801,2025-01-22,Evaluation of LLMs Biases Towards Elite Universities: A Persona-Based   Exploration
2407.12344,2024-07-18,The Better Angels of Machine Personality: How Personality Relates to LLM   Safety
2407.12872,2024-07-19,Evaluating Large Language Models with fmeval
2407.12815,2024-07-19,"SMLT-MUGC: Small, Medium, and Large Texts -- Machine versus   User-Generated Content Detection and Comparison"
2407.12822,2024-07-19,Lightweight Large Language Model for Medication Enquiry: Med-Pal
2407.12824,2024-07-19,Whispering Experts: Neural Interventions for Toxicity Mitigation in   Language Models
2407.12836,2024-07-19,OSPC: Artificial VLM Features for Hateful Meme Detection
2407.12850,2026-01-07,Limits to Predicting Online Speech Using Large Language Models
2407.12856,2025-08-12,AI-AI Bias: large language models favor communications generated by large language models
2407.12858,2024-07-19,Grounding and Evaluation for Large Language Models: Practical Challenges   and Lessons Learned (Survey)
2407.13522,2025-02-25,INDIC QA BENCHMARK: A Multilingual Benchmark to Evaluate Question   Answering capability of LLMs for Indic Languages
2407.13833,2024-08-26,"Phi-3 Safety Post-Training: Aligning Language Models with a ""Break-Fix""   Cycle"
2407.13710,2024-11-06,OxonFair: A Flexible Toolkit for Algorithmic Fairness
2407.14164,2024-07-22,Experiences of Censorship on TikTok Across Marginalised Identities
2407.13957,2024-10-29,The Group Robustness is in the Details: Revisiting Finetuning under   Spurious Correlations
2407.13982,2024-07-22,Reexamining Racial Disparities in Automatic Speech Recognition   Performance: The Role of Confounding by Provenance
2407.14344,2024-10-23,"LLMs left, right, and center: Assessing GPT's capabilities to label   political bias from web domains"
2407.13891,2024-11-22,High Risk of Political Bias in Black Box Emotion Inference Models
2407.14259,2024-07-22,Voices in a Crowd: Searching for Clusters of Unique Perspectives
2407.13928,2024-07-22,BiasDPO: Mitigating Bias in Language Models through Direct Preference   Optimization
2407.14180,2024-07-22,Automatic Classification of News Subjects in Broadcast News: Application   to a Gender Bias Representation Analysis
2407.15286,2024-10-10,Intrinsic Self-correction for Enhanced Morality: An Analysis of Internal   Mechanisms and the Superficial Hypothesis
2407.15316,2024-07-23,AI as a Tool for Fair Journalism: Case Studies from Malta
2407.15240,2025-04-02,BIGbench: A Unified Benchmark for Evaluating Multi-dimensional Social   Biases in Text-to-Image Models
2407.15154,2024-07-23,Fine-grained Gender Control in Machine Translation with Large Language   Models
2407.15184,2024-07-23,Decoding Multilingual Moral Preferences: Unveiling LLM's Biases Through   the Moral Machine Experiment
2407.13787,2024-07-25,The Honorific Effect: Exploring the Impact of Japanese Linguistic   Formalities on AI-Generated Physics Explanations
2407.15366,2024-07-23,Walking in Others' Shoes: How Perspective-Taking Guides Large Language   Models in Reducing Toxicity and Bias
2407.15227,2024-07-23,A Community-Centric Perspective for Characterizing and Detecting   Anti-Asian Violence-Provoking Speech
2407.14614,2024-12-02,Evaluating language models as risk scores
2407.14779,2024-08-06,Do Generative AI Models Output Harm while Representing Non-Western   Cultures: Evidence from A Community-Centered Approach
2407.15851,2024-10-08,A Survey on Trustworthiness in Foundation Models for Medical Image   Analysis
2407.16266,2024-07-24,Beyond Binary Gender: Evaluating Gender-Inclusive Machine Translation   with Ambiguous Attitude Words
2407.16292,2025-12-23,"Visual Stereotypes of Autism Spectrum in Janus-Pro-7B, DALL-E, Stable Diffusion, SDXL, FLUX, and Midjourney"
2407.16951,2024-07-25,Towards Transfer Unlearning: Empirical Evidence of Cross-Domain Bias   Mitigation
2407.15645,2024-07-23,Psychometric Alignment: Capturing Human Knowledge Distributions via   Language Models
2407.16431,2024-07-24,FairFlow: An Automated Approach to Model-based Counterfactual Data   Augmentation For NLP
2407.16737,2024-07-25,A Survey of Text Style Transfer: Applications and Ethical Implications
2407.17045,2024-07-30,NewsUnfold: Creating a News-Reading Application That Indicates   Linguistic Media Bias and Collects Feedback
2407.17075,2024-08-14,SAFETY-J: Evaluating Safety with Critique
2407.15390,2024-07-23,ALLaM: Large Language Models for Arabic and English
2407.16804,2025-06-25,"Multimodal Machine Learning in Mental Health: A Survey of Data, Algorithms, and Challenges"
2407.16886,2024-07-25,GPT-4's One-Dimensional Mapping of Morality: How the Accuracy of   Country-Estimates Depends on Moral Domain
2407.16891,2024-07-25,"Cultural Value Differences of LLMs: Prompt, Language, and Model Size"
2407.16892,2024-07-25,Exploring Fusion Techniques in Multimodal AI-Based Recruitment: Insights   from FairCVdb
2407.16536,2024-09-25,Gender in video games: Creativity for inclusivity
2407.16537,2024-10-08,Quantifying the Role of Textual Predictability in Automatic Speech   Recognition
2407.17688,2024-07-29,Examining the Influence of Political Bias on Large Language Model   Performance in Stance Classification
2407.18008,2025-12-02,GermanPartiesQA: Benchmarking Commercial Large Language Models and AI Companions for Political Alignment and Sycophancy
2407.17387,2024-07-25,PERSONA: A Reproducible Testbed for Pluralistic Alignment
2407.17111,2024-07-25,News Ninja: Gamified Annotation of Linguistic Bias in Online News
2407.17129,2024-07-25,"Mapping the individual, social, and biospheric impacts of Foundation   Models"
2407.18147,2024-07-26,The FIGNEWS Shared Task on News Media Narratives
2407.17436,2024-08-07,AIR-Bench 2024: A Safety Benchmark Based on Risk Categories from   Regulations and Policies
2407.18324,2024-07-29,AMA-LSTM: Pioneering Robust and Fair Financial Audio Analysis for Stock   Volatility Prediction
2407.18454,2026-01-16,Fairness Definitions in Language Models Explained
2407.18376,2024-07-29,Exploring Bengali Religious Dialect Biases in Large Language Models with   Evaluation Perspectives
2407.18786,2024-07-29,The power of Prompts: Evaluating and Mitigating Gender Bias in MT with   LLMs
2407.17477,2024-08-01,Toward Automated Detection of Biased Social Signals from the Content of   Clinical Conversations
2407.18689,2024-07-29,The BIAS Detection Framework: Bias Detection in Word Embeddings and   Language Models for European Languages
2407.19345,2025-03-12,Inference-Time Selective Debiasing to Enhance Fairness in Text   Classification Models
2407.18525,2025-10-07,ClinicRealm: Re-evaluating Large Language Models with Conventional Machine Learning for Non-Generative Clinical Prediction Tasks
2407.18745,2025-11-04,"FairAIED: Navigating Fairness, Bias, and Ethics in Educational AI Applications"
2407.19655,2025-05-06,AI-Driven Healthcare: A Review on Ensuring Fairness and Mitigating Bias
2407.19670,2024-07-30,Overview of PerpectiveArg2024: The First Shared Task on Perspective   Argument Retrieval
2407.19760,2024-08-12,"Legal Minds, Algorithmic Decisions: How LLMs Apply Constitutional   Principles in Complex Scenarios"
2407.20224,2026-01-15,Can Editing LLMs Inject Harm?
2407.20371,2024-08-22,"Gender, Race, and Intersectional Bias in Resume Screening via Language   Model Retrieval"
2407.19996,2024-07-30,"Reproducibility Study of ""ITI-GEN: Inclusive Text-to-Image Generation"""
2407.20438,2024-07-31,Generating Gender Alternatives in Machine Translation
2407.20240,2025-11-25,Social and Ethical Risks Posed by General-Purpose LLMs for Settling Newcomers in Canada
2407.21057,2025-06-13,Multi-group Uncertainty Quantification for Long-form Text Generation
2407.21058,2024-08-01,"Understanding the Interplay of Scale, Data, and Bias in Language Models:   A Case Study with BERT"
2407.19524,2024-08-19,VersusDebias: Universal Zero-Shot Debiasing for Text-to-Image Models via   SLM-Based Prompt Engineering and Generative Adversary
2407.20516,2024-07-31,Machine Unlearning in Generative AI: A Survey
2407.21001,2024-10-28,GABInsight: Exploring Gender-Activity Binding Bias in Vision-Language   Models
2407.20274,2024-07-31,Exploring the Plausibility of Hate and Counter Speech Detectors with   Explainable AI
2408.00283,2024-08-02,Navigating Text-to-Image Generative Bias across Indic Languages
2408.00162,2024-08-02,A Taxonomy of Stereotype Content in Large Language Models
2408.00612,2024-08-29,Downstream bias mitigation is all you need
2407.21772,2024-08-06,ShieldGemma: Generative AI Content Moderation Based on Gemma
2407.21792,2024-12-30,Safetywashing: Do AI Safety Benchmarks Actually Measure Safety Progress?
2408.01285,2024-08-05,The Mismeasure of Man and Models: Evaluating Allocational Harms in Large   Language Models
2408.01438,2024-08-06,AI for All: Identifying AI incidents Related to Diversity and Inclusion
2408.01448,2024-08-06,15 Years of Algorithmic Fairness -- Scoping Review of Interdisciplinary   Developments in the Field
2408.01452,2024-08-06,Building a Domain-specific Guardrail Model in Production
2408.01590,2024-08-06,"Interpretations, Representations, and Stereotypes of Caste within   Text-to-Image Generators"
2408.01594,2024-08-06,"""I don't see myself represented here at all"": User Experiences of Stable   Diffusion Outputs Containing Representational Harms across Gender Identities   and Nationalities"
2408.00992,2024-08-09,Fairness in Large Language Models in Three Hours
2408.00307,2024-08-02,ABC Align: Large Language Model Alignment for Safety & Accuracy
2408.00330,2024-08-02,"""Patriarchy Hurts Men Too."" Does Your Model Agree? A Discussion on   Fairness Assumptions"
2408.02143,2024-08-06,Analyzing Cultural Representations of Emotions in LLMs through Mixed   Emotion Survey
2408.01455,2024-08-06,Ontology of Belief Diversity: A Community-Based Epistemological Approach
2408.01460,2024-08-06,LocalValueBench: A Collaboratively Built and Extensible Benchmark for   Evaluating Localized Value Alignment and Ethical Safety in Large Language   Models
2408.01419,2024-08-05,DebateQA: Evaluating Question Answering on Debatable Knowledge
2408.01959,2024-08-29,Dataset Scale and Societal Consistency Mediate Facial Impression Bias in   Vision-Language AI
2408.01961,2024-08-06,"Representation Bias of Adolescents in AI: A Bilingual, Bicultural Study"
2408.01966,2024-08-29,ML-EAT: A Multilevel Embedding Association Test for Interpretable and   Transparent Social Science
2408.02237,2024-08-06,Do Large Language Models Speak All Languages Equally? A Comparative   Study in Low-Resource Settings
2408.02582,2024-08-06,Clustering and Mining Accented Speech for Inclusive and Fair Speech   Recognition
2408.02861,2024-08-07,A Framework for Fine-Tuning LLMs using Heterogeneous Feedback
2408.02948,2024-08-07,Are Female Carpenters like Blue Bananas? A Corpus Investigation of   Occupation Gender Typicality
2408.03907,2024-08-08,Decoding Biases: Automated Methods and LLM Judges for Gender Bias   Detection in Language Models
2408.03459,2025-10-16,Can DPO Learn Diverse Human Values? A Theoretical Scaling Law
2408.03468,2024-08-13,MultiHateClip: A Multilingual Benchmark Dataset for Hateful Video   Detection on YouTube and Bilibili
2408.02798,2024-08-07,Examining Gender and Power on Wikipedia Through Face and Politeness
2408.03837,2024-08-21,WalledEval: A Comprehensive Safety Evaluation Toolkit for Large Language   Models
2408.03849,2024-08-08,Hate Speech Detection and Classification in Amharic Text with Deep   Learning
2408.04023,2024-08-09,Improving Large Language Model (LLM) fidelity through context-aware   grounding: A systematic approach to reliability and veracity
2408.04026,2024-08-09,Multimodal Gender Fairness in Depression Prediction: Insights on Data   from the USA & China
2408.04293,2024-08-09,Are Social Sentiments Inherent in LLMs? An Empirical Study on Extraction   of Inter-demographic Sentiments
2408.03154,2024-08-07,Fake News Detection via Wisdom of Synthetic & Representative Crowds
2408.04671,2024-08-12,Prompt and Prejudice
2408.04556,2025-09-29,BA-LoRA: Bias-Alleviating Low-Rank Adaptation to Mitigate Catastrophic Inheritance in Large Language Models
2408.04900,2024-08-12,Communicate to Play: Pragmatic Reasoning for Efficient Cross-Cultural   Communication in Codenames
2408.05035,2024-08-12,Examining the Behavior of LLM Architectures Within the Framework of   Standardized National Exams in Brazil
2408.05497,2025-05-13,MABR: Multilayer Adversarial Bias Removal Without Prior Bias Knowledge
2408.04643,2024-08-12,"Risks, Causes, and Mitigations of Widespread Deployments of Large   Language Models (LLMs): A Survey"
2408.05102,2024-08-12,How Well Do LLMs Identify Cultural Unity in Diversity?
2408.05794,2025-05-01,HateSieve: A Contrastive Learning Framework for Detecting and Segmenting   Hateful Content in Multimodal Memes
2408.05568,2024-08-13,Metacognitive Myopia in Large Language Models
2408.05328,2024-08-13,From Text to Insight: Leveraging Large Language Models for Performance   Evaluation in Management
2408.06731,2024-08-14,Large language models can consistently generate high-quality content for   election disinformation operations
2408.04811,2025-03-26,h4rm3l: A language for Composable Jailbreak Attack Synthesis
2408.06569,2025-08-21,Social Debiasing for Fair Multi-modal LLMs
2408.06929,2024-08-14,Evaluating Cultural Adaptability of a Large Language Model via   Simulation of Synthetic Personas
2408.05555,2024-08-13,Large Language Model-based Role-Playing for Personalized Medical Jargon   Extraction
2408.07479,2024-08-15,A Study on Bias Detection and Classification in Natural Language   Processing
2408.06518,2025-05-19,Does Liking Yellow Imply Driving a School Bus? Semantic Leakage in Language Models
2408.07665,2025-05-22,Spoken Stereoset: On Evaluating Social Bias Toward Speaker in Speech Large Language Models
2408.07009,2024-12-24,Imagen 3
2408.08212,2024-08-19,Covert Bias: The Severity of Social Views' Unalignment in Language   Models Towards Implicit and Explicit Opinion
2408.08411,2024-10-08,Rater Cohesion and Quality from a Vicarious Perspective
2408.08438,2024-08-19,"Voicing Uncertainty: How Speech, Text, and Visualizations Influence   Decisions with Data Uncertainty"
2408.07873,2025-01-28,Words Matter: Reducing Stigma in Online Conversations about Substance   Use with Large Language Models
2408.07896,2024-11-13,The doctor will polygraph you now: ethical concerns with AI for   fact-checking patients
2408.07900,2025-10-21,Network analysis reveals news press landscape and asymmetric user polarization
2408.08693,2024-08-19,Med-PMC: Medical Personalized Multi-modal Consultation with a Proactive   Ask-First-Observe-Next Paradigm
2408.09049,2025-04-08,When Prompting Fails to Sway: Inertia in Moral and Value Judgments of   Large Language Models
2408.06804,2024-10-29,Deep Learning for Speaker Identification: Architectural Insights from   AB-1 Corpus Analysis and Performance Evaluation
2408.09489,2024-08-20,REFINE-LM: Mitigating Language Model Stereotypes via Reinforcement   Learning
2408.09366,2025-02-12,Improving and Assessing the Fidelity of Large Language Models Alignment   to Online Communities
2408.09327,2025-02-27,Threshold Filtering Packing for Supervised Fine-Tuning: Training Related   Samples within Packs
2408.09701,2025-05-13,Bridging the Language Gap: Enhancing Multilingual Prompt-Based Code Generation in LLMs via Zero-Shot Cross-Lingual Transfer
2408.09111,2024-10-16,Measuring Agreeableness Bias in Multimodal Models
2408.09757,2024-08-20,Strategic Demonstration Selection for Improved Fairness in LLM   In-Context Learning
2408.09459,2024-08-20,WPN: An Unlearning Method Based on N-pair Contrastive Learning in   Language Models
2408.09819,2024-08-20,CMoralEval: A Moral Evaluation Benchmark for Chinese Large Language   Models
2408.10202,2025-05-22,SANER: Annotation-free Societal Attribute Neutralizer for Debiasing CLIP
2408.08651,2025-08-12,Chain of Thought Still Thinks Fast: APriCoT Helps with Thinking Slow
2408.08656,2025-02-25,LLMs Are Biased Towards Output Formats! Systematically Evaluating and   Mitigating Output Format Bias of LLMs
2408.08666,2024-10-29,A Multivocal Literature Review on Privacy and Fairness in Federated   Learning
2408.08896,2024-08-20,LLMJudge: LLMs for Relevance Judgments
2408.09682,2024-08-20,Simulating Field Experiments with Large Language Models
2408.10365,2024-08-21,AI-Driven Review Systems: Evaluating LLMs in Scalable and Bias-Aware   Academic Reviews
2408.09570,2025-10-17,Say My Name: a Model's Bias Discovery Framework
2408.10608,2024-08-21,Promoting Equality in Large Language Models: Identifying and Mitigating   the Implicit Bias based on Bayesian Theory
2408.10528,2024-08-21,"NoMatterXAI: Generating ""No Matter What"" Alterfactual Examples for   Explaining Black-Box Text Classification Models"
2408.10536,2024-08-21,"Synergistic Approach for Simultaneous Optimization of Monolingual,   Cross-lingual, and Multilingual Information Retrieval"
2408.10474,2024-08-21,LeCov: Multi-level Testing Criteria for Large Language Models
2408.10270,2024-08-21,SEAL: Systematic Error Analysis for Value ALignment
2408.11247,2024-08-28,Unboxing Occupational Bias: Grounded Debiasing of LLMs with U.S. Labor   Data
2408.11415,2025-07-15,Political Bias in LLMs: Unaligned Moral Values in Agent-centric Simulations
2408.11358,2024-08-22,Gender Bias Evaluation in Text-to-image Generation: A Survey
2408.11440,2024-08-22,LAHAJA: A Robust Multi-accent Benchmark for Evaluating Hindi ASR Systems
2408.11441,2024-08-22,Epistemic Injustice in Generative AI
2408.11843,2025-02-28,Identifying and Mitigating Social Bias Knowledge in Language Models
2408.11261,2025-10-24,Sycophancy in Vision-Language Models: A Systematic Analysis and an Inference-Time Mitigation Framework
2408.12112,2025-10-22,Balancing Act: Prioritization Strategies for LLM-Designed Restless Bandit Rewards
2408.12055,2024-08-23,Aligning (Medical) LLMs for (Counterfactual) Fairness
2408.10755,2024-08-21,Generating Synthetic Fair Syntax-agnostic Data by Learning and   Distilling Fair Representation
2408.11820,2025-01-23,Responsible AI Question Bank: A Comprehensive Tool for AI Risk   Assessment
2408.11910,2024-08-23,Why am I Still Seeing This: Measuring the Effectiveness Of Ad Controls   and Explanations in AI-Mediated Ad Targeting Systems
2408.12734,2024-08-26,Towards measuring fairness in speech recognition: Fair-Speech dataset
2408.12754,2024-08-26,Artificial Intelligence (AI) Onto-norms and Gender Equality: Unveiling   the Invisible Gender Norms in AI Ecosystems in the Context of Africa
2408.12494,2025-02-25,GenderCARE: A Comprehensive Framework for Assessing and Reducing Gender   Bias in Large Language Models
2408.12692,2025-03-28,Rethinking Training for De-biasing Text-to-Image Generation: Unlocking   the Potential of Stable Diffusion
2408.12250,2024-08-23,Can Artificial Intelligence Embody Moral Values?
2408.11727,2025-09-03,Efficient Detection of Toxic Prompts in Large Language Models
2408.11749,2024-12-17,"Against All Odds: Overcoming Typology, Script, and Language Confusion in   Multilingual Embedding Inversion Attacks"
2408.12942,2024-09-02,Causal-Guided Active Learning for Debiasing Large Language Models
2408.12622,2025-04-14,"The AI Risk Repository: A Comprehensive Meta-Review, Database, and   Taxonomy of Risks From Artificial Intelligence"
2408.12872,2025-07-08,Moral Judgments in Online Discourse are not Biased by Gender
2408.13464,2024-10-25,Uncovering Biases with Reflective Large Language Models
2408.12259,2025-02-14,How Safe is Your Safety Metric? Automatic Concatenation Tests for Metric   Reliability
2408.12289,2024-11-18,Catalog of General Ethical Requirements for AI Certification
2408.13614,2024-08-27,As Biased as You Measure: Methodological Pitfalls of Bias Evaluations in   Speaker Verification Research
2408.13171,2025-11-14,Lessons in co-creation: the inconvenient truths of inclusive sign language technology development
2408.14262,2024-08-27,Self-supervised Speech Representations Still Struggle with African   American Vernacular English
2408.13295,2024-09-04,Exploring Bias and Prediction Metrics to Characterise the Fairness of   Machine Learning for Equity-Centered Public Health Decision-Making: A   Narrative Review
2408.14435,2025-09-16,Social Perception of Faces in a Vision-Language Model
2408.14842,2024-08-28,From Bias to Balance: Detecting Facial Expression Recognition Biases in   Large Multimodal Foundation Models
2408.14845,2025-10-17,AAVENUE: Detecting LLM Biases on NLU Tasks in AAVE via a Novel Benchmark
2408.15406,2024-08-29,Intertwined Biases Across Social Media Spheres: Unpacking Correlations   in Media Bias Dimensions
2408.15204,2025-02-11,Can Unconfident LLM Annotations Be Used for Confident Conclusions?
2408.15261,2024-08-29,Civiverse: A Dataset for Analyzing User Engagement with Open-Source   Text-to-Image Models
2408.14159,2024-08-27,"""Hi. I'm Molly, Your Virtual Interviewer!"" -- Exploring the Impact of   Race and Gender in AI-powered Virtual Interview Experiences"
2408.15895,2024-08-29,Bias in LLMs as Annotators: The Effect of Party Cues on Labelling   Decision by Large Language Models
2408.15313,2025-04-09,Bi-Factorial Preference Optimization: Balancing Safety-Helpfulness in   Language Models
2408.15696,2025-02-07,"Comparing diversity, negativity, and stereotypes in Chinese-language AI   technologies: an investigation of Baidu, Ernie and Qwen"
2408.15391,2024-09-06,Examining the Interplay Between Privacy and Fairness for Speech   Processing: A Review and Perspective
2408.15769,2024-08-29,A Survey on Evaluation of Multimodal Large Language Models
2408.15066,2025-10-31,Constraining Participation: Affordances of Feedback Features in Interfaces to Large Language Models
2408.16700,2024-08-30,GradBias: Unveiling Word Influence on Bias in Text-to-Image Generative   Models
2408.16629,2025-03-31,LLMs generate structurally realistic social networks but overestimate   political homophily
2408.16482,2025-09-09,Self-Alignment: Improving Alignment of Cultural Values in LLMs via In-Context Learning
2408.15550,2024-09-04,Trustworthy and Responsible AI for Human-Centric Autonomous   Decision-Making Systems
2408.16683,2025-04-23,A Catalog of Fairness-Aware Practices in Machine Learning Engineering
2408.16073,2025-04-28,"Using Large Language Models to Create AI Personas for Replication,   Generalization and Prediction of Media Effects: An Empirical Test of 133   Published Experimental Research Findings"
2408.16208,2024-08-30,ReXamine-Global: A Framework for Uncovering Inconsistencies in Radiology   Report Generation Metrics
2408.16942,2024-09-02,A longitudinal sentiment analysis of Sinophobia during COVID-19 using   large language models
2408.17285,2024-09-02,"Image-Perfect Imperfections: Safety, Bias, and Authenticity in the   Shadow of Text-To-Image Model Evolution"
2409.00128,2025-06-23,Can Large Language Models Replace Human Subjects? A Large-Scale Replication of Scenario-Based Experiments in Psychology and Management
2409.00358,2025-02-03,Predicting the Target Word of Game-playing Conversations using a   Low-Rank Dialect Adapter for Decoder Models
2409.00447,2024-09-04,The MERIT Dataset: Modelling and Efficiently Rendering Interpretable   Transcripts
2409.00551,2024-09-04,"Testing and Evaluation of Large Language Models: Correctness,   Non-Toxicity, and Fairness"
2409.00862,2025-02-14,User-Driven Value Alignment: Understanding Users' Perceptions and   Strategies for Addressing Biased and Discriminatory Statements in AI   Companions
2408.17437,2024-11-08,SYNTHEVAL: Hybrid Behavioral Testing of NLP Models with Synthetic   CheckLists
2409.00890,2024-09-04,Towards Investigating Biases in Spoken Conversational Search
2409.00004,2024-09-04,Enhancing Trustworthiness and Minimising Bias Issues in Leveraging   Social Media Data for Disaster Management Response
2409.01497,2024-12-09,DiversityMedQA: Assessing Demographic Biases in Medical Diagnosis using   Large Language Models
2409.00598,2025-06-12,Automatic Pseudo-Harmful Prompt Generation for Evaluating False Refusals in Large Language Models
2409.00781,2024-09-04,Generating Media Background Checks for Automated Source Critical   Reasoning
2409.00787,2024-09-04,The Dark Side of Human Feedback: Poisoning Large Language Models via   User Inputs
2409.01539,2024-09-04,It is Time to Develop an Auditing Framework to Promote Value Aware   Chatbots
2409.00721,2024-09-04,Who Would Chatbots Vote For? Political Preferences of ChatGPT and Gemini   in the 2024 European Union Elections
2409.02519,2024-09-05,Language is Scary when Over-Analyzed: Unpacking Implied Misogynistic   Reasoning with Argumentation Theory-Driven Prompts
2409.02601,2025-03-07,ChatGPT vs Social Surveys: Probing Objective and Subjective Silicon   Population
2409.02432,2024-09-05,Preliminary Insights on Industry Practices for Addressing Fairness Debt
2409.02433,2024-09-05,From Literature to Practice: Exploring Fairness Testing Tools for the   Software Industry Adoption
2409.01658,2025-02-06,From Yes-Men to Truth-Tellers: Addressing Sycophancy in Large Language   Models with Pinpoint Tuning
2409.03183,2024-09-06,Bypassing DARCY Defense: Indistinguishable Universal Adversarial   Triggers
2409.03059,2024-09-06,Quantification of stylistic differences in human- and ASR-produced   transcripts of African American English
2409.02244,2025-06-26,Therapy as an NLP Task: Psychologists' Comparison of LLMs and Human Peers in CBT
2409.03843,2024-09-09,Persona Setting Pitfall: Persistent Outgroup Biases in Large Language   Models Arising from Social Identity Adoption
2409.03462,2024-09-06,Automated Journalism
2409.04043,2024-09-09,Towards Safer Online Spaces: Simulating and Assessing Intervention   Strategies for Eating Disorder Discussions
2409.03735,2025-12-22,Privacy Bias in Language Models: A Contextual Integrity-based Auditing Metric
2409.04340,2024-09-09,AGR: Age Group fairness Reward for Bias Mitigation in LLMs
2409.05005,2024-09-11,Towards Patronizing and Condescending Language in Chinese Videos: A   Multimodal Dataset and Detector
2409.03793,2025-03-04,Safeguarding AI Agents: Developing and Analyzing Safety Architectures
2409.05257,2025-01-03,UPCS: Unbiased Persona Construction for Dialogue Generation
2409.05283,2024-12-02,On the Relationship between Truth and Political Bias in Language Models
2409.05134,2024-09-10,Hate Content Detection via Novel Pre-Processing Sequencing and Ensemble   Methods
2409.05136,2024-09-18,MHS-STMA: Multimodal Hate Speech Detection via Scalable   Transformer-Based Multilevel Attention Framework
2409.04652,2024-09-18,Privacy-Preserving Race/Ethnicity Estimation for Algorithmic Bias   Measurement in the U.S
2409.05247,2024-09-10,Socially Responsible Data for Large Multilingual Language Models
2409.05653,2024-10-08,"WinoPron: Revisiting English Winogender Schemas for Consistency,   Coverage, and Grammatical Case"
2409.04795,2024-09-10,Phrase-Level Adversarial Training for Mitigating Bias in Neural   Network-based Automatic Essay Scoring
2409.05990,2024-09-12,FairHome: A Fair Housing and Fair Lending Dataset
2409.06043,2024-09-11,Identifying the sources of ideological bias in GPT models through   linguistic variation in output
2409.06072,2024-09-11,DetoxBench: Benchmarking Large Language Models for Multitask Fraud &   Abuse Detection
2409.04975,2024-09-10,PatchAlign:Fair and Accurate Skin Disease Image Classification by   Alignment with Clinical Labels
2409.07424,2024-09-12,Towards Fairer Health Recommendations: finding informative unbiased   samples via Word Sense Disambiguation
2409.07246,2024-10-08,Propaganda to Hate: A Multimodal Analysis of Arabic Memes with   Multi-Agent LLMs
2409.05772,2024-09-10,A CLIP-based siamese approach for meme classification
2409.07476,2024-09-13,Responsible AI for Test Equity and Quality: The Duolingo English Test as   a Case Study
2409.06708,2024-09-12,Ensuring Fairness with Transparent Auditing of Quantitative Bias in AI   Systems
2409.08135,2024-09-13,Reducing Population-level Inequality Can Improve Demographic Group   Fairness: a Twitter Case Study
2409.06916,2024-09-12,Interactive Counterfactual Exploration of Algorithmic Harms in   Recommender Systems
2409.08087,2025-11-26,"Securing Large Language Models: Addressing Bias, Misinformation, and Prompt Attacks"
2409.07604,2024-09-13,Multilingual Prompts in LLM-Based Recommenders: Performance Across   Languages
2409.07772,2024-09-13,Alignment with Preference Optimization Is All You Need for LLM Safety
2409.08226,2024-09-13,Exploring Use and Perceptions of Generative AI Art Tools by Blind   Artists
2409.08523,2024-09-17,Eir: Thai Medical Large Language Models
2409.08147,2024-09-13,LLM-POTUS Score: A Framework of Analyzing Presidential Debates with   Large Language Models
2409.09569,2024-09-17,Bias Begets Bias: The Impact of Biased Embeddings on Diffusion Models
2409.09586,2025-11-05,ValueCompass: A Framework for Measuring Contextual Value Alignment Between Human and LLMs
2409.09652,2024-09-17,Unveiling Gender Bias in Large Language Models: Using Teacher's   Evaluation in Higher Education As an Example
2409.09260,2024-09-17,Analyzing Correlations Between Intrinsic and Extrinsic Bias Metrics of   Static Word Embeddings With Their Measuring Biases Aligned
2409.09045,2025-04-21,United in Diversity? Contextual Biases in LLM-Based Predictions of the   2024 European Parliament Elections
2409.10102,2024-09-17,Trustworthiness in Retrieval-Augmented Generation Systems: A Survey
2409.10341,2024-10-03,"Detecting Sexism in German Online Newspaper Comments with Open-Source   Text Embeddings (Team GDA, GermEval2024 Shared Task 1: GerMS-Detect, Subtasks   1 and 2, Closed Track)"
2409.08706,2024-10-31,L3Cube-IndicQuest: A Benchmark Question Answering Dataset for Evaluating   Knowledge of LLMs in Indic Context
2409.09989,2024-09-17,Comprehensive Study on Sentiment Analysis: From Rule-based to modern LLM   based system
2409.09201,2025-01-17,Contextual Evaluation of Large Language Models for Classifying Tropical   and Infectious Diseases
2409.09894,2025-05-01,Estimating Wage Disparities Using Foundation Models
2409.10168,2025-04-16,Algorithmic Behaviors Across Regions: A Geolocation Audit of YouTube   Search for COVID-19 Misinformation Between the United States and South Africa
2409.10825,2026-02-02,Unveiling and Mitigating Bias in Large Language Model Recommendations: A Path to Fairness
2409.10760,2024-09-18,Semantics Preserving Emoji Recommendation with Large Language Models
2409.10989,2024-10-07,GOSt-MT: A Knowledge Graph for Occupation-related Gender Biases in   Machine Translation
2409.11149,2025-01-31,SAGED: A Holistic Bias-Benchmarking Pipeline for Language Models with   Customisable Fairness Calibration
2409.11170,2024-09-18,Capturing Differences in Character Representations Between Communities:   An Initial Study with Fandom
2409.11239,2024-10-03,LLM-as-a-Judge & Reward Model: What They Can and Cannot Do
2409.11404,2024-12-19,AraDiCE: Benchmarks for Dialectal and Cultural Capabilities in LLMs
2409.10633,2024-09-23,Evaluating the Linguistic Coverage of OpenAlex: An Assessment of   Metadata Accuracy and Completeness
2409.11636,2024-09-19,"""A Woman is More Culturally Knowledgeable than A Man?"": The Effect of   Personas on Cultural Norm Interpretation in LLMs"
2409.11638,2025-06-02,BanStereoSet: A Dataset to Measure Stereotypical Social Biases in LLMs for Bangla
2409.10531,2024-09-18,"Googling the Big Lie: Search Engines, News Media, and the US 2020   Election Conspiracy"
2409.11598,2025-07-08,Towards Fair RAG: On the Impact of Fair Ranking in Retrieval-Augmented Generation
2409.11360,2025-03-14,AI Suggestions Homogenize Writing Toward Western Styles and Diminish   Cultural Nuances
2409.11107,2024-09-18,Zero Shot Text to Speech Augmentation for Automatic Speech Recognition   on Low-Resource Accented Speech Corpora
2409.11579,2025-01-22,"HEARTS: A Holistic Framework for Explainable, Sustainable and Robust   Text Stereotype Detection"
2409.10697,2024-09-19,LLMs as information warriors? Auditing how LLM-powered chatbots tackle   disinformation about Russia's war in Ukraine
2409.11491,2024-09-19,Enriching Datasets with Demographics through Large Language Models:   What's in a Name?
2409.11501,2025-01-22,Egalitarian Language Representation in Language Models: It All Begins   with Tokenizers
2409.11219,2025-03-04,"Score Forgetting Distillation: A Swift, Data-Free Method for Machine   Unlearning in Diffusion Models"
2409.10550,2024-09-18,Agentic Society: Merging skeleton from real world and texture from Large   Language Model
2409.12012,2024-09-19,Shannon Entropy is better Feature than Category and Sentiment in User   Feedback Processing
2409.12544,2025-01-15,Nigerian Software Engineer or American Data Scientist? GitHub Profile   Recruitment Bias in Large Language Models
2409.12194,2024-09-23,Gender Representation and Bias in Indian Civil Service Mock Interviews
2409.12623,2024-09-25,CamelEval: Advancing Culturally Aligned Arabic Language Models and   Benchmarks
2409.13064,2024-09-23,Fear and Loathing on the Frontline: Decoding the Language of Othering by   Russia-Ukraine War Bloggers
2409.12106,2025-03-07,Measuring Human and AI Values Based on Generative Psychometrics with   Large Language Models
2409.13335,2024-09-25,Beyond the binary: Limitations and possibilities of gender-related   speech technology research
2409.13484,2024-09-23,'Since Lawyers are Males..': Examining Implicit Gender Bias in Hindi   Language Generation by LLMs
2409.13521,2025-04-07,A Survey on Moral Foundation Theory and Pre-Trained Language Models:   Current Advances and Challenges
2409.13843,2025-02-04,STOP! Benchmarking Large Language Models with Sensitivity Testing on   Offensive Progressions
2409.13979,2025-02-04,Role-Play Paradox in Large Language Models: Reasoning Performance Gains   and Ethical Dilemmas
2409.13705,2024-10-23,Debiasing Text Safety Classifiers through a Fairness-Aware Ensemble
2409.13725,2025-07-25,Identity-related Speech Suppression in Generative AI Content Moderation
2409.13935,2024-09-25,MirrorStories: Reflecting Diversity through Personalized Narrative   Generation with Large Language Models
2409.13884,2024-09-24,A Multi-LLM Debiasing Framework
2409.13897,2024-09-24,LLM for Everyone: Representing the Underrepresented in Large Language   Models
2409.13735,2024-09-24,Analysis of Socially Unacceptable Discourse with Zero-shot Learning
2409.13852,2024-09-24,Do language models practice what they preach? Examining language   ideologies about gendered language reform encoded in LLMs
2409.13176,2024-09-23,Designing an Intervention Tool for End-User Algorithm Audits in   Personalized Recommendation Systems
2409.13557,2024-09-23,Trustworthy Hate Speech Detection Through Visual Augmentation
2409.14583,2025-04-01,"Evaluating Gender, Racial, and Age Biases in Large Language Models: A   Comparative Analysis of Occupational and Crime Scenarios"
2409.14703,2024-10-29,MemeCLIP: Leveraging CLIP Representations for Multimodal Meme   Classification
2409.14144,2024-09-24,Interpreting Arithmetic Mechanism in Large Language Models through   Comparative Neuron Analysis
2409.14226,2024-09-24,Current Trends and Future Directions for Sexual Health Conversational   Agents (CAs) for Youth: A Scoping Review
2409.14858,2024-09-24,LLMs' ways of seeing User Personas
2409.14459,2025-02-03,Exploring Multilingual Probing in Large Language Models: A   Cross-Language Analysis
2409.14464,2024-09-24,AggregHate: An Efficient Aggregative Approach for the Detection of   Hatemongers on Social Platforms
2409.14820,2025-07-31,Past Meets Present: Creating Historical Analogy with Large Language Models
2409.15380,2025-07-02,"Kalahi: A handcrafted, grassroots cultural LLM evaluation suite for Filipino"
2409.14637,2024-09-24,Not Only the Last-Layer Features for Spurious Correlations: All Layer   Deep Feature Reweighting
2409.15299,2024-12-02,Irrelevant Alternatives Bias Large Language Model Hiring Decisions
2409.15567,2024-10-10,Asking an AI for salary negotiation advice is a matter of concern:   Controlled experimental perturbation of ChatGPT for protected and   non-protected group discrimination on a contextual task with no clear ground   truth answers
2409.15604,2024-09-25,Persona-L has Entered the Chat: Leveraging LLM and Ability-based   Framework for Personas of People with Complex Needs
2409.15623,2024-09-25,Safe Guard: an LLM-agent for Real-time Voice-based Hate Speech Detection   in Social Virtual Reality
2409.15949,2025-03-13,Tuning Into Bias: A Computational Study of Gender Bias in Song Lyrics
2409.15762,2025-06-04,XTRUST: On the Multilingual Trustworthiness of Large Language Models
2409.15088,2025-08-05,AdapFair: Ensuring Adaptive Fairness for Machine Learning Operations
2409.16022,2024-10-10,AI Can Be Cognitively Biased: An Exploratory Study on Threshold Priming   in LLM-Based Batch Relevance Assessment
2409.16371,2024-09-26,"Do the Right Thing, Just Debias! Multi-Category Bias Mitigation Using   LLMs"
2409.14586,2024-09-24,Backtracking Improves Generation Safety
2409.16135,2025-08-15,Evaluation of Speech Foundation Models for ASR on Child-Adult Conversations in Autism Diagnostic Sessions
2409.16410,2024-09-26,Evaluating Blocking Biases in Entity Matching
2409.15550,2025-10-28,"Talk, Listen, Connect: How Humans and AI Evaluate Empathy in Responses to Emotionally Charged Narratives"
2409.15827,2024-12-12,Unveiling Language Competence Neurons: A Psycholinguistic Approach to   Model Interpretability
2409.17027,2025-03-26,Counterfactual Token Generation in Large Language Models
2409.16430,2024-09-26,A Comprehensive Survey of Bias in LLMs: Current Landscape and Future   Directions
2409.16849,2024-09-26,Exposing Assumptions in AI Benchmarks through Cognitive Modelling
2409.16860,2024-09-26,The Role of Language Models in Modern Healthcare: A Comprehensive Review
2409.17213,2025-03-25,Plurals: A System for Guiding LLMs Via Simulated Social Ensembles
2409.17191,2024-09-27,"An Effective, Robust and Fairness-aware Hate Speech Detection Framework"
2409.17336,2024-09-27,The Technology of Outrage: Bias in Artificial Intelligence
2409.17130,2025-06-24,Assessing the Level of Toxicity Against Distinct Groups in Bangla Social Media Comments: A Comprehensive Investigation
2409.17155,2024-09-27,Exploring the Boundaries of Content Moderation in Text-to-Image   Generation
2409.16668,2024-10-01,Topic-aware Causal Intervention for Counterfactual Detection
2409.16974,2024-09-26,"Decoding Large-Language Models: A Systematic Overview of Socio-Technical   Impacts, Constraints, and Emerging Questions"
2409.16695,2025-09-05,In which fields can ChatGPT detect journal article quality? An evaluation of REF2021 results
2409.17929,2024-09-27,The Lou Dataset -- Exploring the Impact of Gender-Fair Language in   German Text Classification
2409.17827,2024-09-30,"BeanCounter: A low-toxicity, large-scale, and open dataset of   business-oriented text"
2409.16783,2024-09-26,Holistic Automated Red Teaming for Large Language Models through   Top-Down Test Case Generation and Multi-turn Interaction
2409.16788,2024-09-26,Mitigating the Bias of Large Language Model Evaluation
2409.17416,2024-09-27,From Deception to Detection: The Dual Roles of Large Language Models in   Fake News
2409.18110,2025-04-23,Open-World Evaluation for Retrieving Diverse Perspectives
2409.18335,2024-09-30,A Fairness-Driven Method for Learning Human-Compatible Negotiation   Strategies
2409.18708,2025-09-25,Evading Toxicity Detection with ASCII-art: A Benchmark of Spatial Attacks on Moderation Systems
2409.19078,2025-11-06,Differential privacy enables fair and accurate AI-based analysis of speech disorders while protecting patient data
2409.18203,2025-08-04,Policy Maps: Tools for Guiding the Unbounded Space of LLM Behaviors
2409.18214,2025-07-22,Trustworthy Text-to-Image Diffusion Models: A Timely and Focused Survey
2409.19474,2024-10-08,FairPIVARA: Reducing and Assessing Biases in CLIP-Based Multimodal   Models
2409.19308,2024-12-10,Designing Domain-Specific Large Language Models: The Critical Role of   Fine-Tuning in Public Opinion Simulation
2409.19868,2024-10-02,The Unique Taste of LLMs for Papers: Potential issues in Using LLMs for   Digital Library Document Recommendation Tasks
2409.19541,2024-10-03,Unlabeled Debiasing in Downstream Tasks via Class-wise Low Variance   Regularization
2409.19804,2025-03-28,Does RAG Introduce Unfairness in LLMs? Evaluating Fairness in   Retrieval-Augmented Generation Systems
2409.19959,2025-02-18,Gender Biases in LLMs: Higher intelligence in LLM does not necessarily   solve gender bias and stereotyping
2409.19338,2025-03-12,Decoding Echo Chambers: LLM-Powered Simulations Revealing Polarization   in Social Networks
2409.20204,2025-05-19,Divided by discipline? A systematic literature review on the quantification of online sexism and misogyny using a semi-automated approach
2409.19104,2024-10-01,Responsible AI in Open Ecosystems: Reconciling Innovation with Risk   Assessment and Disclosure
2409.19173,2024-10-01,HM3: Heterogeneous Multi-Class Model Merging
2409.19655,2025-01-14,Assessment and manipulation of latent constructs in pre-trained language   models using psychometric scales
2409.20390,2026-02-19,When Stereotypes GTG: The Impact of Predictive Text Suggestions on Gender Bias in Human-AI Co-Writing
2409.19148,2024-10-01,Uncovering Differences in Persuasive Language in Russian versus English   Wikipedia
2409.20288,2024-11-27,LexEval: A Comprehensive Chinese Legal Benchmark for Evaluating Large   Language Models
2410.00175,2024-10-02,Adaptable Moral Stances of Large Language Models on Sexist Content:   Implications for Society and Gender Discourse
2410.00361,2024-10-02,PclGPT: A Large Language Model for Patronizing and Condescending   Language Detection
2410.00775,2025-06-10,Decoding Hate: Exploring Language Models' Reactions to Hate Speech
2410.00545,2024-10-08,What the Harm? Quantifying the Tangible Impact of Gender Bias in Machine   Translation with a Human-centered Study
2410.00593,2024-10-02,Style-Specific Neurons for Steering LLMs in Text Style Transfer
2410.00906,2025-03-21,Generative AI and Perceptual Harms: Who's Suspected of using LLMs?
2410.00998,2026-01-15,"""Hiding in Plain Sight"": Designing Synthetic Dialog Generation for Uncovering Socially Situated Norms"
2410.01171,2025-06-24,Multilingual Retrieval Augmented Generation for Culturally-Sensitive Tasks: A Benchmark for Cross-lingual Robustness
2410.01089,2024-10-03,FMBench: Benchmarking Fairness in Multimodal Large Language Models on   Medical Tasks
2410.01227,2024-10-03,See Me and Believe Me: Causality and Intersectionality in Testimonial   Injustice in Healthcare
2410.00654,2024-10-02,Explainable Multi-Stakeholder Job Recommender Systems
2410.01810,2025-04-03,Propaganda is all you need
2410.01811,2024-10-04,"Evaluating Cultural Awareness of LLMs for Yoruba, Malayalam, and English"
2410.01708,2024-10-03,Examining the Role of Relationship Alignment in Large Language Models
2410.02584,2024-10-04,Towards Implicit Bias Detection and Mitigation in Multi-Agent LLM   Interactions
2410.02378,2024-10-04,Towards Comprehensive Detection of Chinese Harmful Memes
2410.02657,2024-10-04,Hate Personified: Investigating the role of LLMs in content moderation
2410.02820,2025-09-11,Heuristics and Biases in AI Decision-Making: Implications for Responsible AGI
2410.02783,2024-10-07,Enhancing Mental Health Support through Human-AI Collaboration: Toward   Secure and Empathetic AI-enabled chatbots
2410.02897,2024-10-07,Cognitive Biases in Large Language Models for News Recommendation
2410.02736,2024-10-07,Justice or Prejudice? Quantifying Biases in LLM-as-a-Judge
2410.02042,2024-10-04,EAB-FL: Exacerbating Algorithmic Bias through Model Poisoning Attacks in   Federated Learning
2410.03102,2025-04-22,Examining Racial Stereotypes in YouTube Autocomplete Suggestions
2410.02828,2024-10-07,PyRIT: A Framework for Security Risk Identification and Red Teaming in   Generative AI System
2410.03543,2024-10-07,Re-examining Sexism and Misogyny Classification with Annotator Attitudes
2410.03584,2024-10-07,Discovering Biases in Information Retrieval Models Using Relevance   Thesaurus as Global Explanation
2410.03568,2024-10-07,Towards Linguistically-Aware and Language-Independent Tokenization for   Large Language Models (LLMs)
2410.03448,2025-06-03,"""Cold, Calculated, and Condescending"": How AI Identifies and Explains Ableism Compared to Disabled People"
2410.03466,2024-10-07,Is Safer Better? The Impact of Guardrails on the Argumentative Strength   of LLMs in Hate Speech Countering
2410.03151,2024-10-07,Media Framing through the Lens of Event-Centric Narratives
2410.03996,2024-10-08,On the Influence of Gender and Race in Romantic Relationship Prediction   from Large Language Models
2410.02677,2025-06-04,"CulturalBench: A Robust, Diverse, and Challenging Cultural Benchmark by Human-AI CulturalTeaming"
2410.02683,2025-03-18,DailyDilemmas: Revealing Value Preferences of LLMs with Quandaries of   Daily Life
2410.03818,2024-10-08,Large Language Models can be Strong Self-Detoxifiers
2410.03884,2024-10-08,KidLM: Advancing Language Models for Children -- Early Insights and   Future Directions
2410.04472,2025-01-30,Collapsed Language Models Promote Fairness
2410.03037,2024-10-07,Disentangling Textual and Acoustic Features of Neural Speech   Representations
2410.03049,2024-10-07,Scalable Frame-based Construction of Sociocultural NormBases for   Socially-Aware Dialogues
2410.03868,2025-06-03,Can Language Models Reason about Individualistic Human Values and Preferences?
2410.03126,2024-10-07,Understanding Decision Subjects' Engagement with and Perceived Fairness   of AI Models When Opportunities of Qualification Improvement Exist
2410.04282,2024-10-08,Locating Information Gaps and Narrative Inconsistencies Across   Languages: A Case Study of LGBT People Portrayals on Wikipedia
2410.03786,2024-10-08,AI-rays: Exploring Bias in the Gaze of AI Through a Multimodal   Interactive Installation
2410.04155,2024-10-08,Toxic Subword Pruning for Dialogue Response Generation on Large Language   Models
2410.04527,2024-10-08,Casablanca: Data and Models for Multidialectal Arabic Speech Recognition
2410.04634,2026-01-26,Is What You Ask For What You Get? Investigating Concept Associations in Text-to-Image Models
2410.05180,2024-10-15,Mitigating the Risk of Health Inequity Exacerbated by Large Language   Models
2410.05206,2024-10-08,Studying and Mitigating Biases in Sign Language Understanding Models
2410.05217,2025-11-14,Organizing Unstructured Image Collections using Natural Language
2410.05401,2025-09-24,Post-hoc Study of Climate Microtargeting on Social Media Ads with LLMs: Thematic Insights and Fairness Evaluation
2410.04120,2025-02-11,Rethinking Fair Representation Learning for Performance-Sensitive Tasks
2410.05254,2025-05-23,GLEE: A Unified Framework and Benchmark for Language-based Economic Environments
2410.04452,2024-10-08,MindScope: Exploring cognitive biases in large language models through   Multi-Agent Systems
2410.05600,2024-10-10,Bridging Modalities: Enhancing Cross-Modality Hate Speech Detection with   Few-Shot In-Context Learning
2410.05613,2025-06-03,Stereotype or Personalization? User Identity Biases Chatbot Recommendations
2410.05305,2025-03-31,Output Scouting: Auditing Large Language Models for Catastrophic   Responses
2410.05315,2025-01-10,PalmBench: A Comprehensive Benchmark of Compressed Large Language Models   on Mobile Platforms
2410.05559,2024-10-10,Attribute Controlled Fine-tuning for Large Language Models: A Case Study   on Detoxification
2410.05496,2024-10-10,Intuitions of Compromise: Utilitarianism vs. Contractualism
2410.05573,2025-05-02,TaeBench: Improving Quality of Toxic Adversarial Examples
2410.06566,2024-10-10,Detecting Bias and Enhancing Diagnostic Accuracy in Large Language   Models for Healthcare
2410.06415,2025-06-06,Biased AI can Influence Political Decision-Making
2410.06336,2024-10-10,"Exploring Large Language Models Through a Neurodivergent Lens: Use,   Challenges, Community-Driven Workarounds, and Concerns"
2410.06967,2024-10-10,$\texttt{ModSCAN}$: Measuring Stereotypical Bias in Large   Vision-Language Models from Vision and Language Modalities
2410.07112,2024-10-25,VHELM: A Holistic Evaluation of Vision Language Models
2410.07304,2024-10-11,The Moral Turing Test: Evaluating Human-LLM Alignment in Moral   Decision-Making
2410.06024,2024-10-10,Jet Expansions of Residual Computation
2410.06214,2024-10-15,Fair-OBNC: Correcting Label Noise for Fairer Datasets
2410.07062,2025-02-17,TinyEmo: Scaling down Emotional Reasoning via Metric Projection
2410.07523,2025-11-25,DemoShapley: Valuation of Demonstrations for In-Context Learning
2410.07991,2025-06-13,Human and LLM Biases in Hate Speech Annotations: A Socio-Demographic Analysis of Annotators and Targets
2410.07959,2025-02-04,COMPL-AI Framework: A Technical Interpretation and LLM Benchmarking   Suite for the EU Artificial Intelligence Act
2410.08044,2024-10-11,The Rise of AI-Generated Content in Wikipedia
2410.07589,2024-10-11,"No Free Lunch: Retrieval-Augmented Generation Undermines Fairness in   LLMs, Even for Vigilant Users"
2410.07593,2024-10-30,A Unified Debiasing Approach for Vision-Language Models across   Modalities and Tasks
2410.07820,2024-10-11,Mitigating Gender Bias in Code Large Language Models via Model Editing
2410.08388,2025-09-17,"Responsible AI in NLP: GUS-Net Span-Level Bias Detection Dataset and Benchmark for Generalizations, Unfairness, and Stereotypes"
2410.08327,2024-10-14,Evaluating Differentially Private Synthetic Data Generation in   High-Stakes Domains
2410.07884,2024-10-11,Generated Bias: Auditing Internal Bias Dynamics of Text-To-Image   Generative Models
2410.08053,2024-10-11,A Target-Aware Analysis of Data Augmentation for Hate Speech Detection
2410.08698,2024-10-14,SocialGaze: Improving the Integration of Human Social Norms in Large   Language Models
2410.08820,2025-05-29,Which Demographics do LLMs Default to During Annotation?
2410.08407,2025-04-03,What is Left After Distillation? How Knowledge Transfer Impacts Fairness   and Bias
2410.09220,2024-10-15,M3Hop-CoT: Misogynous Meme Identification with Multimodal Multi-hop   Chain-of-Thought
2410.08811,2025-06-09,PoisonBench: Assessing Large Language Model Vulnerability to Data Poisoning
2410.09365,2024-10-15,Debiasing Vison-Language Models with Text-Only Training
2410.08111,2024-10-11,Active Fourier Auditor for Estimating Distributional Properties of ML   Models
2410.09978,2024-10-15,When Neutral Summaries are not that Neutral: Quantifying Political   Neutrality in LLM-Generated News Summaries
2410.09992,2024-10-15,Evaluating Gender Bias of LLMs in Making Morality Judgements
2410.10398,2024-10-18,"FairMindSim: Alignment of Behavior, Emotion, and Belief in Humans and   LLM Agents Amid Ethical Dilemmas"
2410.10332,2024-10-15,Disentangling Hate Across Target Identities
2410.10489,2024-10-15,Cultural Fidelity in Large-Language Models: An Evaluation of Online   Language Resources as a Driver of Model Performance in Value Representation
2410.08968,2025-03-05,Controllable Safety Alignment: Inference-Time Adaptation to Diverse   Safety Requirements
2410.10153,2024-11-27,"Diagnosing Hate Speech Classification: Where Do Humans and Machines   Disagree, and Why?"
2410.10303,2024-10-15,A Comparative Study of Translation Bias and Accuracy in Multilingual   Large Language Models for Cross-Language Claim Verification
2410.10850,2024-10-18,On the Reliability of Large Language Models to Misinformed and   Demographically-Informed Prompts
2410.10991,2025-01-06,Performance in a dialectal profiling task of LLMs for varieties of   Brazilian Portuguese
2410.10995,2025-06-04,Watching the Watchers: Exposing Gender Disparities in Machine Translation Quality Estimation
2410.11005,2025-06-10,Assessing Dialect Fairness and Robustness of Large Language Models in Reasoning Tasks
2410.11084,2024-10-16,Gender Bias in Decision-Making with Large Language Models: A Study of   Relationship Conflicts
2410.10665,2024-10-15,Double Jeopardy and Climate Impact in the Use of Large Language Models:   Socio-economic Disparities and Reduced Utility for Non-English Speakers
2410.11059,2025-01-22,Assessing Bias in Metric Models for LLM Open-Ended Generation Bias   Benchmarks
2410.11216,2024-11-14,Experiences from Creating a Benchmark for Sentiment Classification for   Varieties of English
2410.10860,2024-10-16,A Recipe For Building a Compliant Real Estate Chatbot
2410.11230,2025-06-30,"""Is Hate Lost in Translation?"": Evaluation of Multilingual LGBTQIA+ Hate Speech Detection"
2410.10801,2024-10-15,Mix Data or Merge Models? Optimizing for Diverse Multi-Task Learning
2410.11647,2025-07-17,Measuring Spiritual Values and Bias of Large Language Models
2410.10650,2024-10-15,Generative AI and Its Impact on Personalized Intelligent Tutoring   Systems
2410.12010,2025-09-26,Bias Similarity Measurement: A Black-Box Audit of Fairness Across LLMs
2410.11745,2024-10-16,Personas with Attitudes: Controlling LLMs for Diverse Data Annotation
2410.12194,2024-10-17,Negative-Prompt-driven Alignment for Generative Language Model
2410.12217,2024-10-17,Accurate and Data-Efficient Toxicity Prediction when Annotators Disagree
2410.12499,2025-02-19,With a Grain of SALT: Are LLMs Fair Across Social Dimensions?
2410.12511,2024-10-17,Advancing Fairness in Natural Language Processing: From Traditional   Methods to Explainability
2410.12174,2024-10-17,Exploring Large Language Models for Hate Speech Detection in Rioplatense   Spanish
2410.12138,2025-03-27,Preference Optimization with Multi-Sample Comparisons
2410.11985,2024-10-17,The Fair Language Model Paradox
2410.12839,2025-08-05,Capturing Bias Diversity in LLMs
2410.12621,2025-03-26,"Weak-to-Strong Generalization beyond Accuracy: a Pilot Study in Safety,   Toxicity, and Legal Reasoning"
2410.12622,2024-12-11,From Measurement Instruments to Data: Leveraging Theory-Driven Synthetic   Training Data for Classifying Social Constructs
2410.12722,2024-10-17,"WorldMedQA-V: a multilingual, multimodal medical examination dataset for   multimodal language models evaluation"
2410.12428,2025-05-27,Conformity in Large Language Models
2410.12380,2025-07-15,Evaluation of Attribution Bias in Generator-Aware Retrieval-Augmented Large Language Models
2410.12874,2024-10-21,On Debiasing Text Embeddings Through Context Injection
2410.12880,2025-01-27,Navigating the Cultural Kaleidoscope: A Hitchhiker's Guide to   Sensitivity in Large Language Models
2410.12864,2024-10-18,Investigating Implicit Bias in Large Language Models: A Large-Scale   Study of Over 50 LLMs
2410.12104,2024-10-17,To Err is AI : A Case Study Informing LLM Flaw Reporting Practices
2410.13206,2025-08-20,BQA: Body Language Question Answering Dataset for Video Large Language Models
2410.13146,2025-04-01,debiaSAE: Benchmarking and Mitigating Vision-Language Model Bias
2410.13313,2024-10-18,Mitigating Biases to Embrace Diversity: A Comprehensive Annotation   Benchmark for Toxic Language
2410.12700,2024-10-17,Embedding an Ethical Mind: Aligning Text-to-Image Synthesis via   Lightweight Value Optimization
2410.13111,2024-10-18,Controllable Generation via Locally Constrained Resampling
2410.13114,2024-10-18,Sound Check: Auditing Audio Datasets
2410.13334,2025-11-26,BiasJailbreak:Analyzing Ethical Biases and Jailbreak Vulnerabilities in Large Language Models
2410.12478,2024-10-21,MlingConf: A Comprehensive Study of Multilingual Confidence Estimation   on Large Language Models
2410.12971,2024-10-18,Self-Pluralising Culture Alignment for Large Language Models
2410.12989,2024-10-18,Qtok: A Comprehensive Framework for Evaluating Multilingual Tokenizer   Quality in Large Language Models
2410.13281,2025-06-03,BanTH: A Multi-label Hate Speech Detection Dataset for Transliterated Bangla
2410.13009,2024-11-27,Is ETHICS about ethics? Evaluating the ETHICS benchmark
2410.13517,2024-11-06,Bias in the Mirror: Are LLMs opinions robust to their own adversarial   attacks ?
2410.13250,2024-10-18,Perceptions of Discriminatory Decisions of Artificial Intelligence:   Unpacking the Role of Individual Characteristics
2410.13976,2024-10-21,Debiasing Large Vision-Language Models by Ablating Protected Attribute   Representations
2410.13776,2025-09-15,Aggregation Artifacts in Subjective Tasks Collapse Large Language Models' Posteriors
2410.13868,2024-10-21,"Stars, Stripes, and Silicon: Unravelling the ChatGPT's All-American,   Monochrome, Cis-centric Bias"
2410.14012,2025-02-11,LLMs are Biased Teachers: Evaluating LLM Bias in Personalized Education
2410.13641,2024-12-17,An Active Learning Framework for Inclusive Generation by Large Language   Models
2410.14194,2024-10-21,Speciesism in Natural Language Processing Research
2410.14201,2024-10-21,Text-to-Image Representativity Fairness Evaluation Framework
2410.14236,2024-10-21,A Novel Method to Metigate Demographic and Expert Bias in ICD Coding   with Causal Inference
2410.13680,2024-10-18,Pessimistic Evaluation
2410.14589,2025-11-19,"Dialetto, ma Quanto Dialetto? Transcribing and Evaluating Dialects on a Continuum"
2410.13915,2024-10-21,A Simulation System Towards Solving Societal-Scale Manipulation
2410.14626,2024-10-21,You Shall Know a Tool by the Traces it Leaves: The Predictability of   Sentiment Analysis Tools
2410.14632,2024-11-07,Diverging Preferences: When do Annotators Disagree and do Models Know?
2410.14978,2024-10-23,Subversive Characters and Stereotyping Readers: Characterizing Queer   Relationalities with Dialogue-Based Relation Extraction
2410.14144,2024-10-21,A Lightweight Multi Aspect Controlled Text Generation Solution For Large   Language Models
2410.14894,2024-11-11,Soft-Label Integration for Robust Toxicity Classification
2410.14391,2025-02-17,Context-Aware or Context-Insensitive? Assessing LLMs' Performance in   Document-Level Translation
2410.14395,2024-10-21,"Generative AI, Pragmatics, and Authenticity in Second Language Learning"
2410.14289,2024-10-21,SwaQuAD-24: QA Benchmark Dataset in Swahili
2410.15234,2025-05-23,Bias Amplification: Large Language Models as Increasingly Biased Media
2410.15442,2024-10-22,Exploring Social Desirability Response Bias in Large Language Models:   Evidence from GPT-4 Simulations
2410.15453,2025-02-07,CROPE: Evaluating In-Context Adaptation of Vision and Language Models to   Culture-Specific Concepts
2410.15464,2025-06-10,A Novel Interpretability Metric for Explaining Bias in Language Models: Applications on Multilingual Models from Southeast Asia
2410.15467,2024-10-22,"Hey GPT, Can You be More Racist? Analysis from Crowdsourced Attempts to   Elicit Biased Content from Generative AI"
2410.15413,2025-11-04,A Comprehensive Evaluation of Cognitive Biases in LLMs
2410.14763,2025-04-15,Enabling Scalable Evaluation of Bias Patterns in Medical LLMs
2410.14950,2024-10-22,A Civics-oriented Approach to Understanding Intersectionally   Marginalized Users' Experience with Hate Speech Online
2410.15726,2024-10-22,Reducing annotator bias by belief elicitation
2410.15821,2024-10-22,The effect of fine-tuning on language model toxicity
2410.15471,2025-02-17,"Generative Models, Humans, Predictive Models: Who Is Worse at   High-Stakes Decision Making?"
2410.15623,2024-10-22,Guardians of Discourse: Evaluating LLMs on Multilingual Offensive   Language Detection
2410.15096,2024-10-22,GDPO: Learning to Directly Align Language Models with Diversity Using   GFlowNets
2410.15314,2025-04-02,KTCR: Improving Implicit Hate Detection with Knowledge Transfer driven   Concept Refinement
2410.15319,2024-10-22,Causality for Large Language Models
2410.15911,2025-01-14,DefVerify: Do Hate Speech Models Reflect Their Dataset's Definition?
2410.15686,2024-10-22,NetSafe: Exploring the Topological Safety of Multi-agent Networks
2410.15522,2025-05-21,M-RewardBench: Evaluating Reward Models in Multilingual Settings
2410.16204,2025-02-18,Machine Learning Approaches for Mental Illness Detection on Social   Media: A Systematic Review of Biases and Methodological Challenges
2410.16520,2025-08-07,AUTALIC: A Dataset for Anti-AUTistic Ableist Language In Context
2410.16574,2024-10-23,How Can We Diagnose and Treat Bias in Large Language Models for Clinical   Decision-Making?
2410.16451,2024-10-24,Susu Box or Piggy Bank: Assessing Cultural Commonsense Knowledge between   Ghana and the U.S
2410.16153,2025-01-28,Pangea: A Fully Open Multilingual Multimodal LLM for 39 Languages
2410.15956,2025-07-29,Do Large Language Models Have an English Accent? Evaluating and Improving the Naturalness of Multilingual LLMs
2410.16672,2025-06-04,The Tug of War Within: Mitigating the Fairness-Privacy Conflicts in Large Language Models
2410.16315,2024-10-23,"Why AI Is WEIRD and Should Not Be This Way: Towards AI For Everyone,   With Everyone, By Everyone"
2410.16325,2025-10-31,This Candidate is [MASK]. Prompt-based Sentiment Extraction and Reference Letters
2410.16927,2024-10-23,Revealing Hidden Bias in AI: Lessons from Large Language Models
2410.16638,2025-05-27,LLMScan: Causal Scan for LLM Misbehavior Detection
2410.16640,2024-10-23,A Statistical Analysis of LLMs' Self-Evaluation Using Proverbs
2410.17032,2024-10-23,Insights on Disagreement Patterns in Multimodal Safety Perception across   Diverse Rater Groups
2410.17040,2025-02-11,Arabic Dataset for LLM Safeguard Evaluation
2410.17333,2025-10-21,Whose Journey Matters? Investigating Identity Biases in Large Language Models (LLMs) for Travel Planning Assistance
2410.16712,2024-10-23,DENOASR: Debiasing ASRs through Selective Denoising
2410.17250,2025-03-20,JMMMU: A Japanese Massive Multi-discipline Multimodal Understanding   Benchmark for Culture-aware Evaluation
2410.17255,2024-10-24,Uncovering Regional Defaults from Photorealistic Forests in   Text-to-Image Generation with DALL-E 2
2410.17739,2025-08-05,Local Contrastive Editing of Gender Stereotypes
2410.17578,2025-04-01,MM-Eval: A Multilingual Meta-Evaluation Benchmark for LLM-as-a-Judge and   Reward Models
2410.17519,2025-08-08,Large Language Models Still Exhibit Bias in Long Text
2410.17196,2024-12-12,VoiceBench: Benchmarking LLM-Based Voice Assistants
2410.18122,2025-11-27,Yesterday's News: Benchmarking Multi-Dimensional Out-of-Distribution Generalization of Misinformation Detection Models
2410.17390,2025-09-10,Revealing The Secret Power: How Algorithms Can Influence Content Visibility on Twitter/X
2410.18417,2025-01-31,Large Language Models Reflect the Ideology of their Creators
2410.17492,2024-10-24,BadFair: Backdoored Fairness Attacks with Group-conditioned Triggers
2410.17655,2024-10-24,Mapping the Media Landscape: Predicting Factual Reporting and Political   Bias Through Web Interactions
2410.18749,2024-10-25,Does Differential Privacy Impact Bias in Pretrained NLP Models?
2410.17433,2024-10-24,Revisiting Technical Bias Mitigation Strategies
2410.18615,2024-10-25,FairQueue: Rethinking Prompt Learning for Fair Text-to-Image Generation
2410.18906,2024-11-12,PRISM: A Methodology for Auditing Biases in Large Language Models
2410.18970,2026-02-12,Bridging Explainability and Embeddings: BEE Aware of Spuriousness
2410.18491,2025-04-15,ChineseSafe: A Chinese Benchmark for Evaluating Safety in Large Language   Models
2410.18836,2024-10-25,From English-Centric to Effective Bilingual: LLMs with Custom Tokenizers   for Underrepresented Languages
2410.18841,2024-10-25,From Efficiency to Equity: Measuring Fairness in Preference Learning
2410.18850,2025-02-12,kNN For Whisper And Its Effect On Bias And Speaker Adaptation
2410.19314,2025-03-14,Revealing and Reducing Gender Biases in Vision and Language Assistants   (VLAs)
2410.19317,2025-06-11,FairMT-Bench: Benchmarking Fairness for Multi-turn Dialogue in Conversational LLMs
2410.18927,2024-10-25,SafeBench: A Safety Evaluation Framework for Multimodal Large Language   Models
2410.19406,2025-06-17,An Auditing Test To Detect Behavioral Shift in Language Models
2410.19775,2024-10-29,Gender Bias of LLM in Economics: An Existentialism Perspective
2410.19003,2024-11-06,"Whither Bias Goes, I Will Go: An Integrative, Systematic Review of   Algorithmic Bias Mitigation"
2410.18270,2024-10-25,Multilingual Hallucination Gaps in Large Language Models
2410.19753,2024-11-11,A Comparative Analysis on Ethical Benchmarking in Large Language Models
2410.19687,2024-10-28,ProvocationProbe: Instigating Hate Speech Dataset from Twitter
2410.18460,2024-10-25,Beyond Multiple-Choice Accuracy: Real-World Challenges of Implementing   Large Language Models in Healthcare
2410.19419,2025-03-12,KAHANI: Culturally-Nuanced Visual Storytelling Tool for Non-Western   Cultures
2410.19198,2024-10-28,MAP: Multi-Human-Value Alignment Palette
2410.19803,2025-03-04,First-Person Fairness in Chatbots
2410.19806,2026-02-17,Learning to Adopt Generative AI
2410.20513,2026-01-23,Self-correction is Not An Innate Capability in Language Models
2410.20265,2024-10-29,You Never Know: Quantization Induces Inconsistent Biases in   Vision-Language Foundation Models
2410.20739,2024-12-02,Gender Bias in LLM-generated Interview Responses
2410.21008,2024-10-29,Is GPT-4 Less Politically Biased than GPT-3.5? A Renewed Investigation   of ChatGPT's Political Biases
2410.20859,2024-10-29,Leveraging AI and Sentiment Analysis for Forecasting Election Outcomes   in Mauritius
2410.20490,2025-10-14,Who Speaks Matters: Analysing the Influence of the Speaker's Ethnicity on Hate Classification
2410.21126,2024-10-29,Current State-of-the-Art of Bias Detection and Mitigation in Machine   Translation for African and European Languages: a Review
2410.20774,2025-05-02,Are LLM-Judges Robust to Expressions of Uncertainty? Investigating the   effect of Epistemic Markers on LLM-based Evaluation
2410.21695,2024-10-30,CFSafety: Comprehensive Fine-grained Safety Assessment for LLMs
2410.21573,2024-10-31,"Thank You, Stingray: Multilingual Large Language Models Can Not (Yet)   Disambiguate Cross-Lingual Word Sense"
2410.21898,2024-11-01,A Longitudinal Analysis of Racial and Gender Bias in New York Times and   Fox News Images and Articles
2410.20833,2025-12-09,LLMs are Biased Evaluators But Not Biased for Retrieval Augmented Generation
2410.21358,2025-01-23,"""We do use it, but not how hearing people think"": How the Deaf and Hard   of Hearing Community Uses Large Language Model Tools"
2410.21360,2025-10-14,A Survey on Automatic Credibility Assessment Using Textual Credibility Signals in the Era of Large Language Models
2410.22118,2025-06-09,The Impact of Inference Acceleration on Bias of LLMs
2410.21529,2024-10-30,Can Users Detect Biases or Factual Errors in Generated Responses in   Conversational Information-Seeking?
2410.21276,2024-10-29,GPT-4o System Card
2410.22282,2024-11-05,Whose ChatGPT? Unveiling Real-World Educational Inequalities Introduced   by Large Language Models
2410.22309,2024-10-31,GPT-4o reads the mind in the eyes
2410.21965,2024-10-30,SG-Bench: Evaluating LLM Safety Generalization Across Diverse Tasks and   Prompt Types
2410.21970,2024-10-30,Not All Languages are Equal: Insights into Multilingual   Retrieval-Augmented Generation
2410.22517,2024-10-31,Attention Speaks Volumes: Localizing and Mitigating Bias in Language   Models
2410.21314,2024-11-06,Decoding Diffusion: A Scalable Framework for Unsupervised Analysis of   Latent Space Biases and Representations Using Natural Language Prompts
2410.22203,2024-10-30,Democratizing Reward Design for Personal and Representative   Value-Alignment
2410.22944,2025-06-06,"Focus On This, Not That! Steering LLMs with Adaptive Feature Specification"
2410.22587,2024-11-19,Toxicity of the Commons: Curating Open-Source Pre-Training Data
2410.22239,2024-10-30,DISCERN: Decoding Systematic Errors in Natural Language for Text   Classifiers
2410.22932,2024-11-04,Multi-Agent Large Language Models for Conversational Task-Solving
2410.23133,2025-11-21,Crowdsourcing Lexical Diversity
2410.22971,2024-10-31,Private Synthetic Text Generation with Diffusion Models
2410.22972,2025-04-08,DataRec: A Python Library for Standardized and Reproducible Data   Management in Recommender Systems
2410.22973,2024-10-31,International comparison of optical frequencies with transportable   optical lattice clocks
2410.22977,2024-10-31,Bonafide at LegalLens 2024 Shared Task: Using Lightweight DeBERTa Based   Encoder For Legal Violation Detection and Resolution
2410.22978,2024-10-31,Graph Integration for Diffusion-Based Manifold Alignment
2410.22979,2025-08-26,LumiSculpt: Enabling Consistent Portrait Lighting in Video Generation
2410.22980,2025-03-14,Efficient End-to-End 6-Dof Grasp Detection Framework for Edge Devices   with Hierarchical Heatmaps and Feature Propagation
2410.22981,2024-10-31,DisenTS: Disentangled Channel Evolving Pattern Modeling for Multivariate   Time Series Forecasting
2410.22982,2024-10-31,PDSR: Efficient UAV Deployment for Swift and Accurate Post-Disaster   Search and Rescue
2410.22983,2024-10-31,Dual-Optimized Adaptive Graph Reconstruction for Multi-View Graph   Clustering
2410.22984,2024-10-31,Higher-order Cross-structural Embedding Model for Time Series Analysis
2410.22985,2024-10-31,Troubling Taxonomies in GenAI Evaluation
2410.22986,2024-10-31,CO$_2$ Conversion in Cu-Pd based Disordered Network Metamaterials with   Ultra-Small Mode Volume
2410.22987,2024-10-31,V2X-Assisted Distributed Computing and Control Framework for Connected   and Automated Vehicles under Ramp Merging Scenario
2410.22990,2025-03-20,Generalized many-body perturbation theory for the electron correlation   energy: multi-reference random phase approximation via diagrammatic   resummation
2410.22991,2026-01-28,Adaptive finite elements for obstacle problems
2410.22992,2025-07-03,Dynamic Matching with Post-allocation Service and its Application to Refugee Resettlement
2410.22995,2025-11-19,VisAidMath: Benchmarking Visual-Aided Mathematical Reasoning
2410.22996,2024-10-31,Semantic Enrichment of the Quantum Cascade Laser Properties in Text- A   Knowledge Graph Generation Approach
2410.22997,2024-11-07,A Comparison of Prompt Engineering Techniques for Task Planning and   Execution in Service Robotics
2410.22999,2025-07-28,Towards Constraint-aware Learning for Resource Allocation in NFV Networks
2410.23000,2025-01-28,Long$^2$RAG: Evaluating Long-Context & Long-Form Retrieval-Augmented   Generation with Key Point Recall
2410.23001,2024-10-31,Scoring Rules and Calibration for Imprecise Probabilities
2410.23004,2024-10-31,DexGraspNet 2.0: Learning Generative Dexterous Grasping in Large-scale   Synthetic Cluttered Scenes
2410.23005,2024-10-31,Improving Musical Accompaniment Co-creation via Diffusion Transformers
2410.23252,2025-03-11,Evaluating Cultural and Social Awareness of LLM Web Agents
2410.22153,2024-10-30,Benchmarking LLM Guardrails in Handling Multilingual Toxicity
2410.23496,2025-03-04,Smaller Large Language Models Can Do Moral Self-Correction
2410.24049,2024-11-28,Desert Camels and Oil Sheikhs: Arab-Centric Red Teaming of Frontier LLMs
2410.23394,2025-05-30,Auditing for Bias in Ad Delivery Using Inferred Demographic Attributes
2410.23879,2024-11-01,Investigating Bias in Political Search Query Suggestions by Relative   Comparison with LLMs
2410.24190,2024-11-12,Hidden Persuaders: LLMs' Political Leaning and Their Influence on Voters
2410.23842,2024-11-01,"Auditing Google's Search Algorithm: Measuring News Diversity Across   Brazil, the UK, and the US"
2410.24140,2025-02-20,Don't Touch My Diacritics
2411.00585,2024-11-04,Benchmarking Bias in Large Language Models during Role-Playing
2411.00743,2024-11-04,Decoding Dark Matter: Specialized Sparse Autoencoders for Interpreting   Rare Concepts in Foundation Models
2411.00860,2024-11-05,Survey of Cultural Awareness in Language Models: Text and Beyond
2411.00492,2024-11-04,"Multi-expert Prompting Improves Reliability, Safety, and Usefulness of   Large Language Models"
2411.00980,2024-11-11,Enhancing AAC Software for Dysarthric Speakers in e-Health Settings: An   Evaluation Using TORGO
2411.00997,2024-11-05,Identifying Implicit Social Biases in Vision-Language Models
2411.01259,2024-11-05,Diversidade lingu\'istica e inclus\~ao digital: desafios para uma ia   brasileira
2411.01852,2025-05-15,Auditing Political Exposure Bias: Algorithmic Amplification on Twitter/X During the 2024 U.S. Presidential Election
2411.00190,2024-11-08,Monitoring fairness in machine learning models that predict patient   mortality in the ICU
2411.01996,2024-11-05,Culinary Class Wars: Evaluating LLMs using ASH in Cuisine Transfer Task
2411.01685,2025-06-27,Reducing Biases in Record Matching Through Scores Calibration
2411.02671,2025-11-18,Fair In-Context Learning via Latent Concept Variables
2411.00827,2025-09-26,IDEATOR: Jailbreaking and Benchmarking Large Vision-Language Models Using Themselves
2411.02577,2024-11-06,Where Assessment Validation and Responsible AI Meet
2411.02587,2024-11-06,A Big Data-empowered System for Real-time Detection of Regional   Discriminatory Comments on Vietnamese Social Media
2411.02594,2025-10-16,A Risk Taxonomy and Reflection Tool for Large Language Model Adoption in Public Health
2411.02989,2024-11-06,Growing a Tail: Increasing Output Diversity in Large Language Models
2411.02461,2024-11-06,Enhancing Multiple Dimensions of Trustworthiness in LLMs via Sparse   Activation Control
2411.02785,2024-12-06,Stochastic Monkeys at Play: Random Augmentations Cheaply Break LLM   Safety Alignment
2411.03284,2024-11-06,SMoA: Improving Multi-agent Large Language Models with Sparse   Mixture-of-Agents
2411.03665,2024-11-07,Evaluating Moral Beliefs across LLMs through a Pluralistic Framework
2411.03700,2025-05-13,The Root Shapes the Fruit: On the Persistence of Gender-Exclusive Harms in Aligned Language Models
2411.03486,2024-11-07,"LLM Generated Distribution-Based Prediction of US Electoral Results,   Part I"
2411.03888,2025-02-18,"Multi3Hate: Multimodal, Multilingual, and Multicultural Hate Speech   Detection with Vision-Language Models"
2411.04291,2025-06-23,Layer-wise Alignment: Examining Safety Alignment Across Image Encoder Layers in Vision Language Models
2411.04298,2024-11-08,A Capabilities Approach to Studying Bias and Harm in Language   Technologies
2411.04308,2024-11-08,Improving Bilingual Capabilities of Language Models to Support Diverse   Linguistic Practices in Education
2411.04328,2024-11-08,Balancing Transparency and Accuracy: A Comparative Analysis of   Rule-Based and Deep Learning Models in Political Bias Classification
2411.03068,2024-11-06,Alpha and Prejudice: Improving $\alpha$-sized Worst-case Fairness via   Intrinsic Reweighting
2411.04420,2024-11-08,BendVLM: Test-Time Debiasing of Vision-Language Embeddings
2411.04920,2025-06-05,Enabling LLM Knowledge Analysis via Extensive Materialization
2411.02414,2024-11-06,Fairness Evaluation with Item Response Theory
2411.04340,2024-11-08,Survival of the Notable: Gender Asymmetry in Wikipedia Collective   Deliberations
2411.05403,2024-11-11,Benchmarking Distributional Alignment of Large Language Models
2411.05775,2024-11-11,Fact or Fiction? Can LLMs be Reliable Annotators for Political Truths?
2411.05777,2024-11-15,Quantitative Assessment of Intersectional Empathetic Bias and   Understanding
2411.06032,2024-11-12,LLM-GLOBE: A Benchmark Evaluating the Cultural Values Embedded in LLM   Output
2411.05200,2024-11-11,Toward Cultural Interpretability: A Linguistic Anthropological Framework   for Describing and Evaluating Large Language Models (LLMs)
2411.06194,2024-11-12,WMT24 Test Suite: Gender Resolution in Speaker-Listener Dialogue Roles
2411.06213,2024-11-12,Incorporating Human Explanations for Robust Hate Speech Detection
2411.06066,2024-11-12,Diversity and Inclusion in AI for Recruitment: Lessons from Industry   Workshop
2411.05819,2024-11-12,Hierarchical Sentiment Analysis Framework for Hate Speech Detection:   Implementing Binary and Multiclass Classification Strategy
2411.05872,2025-06-02,Dialectal Coverage And Generalization in Arabic Speech Recognition
2411.05854,2024-11-12,Harmful YouTube Video Detection: A Taxonomy of Online Harm and MLLMs as   Alternative Annotators
2411.06790,2025-05-23,Large-scale moral machine experiment on large language models
2411.07042,2026-01-30,Minion: A Technology Probe to Explore How Users Negotiate Harmful Value Conflicts with AI Companions
2411.06424,2025-06-10,How Does DPO Reduce Toxicity? A Mechanistic Neuron-Level Analysis
2411.05985,2024-12-17,Emotional Images: Assessing Emotions in Images and Potential Biases in   Generative Models
2411.07320,2025-02-19,Richer Output for Richer Countries: Uncovering Geographical Disparities   in Generated Stories and Travel Recommendations
2411.07417,2025-05-22,Untangling Hate Speech Definitions: A Semantic Componential Analysis Across Cultures and Domains
2411.07521,2025-03-19,Fair Summarization: Bridging Quality and Diversity in Extractive   Summaries
2411.07656,2024-12-03,Mitigating Bias in Queer Representation within Large Language Models: A   Collaborative Agent Approach
2411.08135,2025-05-19,On the Role of Speech Data in Reducing Toxicity Detection Bias
2411.08243,2025-06-05,Beyond the Safety Bundle: Auditing the Helpful and Harmless Dataset
2411.07122,2024-12-06,SCAR: Sparse Conditioned Autoencoders for Concept Detection and Steering   in LLMs
2411.06899,2025-02-28,LongSafety: Enhance Safety for Long-Context LLMs
2411.06835,2024-11-12,HarmLevelBench: Evaluating Harm-Level Compliance and the Impact of   Quantization on Model Alignment
2411.06837,2024-11-12,Persuasion with Large Language Models: a Survey
2411.07845,2024-11-13,Ethical Concern Identification in NLP: A Corpus of ACL Anthology Ethics   Statements
2411.07237,2025-05-27,Contextualized Evaluations: Judging Language Model Responses to Underspecified Queries
2411.08181,2024-12-05,Challenges in Guardrailing Large Language Models for Science
2411.08504,2024-11-15,Towards Objective and Unbiased Decision Assessments with LLM-Enhanced   Hierarchical Attention Networks
2411.08881,2025-05-19,Can We Trust AI Agents? A Case Study of an LLM-Based Multi-Agent System for Ethical AI
2411.08884,2025-05-09,Quantifying Risk Propensities of Large Language Models: Ethical Focus   and Bias Detection through Role-Play
2411.08923,2025-03-27,Aligning Visual Contrastive learning models via Preference Optimization
2411.08019,2025-09-24,Language Models as Causal Effect Generators
2411.08977,2024-11-25,Robustness and Confounders in the Demographic Alignment of LLMs with   Human Perceptions of Offensiveness
2411.09102,2024-11-18,"Provocation: Who benefits from ""inclusion"" in Generative AI?"
2411.09431,2024-11-15,Everyone deserves their voice to be heard: Analyzing Predictive Gender   Bias in ASR Models Applied to Dutch Speech Data
2411.09826,2024-11-18,Evaluating Gender Bias in Large Language Models
2411.09834,2024-11-21,A Benchmark for Long-Form Medical Question Answering
2411.09768,2024-11-18,"Research evaluation with ChatGPT: Is it age, country, length, or field   biased?"
2411.09523,2024-11-15,"Navigating the Risks: A Survey of Security, Privacy, and Ethics Threats   in LLM-Based Agents"
2411.09847,2024-11-18,Towards a Fairer Non-negative Matrix Factorization
2411.09873,2025-09-25,LLM-Powered AI Tutors with Personas for d/Deaf and Hard-of-Hearing Online Learners
2411.08526,2024-12-19,Gendered Words and Grant Rates: A Textual Analysis of Disparate Outcomes   in the Patent System
2411.08297,2025-04-04,TowerDebias: A Novel Unfairness Removal Method Based on the Tower   Property
2411.10351,2025-03-10,Bias Unveiled: Investigating Social Bias in LLM-Generated Code
2411.10156,2025-03-21,Mitigating Sycophancy in Decoder-Only Transformer Architectures:   Synthetic Data Intervention
2411.10080,2024-11-18,Understanding The Effect Of Temperature On Alignment With Human Opinions
2411.10109,2024-11-18,"Generative Agent Simulations of 1,000 People"
2411.10636,2024-11-19,Gender Bias Mitigation for Bangla Classification Tasks
2411.10544,2024-11-21,Debias-CLR: A Contrastive Learning Based Debiasing Method for   Algorithmic Fairness in Healthcare Applications
2411.10040,2025-10-24,Hollywood's misrepresentation of death: A comparison of overall and by-gender mortality causes in film and the real world
2411.09973,2024-11-18,Establishing and Evaluating Trustworthy AI: Overview and Research   Challenges
2411.10684,2025-03-28,HIST-AID: Leveraging Historical Patient Reports for Enhanced Multi-Modal   Automatic Diagnosis
2411.10697,2025-09-25,Language Model Evolutionary Algorithms for Recommender Systems: Benchmarks and Algorithm Comparisons
2411.10912,2025-09-26,SPICA: Retrieving Scenarios for Pluralistic In-Context Alignment
2411.10915,2024-11-19,"Bias in Large Language Models: Origin, Evaluation, and Mitigation"
2411.10414,2024-11-18,Llama Guard 3 Vision: Safeguarding Human-AI Image Understanding   Conversations
2411.09214,2025-03-26,HateGPT: Unleashing GPT-3.5 Turbo to Combat Hate Speech on X
2411.10954,2024-11-19,Dialectal Toxicity Detection: Evaluating LLM-as-a-Judge Consistency   Across Language Varieties
2411.11072,2024-11-20,Multilingual Large Language Models: A Systematic Survey
2411.11081,2025-01-27,The Promises and Pitfalls of LLM Annotations in Dataset Labeling: a Case   Study on Media Bias Detection
2411.11479,2025-06-04,Value-Spectrum: Quantifying Preferences of Vision-Language Models via Value Decomposition in Social Media Contexts
2411.10473,2024-11-19,PhDGPT: Introducing a psychometric and linguistic dataset about how   large language models perceive graduate students and professors in psychology
2411.11937,2024-11-20,Value Imprint: A Technique for Auditing the Human Values Embedded in   RLHF Datasets
2411.12074,2024-11-20,Mitigating Gender Bias in Contextual Word Embeddings
2411.11758,2024-11-19,The Power of Many: Multi-Agent Multimodal Models for Cultural Image   Captioning
2411.12493,2025-01-14,Eradicating Social Biases in Sentiment Analysis using Semantic Blinding   and Semantic Propagation Graph Neural Networks
2411.12590,2025-09-19,Debias your Large Multi-Modal Model at Test-Time via Non-Contrastive Visual Attribute Steering
2411.12405,2025-02-18,Evaluating the Prompt Steerability of Large Language Models
2411.12785,2024-11-21,Joint Vision-Language Social Bias Removal for CLIP
2411.11731,2024-11-19,Moral Persuasion in Large Language Models: Evaluating Susceptibility and   Ethical Alignment
2411.12709,2024-11-20,Dimensions of Generative AI Evaluation Design
2411.13738,2024-11-22,Assessing Gender Bias in LLMs: Comparing LLM Outputs with Human   Perceptions and Official Statistics
2411.13173,2024-12-13,Writing Style Matters: An Examination of Bias and Fairness in   Information Retrieval Systems
2411.13159,2024-11-21,Hard-Synth: Synthesizing Diverse Hard Samples for ASR using Zero-Shot   TTS and LLM
2411.13981,2025-05-27,"On the Fairness, Diversity and Reliability of Text-to-Image Generative Models"
2411.14009,2024-11-22,GPT versus Humans: Uncovering Ethical Concerns in Conversational   Generative AI-empowered Multi-Robot Systems
2411.14198,2024-11-22,Why do language models perform worse for morphologically complex   languages?
2411.14469,2024-11-25,Popular LLMs Amplify Race and Gender Disparities in Human Mobility
2411.14487,2024-11-25,Ensuring Safety and Trust: Analyzing the Risks of Large Language Models   in Medicine
2411.14500,2024-11-25,Exploring Accuracy-Fairness Trade-off in Large Language Models
2411.15003,2024-11-27,Autonomous Tail-Sitter Flights in Unknown Environments
2411.15004,2024-12-06,ScribeAgent: Towards Specialized Web Agents Using Production-Scale   Workflow Data
2411.15005,2025-02-18,Multi-granularity Interest Retrieval and Refinement Network for   Long-Term User Behavior Modeling in CTR Prediction
2411.15007,2024-11-25,FTA generation using GenAI with an Autonomy sensor Usecase
2411.15008,2025-08-27,Evolutionary Automata and Deep Evolutionary Computation
2411.15013,2025-02-04,Static and dynamic analysis of auxetic three-dimensional curved   metamaterials in both axial and circumferential directions
2411.15014,2025-07-18,On the Linear Speedup of Personalized Federated Reinforcement Learning with Shared Representations
2411.15016,2026-01-14,MSSF: A 4D Radar and Camera Fusion Framework With Multi-Stage Sampling for 3D Object Detection in Autonomous Driving
2411.15018,2024-11-25,Neural 4D Evolution under Large Topological Changes from 2D Images
2411.15020,2024-11-25,ZT-SDN: An ML-powered Zero-Trust Architecture for Software-Defined   Networks
2411.15021,2024-11-25,Determination of the Young's angle using static friction in capillary   bridges
2411.15022,2024-11-25,Light-Matter Hybridization and Entanglement from the First-Principles
2411.15024,2025-03-31,DyCoke: Dynamic Compression of Tokens for Fast Video Large Language   Models
2411.15025,2024-11-25,Low-Loss and Low-Power Silicon Ring Based WDM 32$\times$100 GHz Filter   Enabled by a Novel Bend Design
2411.15027,2024-11-25,Time is on my sight: scene graph filtering for dynamic environment   perception in an LLM-driven robot
2411.15028,2024-11-25,FloAt: Flow Warping of Self-Attention for Clothing Animation Generation
2411.15029,2024-11-25,Significant loss suppression and large induced chirality via cooperative   near- and far-field coupling in plasmonic dimer nanoantennas
2411.15031,2024-11-25,PoneglyphDB: Efficient Non-interactive Zero-Knowledge Proofs for   Arbitrary SQL-Query Verification
2411.15033,2024-11-25,"One to rule them all: natural language to bind communication, perception   and action"
2411.15034,2024-11-25,HeadRouter: A Training-free Image Editing Framework for MM-DiTs by   Adaptively Routing Attention Heads
2411.15036,2024-11-25,Safe Multi-Agent Reinforcement Learning with Convergence to Generalized   Nash Equilibrium
2411.15037,2024-11-25,Ultra-High-Efficiency Dual-Band Thin-Film Lithium Niobate Modulator   Incorporating Low-k Underfill with 220 GHz Extrapolated Bandwidth for 390   Gbit/s PAM8 Transmission
2411.15041,2024-11-25,mR$^2$AG: Multimodal Retrieval-Reflection-Augmented Generation for   Knowledge-Based VQA
2411.15042,2024-11-26,Enhancing Autonomous Driving Safety through World Model-Based Predictive   Navigation and Adaptive Learning Algorithms for 5G Wireless Applications
2411.15043,2025-10-09,Open-Vocabulary Online Semantic Mapping for SLAM
2411.15257,2024-11-26,The Explabox: Model-Agnostic Machine Learning Transparency & Analysis
2411.14652,2025-12-01,Reranking partisan animosity in algorithmic social media feeds alters affective polarization
2411.14672,2024-11-25,Multiverse of Greatness: Generating Story Branches with LLMs
2411.14986,2024-11-26,Generative AI may backfire for counterspeech
2411.15051,2024-11-25,Fantastic Biases (What are They) and Where to Find Them
2411.15175,2025-02-25,ToxiLab: How Well Do Open-Source LLMs Generate Synthetic Toxicity Data?
2411.15462,2025-06-04,HateDay: Insights from a Global Hate Speech Dataset Representative of a Day on Twitter
2411.15634,2024-11-26,"""All that Glitters"": Approaches to Evaluations with Unreliable Model and   Human Annotations"
2411.15640,2025-09-23,"AfriMed-QA: A Pan-African, Multi-Specialty, Medical Question-Answering Benchmark Dataset"
2411.15662,2024-11-26,Gaps Between Research and Practice When Measuring Representational Harms   Caused by LLM-Based Systems
2411.15516,2025-08-29,When Image Generation Goes Wrong: A Safety Analysis of Stable Diffusion Models
2411.15396,2024-11-26,The Decoy Dilemma in Online Medical Information Evaluation: A   Comparative Study of Credibility Assessments by LLM and Human Judges
2411.15386,2024-11-26,Inducing Human-like Biases in Moral Reasoning Language Models
2411.15971,2024-11-26,Advancing Transformative Education: Generative AI as a Catalyst for   Equity and Innovation
2411.15509,2024-11-26,Interactive Visual Assessment for Text-to-Image Generation Models
2411.16236,2024-11-26,DoubleCCA: Improving Foundation Model Group Robustness with Random   Sentence Embeddings
2411.16527,2025-01-14,Profiling Bias in LLMs: Stereotype Dimensions in Contextual Word   Embeddings
2411.15594,2025-10-21,A Survey on LLM-as-a-Judge
2411.15287,2025-01-30,Sycophancy in Large Language Models: Causes and Mitigations
2411.16031,2024-11-26,Agent-Based Modelling Meets Generative AI in Social Network Simulations
2411.16508,2025-05-02,All Languages Matter: Evaluating LMMs on Culturally Diverse 100   Languages
2411.16813,2025-11-04,Incivility and Rigidity: Evaluating the Risks of Fine-Tuning LLMs for Political Argumentation
2411.16818,2024-11-27,Enhancing In-Hospital Mortality Prediction Using Multi-Representational   Learning with LLM-Generated Expert Summaries
2411.17374,2025-08-28,Understanding Fairness-Accuracy Trade-offs in Machine Learning Models: Does Promoting Fairness Undermine Performance?
2411.17123,2024-11-27,"Advancing Content Moderation: Evaluating Large Language Models for   Detecting Sensitive Content Across Text, Images, and Videos"
2411.16965,2025-05-19,Understanding trade-offs in classifier bias with quality-diversity optimization: an application to talent management
2411.17876,2024-11-28,Leveraging Large Language Models and Topic Modeling for Toxicity   Classification
2411.17792,2026-01-22,"H3Fusion: Helpful, Harmless, Honest Fusion of Aligned LLMs"
2411.17713,2024-11-28,Llama Guard 3-1B-INT4: Compact and Efficient Safeguard for Human-AI   Conversations
2411.17338,2024-11-27,Different Bias Under Different Criteria: Assessing Bias in LLMs with a   Fact-Based Approach
2411.15997,2024-11-26,Ensuring Fair LLM Serving Amid Diverse Applications
2411.15999,2024-11-26,Multi-ToM: Evaluating Multilingual Theory of Mind Capabilities in Large   Language Models
2411.18553,2025-06-12,Retrofitting Large Language Models with Dynamic Tokenization
2411.18968,2025-04-29,Perception of Visual Content: Differences Between Humans and Foundation   Models
2411.19140,2024-12-02,Examining Multimodal Gender and Content Bias in ChatGPT-4o
2411.19240,2024-12-02,How far can bias go? -- Tracing bias from pretraining data to alignment
2411.18994,2024-12-02,Descriptions of women are longer than that of men: An analysis of gender   portrayal prompts in Stable Diffusion
2411.19017,2024-12-02,A Survey on Automatic Online Hate Speech Detection in Low-Resource   Languages
2411.19939,2025-05-20,VLSBench: Unveiling Visual Leakage in Multimodal Safety
2411.19799,2024-12-02,INCLUDE: Evaluating Multilingual Language Understanding with Regional   Knowledge
2412.00606,2024-12-03,Fairness at Every Intersection: Uncovering and Mitigating Intersectional   Biases in Multimodal Clinical Predictions
2412.00074,2024-12-03,Safe to Serve: Aligning Instruction-Tuned Models for Safety and   Helpfulness
2412.00245,2024-12-03,Integrating Social Determinants of Health into Knowledge Graphs:   Evaluating Prediction Bias and Fairness in Healthcare
2412.00681,2024-12-03,MIMIC: Multimodal Islamophobic Meme Identification and Classification
2412.00554,2024-12-10,Unveiling Performance Challenges of Large Language Models in   Low-Resource Healthcare: A Demographic Fairness Perspective
2412.00323,2024-12-03,Cognitive Biases in Large Language Models: A Survey and Mitigation   Experiments
2412.00962,2024-12-03,LLMs as mirrors of societal moral standards: reflection of cultural   divergence and agreement across ethical topics
2412.00956,2024-12-03,Large Language Models as Mirrors of Societal Moral Standards
2411.19668,2024-12-02,ChineseWebText 2.0: Large-Scale High-quality Chinese Web Text with   Multi-dimensional and fine-grained information
2412.01330,2024-12-03,"The ""LLM World of Words"" English free association norms generated by   large language models"
2412.01708,2024-12-03,Are We There Yet? Revealing the Risks of Utilizing Large Language Models   in Scholarly Peer Review
2412.01711,2024-12-03,Towards Resource Efficient and Interpretable Bias Mitigation in Large   Language Models
2412.01617,2025-06-03,If Eleanor Rigby Had Met ChatGPT: A Study on Loneliness in a Post-LLM World
2412.02271,2025-05-26,MediaSpin: Exploring Media Bias Through Fine-Grained Analysis of News Headlines
2412.02113,2025-07-01,Trust & Safety of LLMs and LLMs in Trust & Safety
2412.02911,2024-12-09,Measuring and Forecasting Conversation Incivility: the Role of   Antisocial and Prosocial Behaviors
2412.03304,2025-02-20,Global MMLU: Understanding and Addressing Cultural and Linguistic Biases   in Multilingual Evaluation
2412.03537,2024-12-05,Evaluating Gender Bias Transfer between Pre-trained and Prompt-Adapted   Language Models
2412.02466,2025-05-20,Can ChatGPT capture swearing nuances? Evidence from translating Arabic oaths
2412.04046,2024-12-06,Hostility Detection in UK Politics: A Dataset on Online Abuse Targeting   MPs
2412.03343,2024-12-05,Improving Linguistic Diversity of Large Language Models with Possibility   Exploration Fine-Tuning
2412.04025,2024-12-06,Exploring the Influence of Label Aggregation on Minority Voices:   Implications for Dataset Bias and Model Training
2412.03235,2025-03-26,Does Safety Training of LLMs Generalize to Semantically Related Natural   Prompts?
2412.04193,2025-01-07,AL-QASIDA: Analyzing LLM Quality and Accuracy Systematically in   Dialectal Arabic
2412.03605,2024-12-06,CBEval: A framework for evaluating and interpreting cognitive biases in   LLMs
2412.03400,2024-12-05,Implicit Priors Editing in Stable Diffusion via Targeted Token   Adjustment
2412.03576,2024-12-06,Ethical Challenges and Evolving Strategies in the Integration of   Artificial Intelligence into Clinical Practice
2412.04726,2025-06-18,BESSTIE: A Benchmark for Sentiment and Sarcasm Classification for Varieties of English
2412.04576,2025-08-11,"Show, Don't Tell: Uncovering Implicit Character Portrayal using LLMs"
2412.04476,2025-04-28,The Moral Mind(s) of Large Language Models
2412.03837,2024-12-06,"Movie Gen: SWOT Analysis of Meta's Generative AI Foundation Model for   Transforming Media Generation, Advertising, and Entertainment Industries"
2412.04942,2025-04-14,A Federated Approach to Few-Shot Hate Speech Detection for Marginalized   Communities
2412.05533,2024-12-10,Can large language models be privacy preserving and fair medical coders?
2412.05277,2025-12-23,Text to Blind Motion
2412.04642,2024-12-09,Improving LLM Group Fairness on Tabular Data via In-Context Learning
2412.06134,2025-10-16,Evaluating and Mitigating Social Bias for Large Language Models in Open-ended Settings
2412.05214,2024-12-09,AI's assigned gender affects human-AI cooperation
2412.06483,2024-12-10,SafeWorld: Geo-Diverse Safety Alignment
2412.06593,2024-12-19,Anchoring Bias in Large Language Models: An Experimental Study
2412.07200,2024-12-11,"Modifying AI, Enhancing Essays: How Active Engagement with Generative AI   Boosts Writing Quality"
2412.06864,2024-12-11,Political-LLM: Large Language Models in Political Science
2412.07251,2024-12-11,KULTURE Bench: A Benchmark for Assessing Language Model in Korean   Cultural Context
2412.07112,2024-12-11,Maya: An Instruction Finetuned Multilingual Multimodal Model
2412.07019,2024-12-11,Assessing the Impact of Conspiracy Theories Using Large Language Models
2412.07724,2024-12-18,Granite Guardian
2412.07303,2025-04-29,Filipino Benchmarks for Measuring Sexist and Homophobic Bias in   Multilingual Language Models from Southeast Asia
2412.07334,2025-11-25,Frame Representation Hypothesis: Multi-Token LLM Interpretability and Concept-Guided Text Generation
2412.08430,2024-12-16,Assessing Personalized AI Mentoring with Large Language Models in the   Computing Field
2412.08559,2025-06-03,Underestimated Privacy Risks for Minority Populations in Large Language Model Unlearning
2412.08795,2025-03-26,Coverage-based Fairness in Multi-document Summarization
2412.08846,2024-12-13,Exploring Large Language Models on Cross-Cultural Values in Connection   with Training Methodology
2412.07924,2025-01-13,A large language model-based approach to quantifying the effects of   social determinants in liver transplant decisions
2412.09668,2025-03-21,Vision-Language Models Generate More Homogeneous Stories for   Phenotypically Black Individuals
2412.09203,2024-12-13,CleanComedy: Creating Friendly Humor through Generative Techniques
2412.08686,2024-12-13,LatentQA: Teaching LLMs to Decode Activations Into Natural Language
2412.09630,2025-03-25,What does AI consider praiseworthy?
2412.09160,2024-12-13,Pinpoint Counterfactuals: Reducing social bias in foundation models via   localized counterfactual generation
2412.09900,2025-07-25,Analyzing Fairness of Computer Vision and Natural Language Processing Models
2412.09243,2025-02-07,SPRec: Self-Play to Debias LLM-based Recommendation
2412.10428,2024-12-17,Observing Micromotives and Macrobehavior of Large Language Models
2412.10415,2024-12-17,Generative Adversarial Reviews: When LLMs Become the Critic
2412.10467,2024-12-17,MGM: Global Understanding of Audience Overlap Graphs for Predicting the   Factuality and the Bias of News Media
2412.10134,2024-12-16,Research Integrity and GenAI: A Systematic Analysis of Ethical   Challenges Across Research Phases
2412.09751,2026-01-09,"AI red-teaming is a sociotechnical problem: on values, labor, and harms"
2412.10266,2025-07-01,Reasoner Outperforms: Generative Stance Detection with Rationalization for Social Media
2412.10281,2025-07-16,"One world, one opinion? The superstar effect in LLM responses"
2412.10991,2024-12-17,Navigating Dialectal Bias and Ethical Complexities in Levantine Arabic   Hate Speech Detection
2412.10513,2025-10-08,Extracting PAC Decision Trees from Black Box Binary Classifiers: The Gender Bias Case Study on BERT-based Language Models
2412.11167,2026-01-05,Cultural Palette: Pluralising Culture Alignment via Multi-agent Palette
2412.11414,2024-12-17,Biased or Flawed? Mitigating Stereotypes in Generative Language Models   by Addressing Task-Specific Flaws
2412.11615,2024-12-17,MT-LENS: An all-in-one Toolkit for Better Machine Translation Evaluation
2412.11745,2024-12-20,Beyond Dataset Creation: Critical View of Annotation Variation and Bias   Probing of a Dataset for Online Radical Content Detection
2412.11750,2024-12-17,"Common Ground, Diverse Roots: The Difficulty of Classifying Common   Examples in Spanish Varieties"
2412.11255,2024-12-17,Do Tutors Learn from Equity Training and Can Generative AI Assess It?
2412.11835,2026-01-08,Improved Models for Media Bias Detection and Subcategorization
2412.10604,2024-12-19,EvalGIM: A Library for Evaluating Generative Image Models
2412.11679,2024-12-17,Bias Vector: Mitigating Biases in Language Models with Task Arithmetic   Approach
2412.11318,2024-12-17,Generics are puzzling. Can language models find the missing piece?
2412.11763,2024-12-17,QUENCH: Measuring the gap between Indic and Non-Indic Contextual General   Reasoning in LLMs
2412.10924,2025-11-25,"Tokens, the oft-overlooked appetizer: Large language models, the distributional hypothesis, and meaning"
2412.10939,2024-12-17,Human-Centric NLP or AI-Centric Illusion?: A Critical Investigation
2412.11878,2024-12-17,Using Instruction-Tuned Large Language Models to Identify Indicators of   Vulnerability in Police Incident Narratives
2412.12072,2025-02-18,Making FETCH! Happen: Finding Emergent Dog Whistles Through Common   Habitats
2412.12417,2024-12-18,"Bridging the Gap: Enhancing LLM Performance for Low-Resource African   Languages with New Benchmarks, Fine-Tuning, and Cultural Adjustments"
2412.13169,2025-06-03,Algorithmic Fidelity of Large Language Models in Generating Synthetic German Public Opinions: A Case Study
2412.12510,2024-12-18,Can Large Language Models Understand You Better? An MBTI Personality   Detection Dataset Aligned with Population Traits
2412.12588,2024-12-18,PerSphere: A Comprehensive Framework for Multi-Faceted Perspective   Retrieval and Summarization
2412.12981,2024-12-18,Unlocking LLMs: Addressing Scarce Data and Bias Challenges in Mental   Health
2412.12165,2024-12-18,Multimodal Approaches to Fair Image Classification: An Ethical   Perspective
2412.12774,2024-12-18,"A Framework for Critical Evaluation of Text-to-Image Models: Integrating   Art Historical Analysis, Artistic Exploration, and Critical Prompt   Engineering"
2412.13578,2024-12-19,Socio-Culturally Aware Evaluation Framework for LLM-Based Content   Moderation
2412.13116,2024-12-18,Equity in the Use of ChatGPT for the Classroom: A Comparison of the   Accuracy and Precision of ChatGPT 3.5 vs. ChatGPT4 with Respect to Statistics   and Data Science Exams
2412.13133,2025-01-28,Analyzing Toxicity in Open Source Software Communications Using   Psycholinguistics and Moral Foundations Theory
2412.13835,2025-09-19,RAcQUEt: Unveiling the Dangers of Overlooked Referential Ambiguity in Visual LLMs
2412.12606,2024-12-18,Multi-Dimensional Insights: Benchmarking Real-World Personalization in   Large Multimodal Models
2412.14304,2024-12-20,Multi-OphthaLingua: A Multilingual Benchmark for Assessing and Debiasing   LLM Ophthalmological QA in LMICs
2412.14843,2025-02-27,Mapping and Influencing the Political Ideology of Large Language Models   using Synthetic Personas
2412.14194,2025-11-11,"Feasibility of Detecting Cognitive Impairment and Psychological Well-being among Older Adults Using Facial, Acoustic, Linguistic, and Cardiovascular Patterns Derived from Remote Conversations"
2412.14050,2025-06-03,Cross-Lingual Transfer of Debiasing and Detoxification in Multilingual LLMs: An Extensive Investigation
2412.14470,2025-05-21,Agent-SafetyBench: Evaluating the Safety of LLM Agents
2412.14971,2025-03-10,AI and Cultural Context: An Empirical Investigation of Large Language   Models' Performance on Chinese Social Work Professional Standards
2412.15206,2026-01-05,AutoTrust: Benchmarking Trustworthiness in Large Vision Language Models for Autonomous Driving
2412.14116,2025-11-13,Trustworthy Transfer Learning: A Survey
2412.14142,2024-12-19,On Calibration in Multi-Distribution Learning
2412.14062,2025-01-20,Understanding and Evaluating Trust in Generative AI and Large Language   Models for Spreadsheets
2412.15114,2024-12-20,Towards Friendly AI: A Comprehensive Review and New Perspectives on   Human-AI Alignment
2412.15311,2024-12-23,Re-evaluating Group Robustness via Adaptive Class-Specific Scaling
2412.15035,2025-06-24,LLMs Lost in Translation: M-ALERT uncovers Cross-Linguistic Safety Inconsistencies
2412.15504,2025-02-13,Mitigating Social Bias in Large Language Models: A Multi-Objective   Approach within a Multi-Agent Framework
2412.16469,2024-12-30,Chained Tuning Leads to Biased Forgetting
2412.15896,2025-02-14,Evaluation of Reliability Criteria for News Publishers with Large   Language Models
2412.14724,2024-12-20,FROC: Building Fair ROC from a Trained Classifier
2412.16022,2024-12-23,The Only Way is Ethics: A Guide to Ethical Research with Large Language   Models
2412.16720,2025-01-02,OpenAI o1 System Card
2412.16335,2024-12-24,Improving Equity in Health Modeling with GPT4-Turbo Generated Synthetic   Data: A Comparative Study
2412.16783,2025-10-14,SubData: Bridging Heterogeneous Datasets to Enable Theory-Driven Evaluation of Political and Demographic Perspectives in LLMs
2412.16389,2024-12-24,Ethics and Technical Aspects of Generative AI Models in Digital Content   Creation
2412.16355,2025-04-04,Social Science Is Necessary for Operationalizing Socially Responsible   Foundation Models
2412.16119,2024-12-23,Deciphering the Underserved: Benchmarking LLM OCR for Low-Resource   Scripts
2412.16746,2025-05-13,Beyond Partisan Leaning: A Comparative Analysis of Political Bias in Large Language Models
2412.17052,2025-10-06,ViLBias: Detecting and Reasoning about Bias in Multimodal Content
2412.15291,2025-04-11,A Large-Scale Simulation on Large Language Models for Decision-Making in   Political Science
2412.16641,2025-06-24,A Systems Thinking Approach to Algorithmic Fairness
2412.17131,2024-12-30,LLMsAgainstHate @ NLU of Devanagari Script Languages 2025: Hate Speech   Detection and Target Identification in Devanagari Languages via Parameter   Efficient Fine-Tuning of LLMs
2412.15834,2024-12-30,Anger Speaks Louder? Exploring the Effects of AI Nonverbal Emotional   Cues on Human Decision Certainty in Moral Dilemmas
2412.17505,2024-12-24,More is Less? A Simulation-Based Approach to Dynamic Interactions   between Biases in Multimodal Models
2412.17847,2025-02-20,"Bridging the Data Provenance Gap Across Text, Speech and Video"
2412.17803,2025-02-17,Examining Imbalance Effects on Performance and Demographic Fairness of   Clinical Language Models
2412.18048,2024-12-25,Fair Knowledge Tracing in Second Language Acquisition
2412.17686,2024-12-25,Large Language Model Safety: A Holistic Survey
2412.18863,2024-12-30,Whose Morality Do They Speak? Unraveling Cultural Bias in Multilingual   Language Models
2412.18138,2025-03-25,What Constitutes a Less Discriminatory Algorithm?
2412.18757,2024-12-30,Evaluating authorship disambiguation quality through anomaly analysis on   researchers' career transition
2412.18647,2024-12-30,"Nationality, Race, and Ethnicity Biases in and Consequences of Detecting   AI-Generated Self-Presentations"
2412.18697,2024-12-30,Agents on the Bench: Large Language Model Based Multi Agent Framework   for Trustworthy Digital Justice
2412.18975,2024-12-30,Injecting Bias into Text Classification Models using Backdoor Attacks
2412.18810,2025-10-24,FairGen: Enhancing Fairness in Text-to-Image Diffusion Models via Self-Discovering Latent Directions
2412.19312,2024-12-31,From Interests to Insights: An LLM Approach to Course Recommendations   Using Natural Language Queries
2412.19168,2024-12-31,GFG -- Gender-Fair Generation: A CALAMITA Challenge
2412.17170,2024-12-24,Where Did Your Model Learn That? Label-free Influence for   Self-supervised Learning
2412.17180,2024-12-24,"COVID-19 on YouTube: A Data-Driven Analysis of Sentiment, Toxicity, and   Content Recommendations"
2412.19545,2024-12-31,Enhancing Media Literacy: The Effectiveness of (Human) Annotations and   Bias Visualizations on Bias Detection
2412.19070,2024-12-30,Cross-Demographic Portability of Deep NLP-Based Depression Models
2412.18551,2024-12-25,Libra-Leaderboard: Towards Responsible AI through a Balanced Leaderboard   of Safety and Capability
2412.19926,2024-12-31,Right vs. Right: Can LLMs Make Tough Choices?
2412.20374,2025-04-08,FairDiffusion: Enhancing Equity in Latent Diffusion Models via Fair   Bayesian Perturbation
2412.18874,2025-06-11,A Culturally-Aware Benchmark for Person Re-Identification in Modest Attire
2412.20760,2025-03-21,Attributing Culture-Conditioned Generations to Pretraining Corpora
2412.20671,2024-12-31,Two Birds with One Stone: Improving Rumor Detection by Addressing the   Unfairness Issue
2412.20299,2025-05-14,No Preference Left Behind: Group Distributional Preference Optimization
2412.20541,2024-12-31,SAFE-MEME: Structured Reasoning Framework for Robust Hate Speech   Detection in Memes
2501.00066,2025-06-10,On Adversarial Robustness of Language Models in Transfer Learning
2501.00129,2025-01-03,A Data-Centric Approach to Detecting and Mitigating Demographic Bias in   Pediatric Mental Health Text: A Case Study in Anxiety Detection
2412.21052,2024-12-31,Towards Effective Discrimination Testing for Generative AI
2412.19961,2025-07-04,Incentivizing supplemental math assignments and using AI-generated hints is associated with improved exam performance
2412.20718,2024-12-31,M$^3$oralBench: A MultiModal Moral Benchmark for LVLMs
2501.00069,2025-01-03,Adversarial Negotiation Dynamics in Generative Language Models
2501.00782,2025-01-03,Navigating Nuance: In Quest for Political Truth
2501.00691,2025-07-17,Labels Generated by Large Language Models Help Measure People's Empathy in Vitro
2501.00697,2025-01-07,PANDA -- Paired Anti-hate Narratives Dataset from Asia: Using an   LLM-as-a-Judge to Create the First Chinese Counterspeech Dataset
2501.00418,2025-01-03,Generalizing Trust: Weak-to-Strong Trustworthiness in Language Models
2501.01031,2025-05-09,ValuesRAG: Enhancing Cultural Alignment Through Retrieval-Augmented   Contextual Learning
2501.01056,2025-01-03,Risks of Cultural Erasure in Large Language Models
2501.00995,2025-01-03,Is It Still Fair? Investigating Gender Fairness in Cross-Corpus Speech   Emotion Recognition
2501.01168,2025-09-25,Blind Men and the Elephant: Diverse Perspectives on Gender Stereotypes in Benchmark Datasets
2501.01256,2025-01-03,"Digital Guardians: Can GPT-4, Perspective API, and Moderation API   reliably detect hate speech in reader comments of German online newspapers?"
2501.01282,2025-01-03,CultureVLM: Characterizing and Improving Cultural Understanding of   Vision-Language Models for over 100 Countries
2501.01284,2025-10-21,Tracing Partisan Bias to Its Emotional Fingerprints: A Computational Approach to Mitigation
2501.01397,2025-04-30,WeAudit: Scaffolding User Auditors and AI Practitioners in Auditing   Generative AI
2501.00962,2025-03-10,"OASIS Uncovers: High-Quality T2I Models, Same Old Stereotypes"
2501.00359,2025-01-03,"""I Recall the Past"": Exploring How People Collaborate with Generative AI   to Create Cultural Heritage Narratives"
2501.00367,2025-01-03,"Who Gets Recommended? Investigating Gender, Race, and Country   Disparities in Paper Recommendations from Large Language Models"
2501.00713,2025-01-07,CODEOFCONDUCT at Multilingual Counterspeech Generation: A Context-Aware   Model for Robust Counterspeech Generation in Low-Resource Languages
2501.01987,2025-01-13,Gender Bias in Text-to-Video Generation Models: A case study of Sora
2501.01741,2026-02-06,How Toxic Can You Get? Search-based Toxicity Testing for Large Language Models
2501.01973,2025-01-10,INFELM: In-depth Fairness Evaluation of Large Text-To-Image Models
2501.02295,2025-06-04,Explicit vs. Implicit: Investigating Social Bias in Large Language Models through Self-Reflection
2501.01441,2025-02-28,Explanatory Debiasing: Involving Domain Experts in the Data Generation   Process to Mitigate Representation Bias in AI Systems
2501.02211,2025-01-07,Examining the Robustness of Homogeneity Bias to Hyperparameter   Adjustments in GPT-4
2501.02189,2025-04-08,"A Survey of State of the Art Large Vision Language Models: Alignment,   Benchmark, Evaluations and Challenges"
2501.00595,2025-01-03,Unbiased GNN Learning via Fairness-Aware Subgraph Diffusion
2501.02039,2025-08-22,An Investigation into Value Misalignment in LLM-Generated Texts for Cultural Heritage
2501.02074,2025-10-02,A Comprehensive Framework to Operationalize Social Stereotypes for Responsible AI Evaluations
2501.02482,2025-01-07,Decoding News Bias: Multi Bias Detection in News Articles
2501.03112,2025-01-30,LangFair: A Python Package for Assessing Bias and Fairness in Large   Language Model Use Cases
2501.01765,2025-01-06,SaLoRA: Safety-Alignment Preserved Low-Rank Adaptation
2501.03259,2025-01-08,Toward Inclusive Educational AI: Auditing Frontier LLMs through a   Multiplexity Lens
2501.02997,2025-01-07,CALM: Curiosity-Driven Auditing for Large Language Models
2501.02531,2025-08-28,Towards New Benchmark for AI Alignment & Sentiment Analysis in Socially Important Issues: A Comparative Study of Human and LLMs in the Context of AGI
2501.03441,2025-07-22,Finding A Voice: Exploring the Potential of African American Dialect and Voice Generation for Chatbots
2501.02012,2025-01-07,Information Subtraction: Learning Representations for Conditional   Entropy
2501.03324,2025-01-08,Analyzing Bias in Swiss Federal Supreme Court Judgments Using Facebook's   Holistic Bias Dataset: Implications for Language Model Training
2501.03569,2025-01-08,What Does a Software Engineer Look Like? Exploring Societal Stereotypes   in LLMs
2501.04316,2025-09-05,"Small Changes, Large Consequences: Analyzing the Allocational Fairness of LLMs in Hiring Contexts"
2501.03479,2025-10-17,"Women, Infamous, and Exotic Beings: A Comparative Study of Honorific Usages in Wikipedia and LLMs for Bengali and Hindi"
2501.03012,2025-08-14,Analyzing Finetuning Representation Shift for Multimodal LLMs Steering
2501.04543,2025-08-06,The Impostor is Among Us: Can Large Language Models Capture the Complexity of Human Personas?
2501.04762,2025-10-21,Efficient and Responsible Adaptation of Large Language Models for Robust and Equitable Top-k Recommendations
2501.04763,2025-01-10,Search engines in polarized media environment: Auditing political   information curation on Google and Bing prior to 2024 US elections
2501.04662,2025-01-09,On The Origin of Cultural Biases in Language Models: From Pre-training   Data to Linguistic Phenomena
2501.05396,2025-04-03,FairCoder: Evaluating Social Bias of LLMs in Code Generation
2501.05171,2025-05-22,Emergence of human-like polarization among large language model agents
2501.04142,2025-01-09,BiasGuard: Guardrailing Fairness in Machine Learning Production Systems
2501.05482,2025-10-07,HP-BERT: A framework for longitudinal study of Hinduphobia on social media via language models
2501.05790,2025-09-03,Understanding Impact of Human Feedback via Influence Functions
2501.05926,2025-09-25,LLMs Reproduce Stereotypes of Sexual and Gender Minorities
2501.05336,2025-01-10,Stream Aligner: Efficient Sentence-Level Alignment via Distribution   Induction
2501.06365,2025-05-29,Gender-Neutral Large Language Models for Medical Applications: Reducing Bias in PubMed Abstracts
2501.05981,2025-01-13,Hermit Kingdom Through the Lens of Multiple Perspectives: A Case Study   of LLM Hallucination on North Korea
2501.05985,2025-08-20,Exploring LLMs for Automated Generation and Adaptation of Questionnaires
2501.05989,2025-01-13,Addressing speaker gender bias in large scale speech translation systems
2501.05764,2025-01-13,Controlling Large Language Models Through Concept Activation Vectors
2501.06461,2025-01-14,Assessing instructor-AI cooperation for grading essay-type questions in   an introductory sociology course
2501.06795,2025-03-13,Bridging the Fairness Gap: Enhancing Pre-trained Models with   LLM-Generated Sentences
2501.06826,2025-08-27,Aligning NLP Models with Target Population Perspectives using PAIR: Population-Aligned Instance Replication
2501.06834,2025-01-14,LLMs Model Non-WEIRD Populations: Experiments with Synthetic Cultural   Agents
2501.05617,2025-01-13,Datasheets for Healthcare AI: A Framework for Transparency and Bias   Mitigation
2501.06638,2025-01-14,Scaling Down Semantic Leakage: Investigating Associative Bias in Smaller   Language Models
2501.06964,2025-01-14,Enhancing Patient-Centric Communication: Leveraging LLMs to Simulate   Patient Perspectives
2501.07071,2025-06-03,Value Compass Benchmarks: A Platform for Fundamental and Validated Evaluation of LLMs Values
2501.07324,2025-01-14,Foundation Models at Work: Fine-Tuning for Fairness in Algorithmic   Hiring
2501.07482,2025-05-21,TiEBe: Tracking Language Model Recall of Notable Worldwide Events Through Time
2501.07238,2025-01-14,Lessons From Red Teaming 100 Generative AI Products
2501.06658,2025-01-14,Comparing Few-Shot Prompting of GPT-4 LLMs with BERT Classifiers for   Open-Response Assessment in Tutor Equity Training
2501.06577,2025-11-04,Survey Transfer Learning: Recycling Data with Silicon Responses
2501.07849,2025-10-24,The Invisible Hand: Unveiling Provider Bias in Large Language Models for Code Generation
2501.06137,2025-06-12,Supervision policies can shape long-term risk management in general-purpose AI models
2501.06143,2025-07-14,Multilingual Performance of a Multimodal Artificial Intelligence System on Multisubject Physics Concept Inventories
2501.07751,2025-03-11,Rethinking AI Cultural Alignment
2501.06911,2025-01-14,Risk-Averse Finetuning of Large Language Models
2501.08502,2025-01-16,Adapting Whisper for Regional Dialects: Enhancing Public Services for   Vulnerable Populations in the United Kingdom
2501.07931,2025-01-15,Advice for Diabetes Self-Management by ChatGPT Models: Challenges and   Recommendations
2501.08276,2025-07-08,Exploring Robustness of LLMs to Paraphrasing Based on Sociodemographic Factors
2501.08284,2025-01-16,AfriHate: A Multilingual Collection of Hate Speech and Abusive Language   Datasets for African Languages
2501.08617,2025-06-11,RLHS: Mitigating Misalignment in RLHF with Hindsight Simulation
2501.08441,2025-11-06,"Religious Bias Landscape in Language and Text-to-Image Models: Analysis, Detection, and Debiasing Strategies"
2501.09409,2025-09-19,Mind the Inclusivity Gap: Multilingual Gender-Neutral Translation Evaluation with mGeNTE
2501.09765,2026-01-27,Enhancing the De-identification of Personally Identifiable Information in Educational Data
2501.09014,2025-08-07,How Do Generative Models Draw a Software Engineer? A Case Study on Stable Diffusion Bias
2501.09309,2025-04-11,Understanding Mental Health Content on Social Media and Its Effect   Towards Suicidal Ideation
2501.08951,2025-01-16,Analyzing the Ethical Logic of Six Large Language Models
2501.09620,2025-05-30,Beyond Reward Hacking: Causal Rewards for Large Language Model Alignment
2501.09534,2025-01-17,AI in Support of Diversity and Inclusion
2501.08155,2025-01-15,FairTTTS: A Tree Test Time Simulation Method for Fairness-Aware   Classification
2501.08814,2025-03-31,SAIF: A Comprehensive Framework for Evaluating the Risks of Generative   AI in the Public Sector
2501.09687,2025-03-25,U-Fair: Uncertainty-based Multimodal Multitask Learning for Fairer   Depression Detection
2501.09431,2025-01-17,"A Survey on Responsible LLMs: Inherent Risk, Malicious Use, and   Mitigation Strategy"
2501.09890,2025-01-20,Exploring the Implementation of AI in Early Onset Interviews to Help   Mitigate Bias
2501.10057,2025-01-20,MSTS: A Multimodal Safety Test Suite for Vision-Language Models
2501.09833,2025-10-09,Erasing More Than Intended? How Concept Erasure Degrades the Generation of Non-Target Concepts
2501.10484,2025-11-03,Bias in Decision-Making for AI's Ethical Dilemmas: A Comparative Study of ChatGPT and Claude
2501.10453,2025-01-22,"Uncovering Bias in Foundation Models: Impact, Testing, Harm, and   Mitigation"
2501.10150,2025-02-03,Dual Debiasing: Remove Stereotypes and Keep Factual Gender for Fair   Language Modeling and Translation
2501.10360,2026-01-21,FaceXBench: Evaluating Multimodal LLMs on Face Understanding
2501.11241,2025-01-22,Irony in Emojis: A Comparative Study of Human and LLM Interpretation
2501.11496,2025-05-20,Generative AI and Large Language Models in Language Preservation: Opportunities and Challenges
2501.11128,2025-01-22,A Collection of Question Answering Datasets for Norwegian
2501.11866,2025-10-15,Evaluating multiple models using labeled and unlabeled data
2501.11815,2025-01-23,CogMorph: Cognitive Morphing Attacks for Text-to-Image Models
2501.11705,2025-01-22,Human services organizations and the responsible integration of AI:   Considering ethics and contextualizing risk(s)
2501.12433,2025-04-30,Owls are wise and foxes are unfaithful: Uncovering animal stereotypes in   vision-language models
2501.12521,2025-01-23,"An Empirically-grounded tool for Automatic Prompt Linting and Repair: A   Case Study on Bias, Vulnerability, and Optimization in Developer Prompts"
2501.12394,2025-06-09,ELEVATE-GenAI: Reporting Guidelines for the Use of Large Language Models in Health Economics and Outcomes Research: an ISPOR Working Group on Generative AI Report
2501.12640,2025-09-01,Toxicity Begets Toxicity: Unraveling Conversational Chains in Political Podcasts
2501.13120,2025-01-24,Multilinguality in LLM-Designed Reward Functions for Restless Bandits:   Effects on Task Performance and Fairness
2501.12962,2026-01-23,It's complicated. The relationship of algorithmic fairness and non-discrimination provisions for high-risk systems in the EU AI Act
2501.13302,2025-01-24,Watching the AI Watchdogs: A Fairness and Robustness Analysis of AI   Safety Moderation Classifiers
2501.12538,2025-02-25,Academic case reports lack diversity: Assessing the presence and   diversity of sociodemographic and behavioral factors related to Post COVID-19   Condition
2501.12573,2025-01-23,Leveraging LLMs to Create a Haptic Devices' Recommendation System
2501.13223,2026-01-26,Data Matters Most: Auditing Social Bias in Contrastive Vision Language Models
2501.13720,2025-02-04,Musical ethnocentrism in Large Language Models
2501.13381,2025-02-12,"Do as We Do, Not as You Think: the Conformity of Large Language Models"
2501.13836,2025-08-06,Think Outside the Data: Colonial Biases and Systemic Issues in Automated Moderation Pipelines for Low-Resource Languages
2501.12612,2025-07-28,"T2ISafety: Benchmark for Assessing Fairness, Toxicity, and Privacy in Image Generation"
2501.13421,2025-01-24,Perceived Fairness of the Machine Learning Development Process: Concept   Scale Development
2501.11597,2025-01-22,Fairness Testing through Extreme Value Theory
2501.14073,2025-02-19,LLMs are Vulnerable to Malicious Prompts Disguised as Scientific   Language
2501.14110,2026-02-03,Value Sensitive Design for Fair Online Recruitment: A Conceptual Framework Informed by Job Seekers' Fairness Concerns
2501.14294,2025-03-04,Examining Alignment of Large Language Models through Representative   Heuristics: The Case of Political Stereotypes
2501.13912,2025-01-24,Analysis of Indic Language Capabilities in LLMs
2501.14719,2025-01-27,Do LLMs Provide Consistent Answers to Health-Related Questions across   Languages?
2501.14844,2025-02-04,Unmasking Conversational Bias in AI Multiagent Systems
2501.14457,2025-01-27,Understanding and Mitigating Gender Bias in LLMs via Interpretable   Neuron Editing
2501.14940,2025-02-10,CASE-Bench: Context-Aware SafEty Benchmark for Large Language Models
2501.15310,2025-01-28,The Multicultural Medical Assistant: Can LLMs Improve Medical ASR Errors   Across Borders?
2501.10970,2025-08-11,The Alternative Annotator Test for LLM-as-a-Judge: How to Statistically Justify Replacing Human Annotators with LLMs
2501.15571,2025-01-28,Cross-Cultural Fashion Design via Interactive Large Language Models and   Diffusion Models
2501.15351,2025-01-28,Fairness in LLM-Generated Surveys
2501.15758,2025-11-11,Distributional Surgery for Language Model Activations
2501.15430,2025-01-28,Evaluating Simple Debiasing Techniques in RoBERTa-based Hate Speech   Detection Models
2501.15773,2025-02-12,Is It Navajo? Accurate Language Detection in Endangered Athabaskan   Languages
2501.15775,2025-07-28,Do Existing Testing Tools Really Uncover Gender Bias in Text-to-Image Models?
2501.15451,2025-05-21,STATE ToxiCN: A Benchmark for Span-level Target-Aware Toxicity Extraction in Chinese Hate Speech Detection
2501.15453,2025-01-29,Data-adaptive Safety Rules for Training Reward Models
2501.15463,2025-10-01,Mind the Value-Action Gap: Do LLMs Act in Alignment with Their Values?
2501.16507,2025-01-29,Characterizing Network Structure of Anti-Trans Actors on TikTok
2501.16748,2025-09-09,Through the Prism of Culture: Evaluating LLMs' Understanding of Indian Subcultures and Traditions
2501.16750,2025-01-29,HateBench: Benchmarking Hate Speech Detectors on LLM-Generated Content   and Hate Campaigns
2501.16783,2025-01-29,A Stochastic Dynamical Theory of LLM Self-Adversariality: Modeling   Severity Drift as a Critical Process
2501.15985,2025-01-28,Demographic Benchmarking: Bridging Socio-Technical Gaps in Bias   Detection
2501.16355,2025-09-29,How Strategic Agents Respond: Comparing Analytical Models with LLM-Generated Responses in Strategic Classification
2501.16870,2025-09-22,Experimenting with Affective Computing Models in Video Interviews with Spanish-speaking Older Adults
2501.17420,2025-01-30,Actions Speak Louder than Words: Agent Decisions Reveal Implicit Biases   in Language Models
2501.17749,2025-01-30,Early External Safety Testing of OpenAI's o3-mini: Insights from the   Pre-Deployment Evaluation
2501.17194,2025-12-12,AI-assisted German Employment Contract Review: A Benchmark Dataset
2501.17831,2025-05-08,TikTok's recommendations skewed towards Republican content during the   2024 U.S. presidential race
2501.17942,2025-01-31,"""I Would Never Trust Anything Western"": Kumu (Educator) Perspectives on   Use of LLMs for Culturally Revitalizing CS Education in Hawaiian Schools"
2501.18081,2025-01-31,Normative Evaluation of Large Language Models with Everyday Moral   Dilemmas
2501.17117,2025-01-29,Histoires Morales: A French Dataset for Assessing Moral Alignment
2501.16378,2025-01-29,Internal Activation Revision: Safeguarding Vision Language Models   Without Parameter Update
2501.17581,2025-02-11,"CSEval: Towards Automated, Multi-Dimensional, and Reference-Free   Counterspeech Evaluation using Auto-Calibrated LLMs"
2501.18100,2026-01-19,Panacea: Mitigating Harmful Fine-tuning for Large Language Models via Post-fine-tuning Perturbation
2501.18642,2025-02-03,DebiasPI: Inference-time Debiasing by Prompt Iteration of a   Text-to-Image Generative Model
2501.18129,2025-01-31,Revisiting gender bias research in bibliometrics: Standardizing   methodological variability using Scholarly Data Analysis (SoDA) Cards
2501.18441,2025-02-05,From Public Square to Echo Chamber: The Fragmentation of Online   Discourse
2501.18493,2025-05-14,Examining the Expanding Role of Synthetic Data Throughout the AI Development Pipeline
2501.19086,2025-02-03,Fairness Analysis of CLIP-Based Foundation Models for X-Ray Image   Classification
2502.00070,2025-04-04,Can AI Solve the Peer Review Crisis? A Large Scale Cross Model   Experiment of LLMs' Performance and Biases in Evaluating over 1000 Economics   Papers
2501.19321,2025-02-03,Language Bias in Self-Supervised Learning For Automatic Speech   Recognition
2502.00313,2025-11-25,Distributive Fairness in Large Language Models: Evaluating Alignment with Human Values
2502.00198,2025-11-20,Fairshare Data Pricing via Data Valuation for Large Language Models
2502.00385,2025-02-27,The Impact of Persona-based Political Perspectives on Hateful Content   Detection
2501.19337,2025-05-27,Token Sampling Uncertainty Does Not Explain Homogeneity Bias in Large Language Models
2502.00903,2025-12-25,Embracing Dialectic Intersubjectivity: Coordination of Different Perspectives in Content Analysis with LLM Persona Simulation
2501.19407,2025-02-06,Algorithmic Inheritance: Surname Bias in AI Decisions Reinforces   Intergenerational Inequality
2502.00015,2025-08-25,Ethical Concerns of Generative AI and Mitigation Strategies: A Systematic Mapping Study
2502.00322,2025-02-04,MODS: Moderating a Mixture of Document Speakers to Summarize Debatable   Queries in Document Collections
2502.01406,2025-09-23,GRADIEND: Feature Learning within Neural Networks Exemplified through Biases
2502.00840,2025-06-11,Activation Approximations Can Incur Safety Vulnerabilities Even in Aligned LLMs: Comprehensive Analysis and Defense
2502.01116,2025-02-04,Picky LLMs and Unreliable RMs: An Empirical Study on Safety Alignment   after Instruction Tuning
2502.01188,2025-02-04,FairUDT: Fairness-aware Uplift Decision Trees
2502.00561,2025-06-10,Position: Evaluating Generative AI Systems Is a Social Science Measurement Challenge
2502.01340,2025-06-12,Human-Agent Interaction in Synthetic Social Networks: A Framework for Studying Online Polarization
2502.00763,2025-02-04,Generative AI for Analyzing Participatory Rural Appraisal Data: An   Exploratory Case Study in Gender Research
2502.01679,2025-02-05,LIBRA: Measuring Bias of Large Language Model from a Local Context
2502.01349,2025-10-23,Bias Beware: The Impact of Cognitive Biases on LLM-Driven Product Recommendations
2502.01926,2025-08-12,Fairness through Difference Awareness: Measuring Desired Group Discrimination in LLMs
2502.02072,2025-06-24,"ASCenD-BDS: Adaptable, Stochastic and Context-aware framework for Detection of Bias, Discrimination and Stereotyping"
2502.01267,2025-06-10,Counterfactual Situation Testing: From Single to Multidimensional Discrimination
2502.01719,2025-02-10,MJ-VIDEO: Fine-Grained Benchmarking and Rewarding Video Preferences in   Video Generation
2502.01777,2026-01-29,CTC-DRO: Robust Optimization for Reducing Language Disparities in Speech Recognition
2502.02153,2025-02-05,Vulnerability Mitigation for Safety-Aligned Language Models via   Debiasing
2502.02786,2025-02-06,When Machine Learning Gets Personal: Understanding Fairness of   Personalized Models
2502.02903,2025-02-06,What is in a name? Mitigating Name Bias in Text Embeddings via   Anonymization
2502.02696,2025-04-17,How Inclusively do LMs Perceive Social and Moral Norms?
2502.03220,2025-02-06,Mitigating Language Bias in Cross-Lingual Job Retrieval: A Recruitment   Platform Perspective
2502.02966,2025-02-06,FACTER: Fairness-Aware Conformal Thresholding and Prompt Engineering for   Enabling Fair LLM-Based Recommender Systems
2502.02444,2025-10-08,Generative Psycho-Lexical Approach for Constructing Value Systems in Large Language Models
2502.02289,2025-02-05,Evalita-LLM: Benchmarking Large Language Models on Italian
2502.03512,2025-02-11,YINYANG-ALIGN: Benchmarking Contradictory Objectives and Proposing   Multi-Objective Optimization based DPO for Text-to-Image Alignment
2502.03420,2025-02-06,Can Text-to-Image Generative Models Accurately Depict Age? A Comparative   Study on Synthetic Portrait Generation and Age Estimation
2502.03429,2025-02-06,On Fairness of Unified Multimodal Large Language Model for Image   Generation
2502.03433,2025-02-06,Analyzing Political Discourse on Discord during the 2024 U.S.   Presidential Election
2502.03945,2025-02-07,Afrispeech-Dialog: A Benchmark Dataset for Spontaneous English   Conversations in Healthcare and Beyond
2502.03826,2026-01-08,FairT2I: Mitigating Social Bias in Text-to-Image Generation via Large Language Model-Assisted Detection and Attribute Rebalancing
2502.04218,2025-02-07,Sports and Women's Sports: Gender Bias in Text Generation with Olympic   Data
2502.04266,2025-02-10,Digital Gatekeeping: An Audit of Search Engine Results shows tailoring   of queries on the Israel-Palestine Conflict
2502.04564,2025-02-12,My LLM might Mimic AAE -- But When Should it?
2502.04419,2025-02-11,Understanding and Mitigating the Bias Inheritance in LLM-based Data   Augmentation on Downstream Tasks
2502.04426,2025-10-17,The simulation of judgment in LLMs
2502.04528,2026-02-03,Group-Adaptive Threshold Optimization for Robust AI-Generated Text Detection
2502.05032,2025-02-10,News about Global North considered Truthful! The Geo-political Veracity   Gradient in Global South News
2502.04488,2025-02-10,"Building A Unified AI-centric Language System: analysis, framework and   future work"
2502.05066,2026-01-16,"Beautiful Images, Toxic Words: Understanding and Addressing Offensive Text in Generated Images"
2502.05099,2025-05-07,"Navigating Automated Hiring: Perceptions, Strategy Use, and Outcomes   Among Young Job Seekers"
2502.05291,2025-04-22,Can LLMs Rank the Harmfulness of Smaller LLMs? We are Not There Yet
2502.04309,2025-02-07,Targeted Learning for Data Fairness
2502.04883,2025-02-10,Evaluating Standard and Dialectal Frisian ASR: Multilingual Fine-tuning   and Language Identification for Improved Low-resource Performance
2502.04757,2025-07-25,ELITE: Enhanced Language-Image Toxicity Evaluation for Safety
2502.05849,2025-10-01,Where Fact Ends and Fairness Begins: Redefining AI Bias Evaluation through Cognitive Biases
2502.05442,2025-07-16,The Odyssey of the Fittest: Can Agents Survive and Still Be Good?
2502.05331,2025-02-14,"Fine-Tuned LLMs are ""Time Capsules"" for Tracking Societal Bias Through   Books"
2502.05649,2025-02-11,Gender Bias in Instruction-Guided Speech Synthesis Models
2502.06487,2025-02-11,Adaptive Prompting: Ad-hoc Prompt Composition for Social Bias Detection
2502.06559,2025-05-27,Can We Trust AI Benchmarks? An Interdisciplinary Review of Current Issues in AI Evaluation
2502.06094,2025-02-11,Fair-MoE: Fairness-Oriented Mixture of Experts in Vision-Language Models
2502.06695,2025-02-11,FairDropout: Using Example-Tied Dropout to Enhance Generalization of   Minority Groups
2502.06059,2025-12-30,"Prioritization First, Principles Second: An Adaptive Interpretation of Helpful, Honest, and Harmless Principles"
2502.06394,2025-08-18,SynthDetoxM: Modern LLMs are Few-Shot Parallel Detoxification Data Annotators
2502.06872,2025-02-12,Towards Trustworthy Retrieval Augmented Generation for Large Language   Models: A Survey
2502.07017,2025-11-04,Finding Words Associated with DIF: Predicting Differential Item Functioning using LLMs and Explainable AI
2502.07254,2025-03-04,Fairness in Agentic AI: A Unified Framework for Ethical and Equitable   Multi-Agent System
2502.07058,2025-03-21,Using Contextually Aligned Online Reviews to Measure LLMs' Performance   Disparities Across Language Varieties
2502.07072,2025-03-12,IRepair: An Intent-Aware Approach to Repair Data-Driven Errors in Large   Language Models
2502.06207,2025-05-20,Is LLM an Overconfident Judge? Unveiling the Capabilities of LLMs in Detecting Offensive Language with Annotation Disagreement
2502.07138,2025-03-03,Towards a Robust Framework for Multimodal Hate Detection: A Study on   Video vs. Image-based Content
2502.07459,2025-07-21,PerCul: A Story-Driven Cultural Evaluation of LLMs in Persian
2502.07328,2025-05-07,Music for All: Representational Bias and Cross-Cultural Adaptability of   Music Generation Models
2502.07763,2025-02-12,Great Power Brings Great Responsibility: Personalizing Conversational AI   for Diverse Problem-Solvers
2502.07771,2025-02-12,Breaking Down Bias: On The Limits of Generalizable Pruning Strategies
2502.07617,2025-02-12,Scaling Pre-training to One Hundred Billion Data for Vision Language   Models
2502.07637,2025-02-12,BiaSWE: An Expert Annotated Dataset for Misogyny Detection in Swedish
2502.07957,2025-06-11,Intrinsic Bias is Predicted by Pretraining Data and Correlates with Downstream Performance in Vision-Language Encoders
2502.06004,2025-08-26,Analysis of LLM as a grammatical feature tagger for African American English
2502.06009,2025-04-29,Media Bias Detector: Designing and Implementing a Tool for Real-Time   Selection and Framing Bias Analysis in News Coverage
2502.08045,2025-11-14,Break the Checkbox: Challenging Closed-Style Evaluations of Cultural Alignment in LLMs
2502.08073,2025-02-13,Large language models perpetuate bias in palliative care: development   and analysis of the Palliative Care Adversarial Dataset (PCAD)
2502.08489,2025-02-14,Salamandra Technical Report
2502.08515,2025-02-13,The Paradox of Stochasticity: Limited Creativity and Computational   Decoupling in Temperature-Varied LLM Outputs of Structured Fictional Data
2502.08640,2025-02-20,Utility Engineering: Analyzing and Controlling Emergent Value Systems in   AIs
2502.08395,2025-09-11,IssueBench: Millions of Realistic Prompts for Measuring Issue Bias in LLM Writing Assistance
2502.08301,2025-06-24,Compromising Honesty and Harmlessness in Language Models via Deception Attacks
2502.09004,2025-10-21,Hope vs. Hate: Understanding User Interactions with LGBTQ+ News Content in Mainstream US News Media through the Lens of Hope Speech
2502.08779,2026-01-19,BBQ-V: Benchmarking Visual Stereotype Bias in Large Multimodal Models
2502.08650,2025-09-25,"Who is Responsible? The Data, Models, Users or Regulations? A Comprehensive Survey on Responsible Generative AI for a Sustainable Future"
2502.08266,2025-08-19,Dealing with Annotator Disagreement in Hate Speech Classification
2502.08914,2025-06-26,Diffusion Models Through a Global Lens: Are They Culturally Inclusive?
2502.08177,2025-09-22,SycEval: Evaluating LLM Sycophancy
2502.09636,2025-02-21,Reading between the Lines: Can LLMs Identify Cross-Cultural   Communication Gaps?
2502.09637,2025-02-17,Meta-Cultural Competence: Climbing the Right Hill of Cultural Awareness
2502.09814,2025-02-17,INJONGO: A Multicultural Intent Detection and Slot-filling Dataset for   16 African Languages
2502.09670,2025-02-17,The Science of Evaluating Foundation Models
2502.09532,2025-02-14,Mind the Gap! Choice Independence in Using Multilingual LLMs for   Persuasive Co-Writing Tasks in Different Languages
2502.10373,2025-02-17,OWLS: Scaling Laws for Multilingual Speech Recognition and Translation   Models
2502.10577,2025-02-18,Man Made Language Models? Evaluating LLMs' Perpetuation of Masculine   Generics Bias
2502.10407,2025-02-18,Addressing Bias in Generative AI: Challenges and Research Opportunities   in Information Management
2502.11137,2025-05-09,Safety Evaluation of DeepSeek Models in Chinese Contexts
2502.11349,2025-02-18,"Biases in Edge Language Models: Detection, Analysis, and Mitigation"
2502.10921,2025-02-24,Evolving Hate Speech Online: An Adaptive Framework for Detection and   Mitigation
2502.10844,2026-02-03,"Be Friendly, Not Friends: How LLM Sycophancy Shapes User Trust"
2502.10636,2025-03-03,USER-VLM 360: Personalized Vision Language Models with User-aware Tuning   for Social Human-Robot Interactions
2502.11411,2025-10-13,Detecting and Filtering Unsafe Training Data via Data Attribution with Denoised Representation
2502.11242,2026-01-27,LLMs and Childhood Safety: Identifying Risks and Proposing a Protection Framework for Safe Child-LLM Interaction
2502.11244,2025-08-25,Soteria: Language-Specific Functional Parameter Steering for Multilingual Safety Alignment
2502.11246,2025-10-20,MemeSense: An Adaptive In-Context Framework for Social Commonsense Driven Meme Moderation
2502.11266,2025-02-18,The Shrinking Landscape of Linguistic Diversity in the Age of Large   Language Models
2502.11603,2025-02-18,DR.GAP: Mitigating Bias in Large Language Models using Gender-Aware   Prompting with Demonstration and Reasoning
2502.11611,2025-02-18,Identifying Gender Stereotypes and Biases in Automated Translation from   English to Italian using Similarity Networks
2502.11559,2025-11-04,Auto-Search and Refinement: An Automated Framework for Gender Bias Mitigation in Large Language Models
2502.11429,2025-02-18,What's in a Query: Polarity-Aware Distribution-Based Fair Ranking
2502.11995,2025-03-11,Presumed Cultural Identity: How Names Shape LLM Responses
2502.11090,2026-02-10,SafeDialBench: A Fine-Grained Safety Evaluation Benchmark for Large Language Models in Multi-Turn Dialogues with Diverse Jailbreak Attacks
2502.11095,2025-06-30,A Survey of Large Language Models in Psychotherapy: Current Landscape and Future Directions
2502.11861,2025-02-18,"Exploring Large Language Models in Healthcare: Insights into Corpora   Sources, Customization Strategies, and Evaluation Metrics"
2502.11883,2025-02-18,FairDiverse: A Comprehensive Toolkit for Fair and Diverse Information   Retrieval Algorithms
2502.12057,2025-07-21,Culture is Not Trivia: Sociocultural Theory for Cultural NLP
2502.12446,2025-07-10,Multi-Attribute Steering of Language Models via Targeted Intervention
2502.12611,2025-12-30,Who Writes What: Unveiling the Impact of Author Roles on AI-generated Text Detection
2502.12552,2025-02-19,LLM Safety for Children
2502.12566,2025-09-22,Exploring the Impact of Personality Traits on LLM Bias and Toxicity
2502.11031,2025-02-18,A Critical Review of Predominant Bias in Neural Networks
2502.12813,2025-02-19,Simulating User Diversity in Task-Oriented Dialogue Systems using Large   Language Models
2502.12838,2025-02-19,Towards Equitable AI: Detecting Bias in Using Large Language Models for   Marketing
2502.12858,2025-02-19,Rejected Dialects: Biases Against African American Language in Reward   Models
2502.12895,2025-04-03,Multilingual European Language Models: Benchmarking Approaches and   Challenges
2502.13120,2025-02-19,Adapting Psycholinguistic Research for LLMs: Gender-inclusive Language   in a Coreference Context
2502.12485,2025-04-09,Safe at the Margins: A General Approach to Safety Alignment in   Low-Resource English Languages -- A Singlish Case Study
2502.12510,2025-02-19,Aspect-Guided Multi-Level Perturbation Analysis of Large Language Models   in Automated Peer Review
2502.12788,2025-07-22,Commonsense Reasoning in Arab Culture
2502.13246,2026-01-19,When People are Floods: Analyzing Dehumanizing Metaphors in Immigration Discourse with Large Language Models
2502.13259,2025-06-03,HumT DumT: Measuring and controlling human-like language in LLMs
2502.13061,2025-09-17,Robust Adaptation of Large Multimodal Models for Retrieval Augmented Hateful Meme Detection
2502.13004,2025-02-19,Language Barriers: Evaluating Cross-Lingual Performance of CNN and   Transformer Architectures for Speech Quality Estimation
2502.13221,2025-02-20,Two Tickets are Better than One: Fair and Accurate Hiring Under   Strategic LLM Manipulations
2502.13319,2025-09-29,Elucidating Mechanisms of Demographic Bias in LLMs for Healthcare
2502.13766,2025-02-20,GIMMICK -- Globally Inclusive Multimodal Multitask Cultural Knowledge   Benchmarking
2502.13775,2025-06-03,VITAL: A New Dataset for Benchmarking Pluralistic Alignment in Healthcare
2502.13497,2025-07-17,Towards Geo-Culturally Grounded LLM Generations
2502.11163,2025-09-09,"AI Sees Your Location, But With A Bias Toward The Wealthy World"
2502.13548,2025-02-20,Detecting Linguistic Bias in Government Documents Using Large language   Models
2502.13640,2025-07-15,Qorgau: Evaluating LLM Safety in Kazakh-Russian Bilingual Contexts
2502.14052,2025-02-21,A Matter of Perspective(s): Contrasting Human and LLM Argumentation in   Subjective Decision-Making on Subtle Sexism
2502.14296,2025-10-01,"On the Trustworthiness of Generative Foundation Models: Guideline, Assessment, and Perspective"
2502.14301,2025-06-03,SEA-HELM: Southeast Asian Holistic Evaluation of Language Models
2502.14315,2025-02-21,Unveiling Cultural Blind Spots: Analyzing the Limitations of mLLMs in   Procedural Text Comprehension
2502.13908,2025-02-20,Judging the Judges: A Collection of LLM-Generated Relevance Judgements
2502.14219,2025-02-21,Investigating the Impact of LLM Personality on Cognitive Bias   Manifestation in Automated Decision-Making Tasks
2502.13458,2025-05-29,ThinkGuard: Deliberative Slow Thinking Leads to Cautious Guardrails
2502.14182,2025-02-21,Multi-Faceted Studies on Data Poisoning can Advance LLM Development
2502.14592,2025-02-21,"""Don't Forget the Teachers"": Towards an Educator-Centered Understanding   of Harms from Large Language Models in Education"
2502.14786,2025-02-21,"SigLIP 2: Multilingual Vision-Language Encoders with Improved Semantic   Understanding, Localization, and Dense Features"
2502.14083,2025-02-21,Are Rules Meant to be Broken? Understanding Multilingual Moral Reasoning   as a Computational Pipeline with UniMoral
2502.14507,2025-02-21,Can LLMs Simulate L2-English Dialogue? An Information-Theoretic Analysis   of L1-Dependent Biases
2502.13278,2025-02-20,"Performance Evaluation of Sentiment Analysis on Text and Emoji Data   Using End-to-End, Transfer Learning, Distributed and Explainable AI Models"
2502.14906,2025-02-24,Beyond Words: Exploring Cultural Value Sensitivity in Multimodal Models
2502.14975,2025-02-24,Beyond No: Quantifying AI Over-Refusal and Emotional Attachment   Boundaries
2502.14718,2025-06-17,Entity Framing and Role Portrayal in the News
2502.14133,2025-07-29,Self-Regularization with Sparse Autoencoders for Controllable LLM-based Classification
2502.15361,2025-09-23,Does Reasoning Introduce Bias? A Study of Social Bias Evaluation and Mitigation in LLM Reasoning
2502.14385,2025-02-21,Tradutor: Building a Variety Specific Translation Model
2502.14394,2025-02-21,Enhancing Portuguese Variety Identification with Cross-Domain Approaches
2502.14400,2025-07-25,HPS: Hard Preference Sampling for Human Preference Alignment
2502.15086,2025-10-24,Is Safety Standard Same for Everyone? User-Specific Safety Evaluation of Large Language Models
2502.15600,2025-08-25,Robust Bias Detection in MLMs and its Application to Human Trait Ratings
2502.15155,2025-02-24,Extreme Speech Classification in the Era of LLMs: Exploring Open-Source   and Proprietary Models
2502.15568,2025-11-12,"A Cautionary Tale About ""Neutrally"" Informative AI Tools Ahead of the 2025 Federal Elections in Germany"
2502.15939,2025-02-25,"""Kya family planning after marriage hoti hai?"": Integrating Cultural   Sensitivity in an LLM Chatbot for Reproductive Health"
2502.15972,2025-02-25,Multi-Agent Multimodal Models for Multicultural Text to Image Generation
2502.14888,2025-05-26,Multi-Faceted Multimodal Monosemanticity
2502.16051,2026-02-18,Moving Beyond Medical Exams: A Clinician-Annotated Fairness Dataset of Real-World Tasks and Ambiguity in Mental Healthcare
2502.15242,2025-06-23,Agonistic Image Generation: Unsettling the Hegemony of Intention
2502.16280,2025-02-25,Human Preferences in Large Language Model Latent Space: A Technical   Analysis on the Reliability of Synthetic Data in Voting Outcome Prediction
2502.16109,2025-02-25,Be a Multitude to Itself: A Prompt Evolution Framework for Red Teaming
2502.16534,2025-09-03,Multilingual != Multicultural: Evaluating Gaps Between Multilingual Capabilities and Cultural Alignment in LLMs
2502.15871,2025-09-18,A Comprehensive Survey on the Trustworthiness of Large Language Models in Healthcare
2502.16242,2025-02-25,"Reproducibility Study of Cooperation, Competition, and Maliciousness:   LLM-Stakeholders Interactive Negotiation"
2502.16612,2025-09-30,MemeIntel: Explainable Detection of Propagandistic and Hateful Memes
2502.16357,2025-02-25,LegalBench.PT: A Benchmark for Portuguese Law
2502.16987,2025-02-25,"Hotter and Colder: A New Approach to Annotating Sentiment, Emotions, and   Bias in Icelandic Blog Comments"
2502.16383,2025-02-27,Understanding Generative AI Risks for Youth: A Taxonomy Based on   Empirical Data
2502.16971,2025-02-25,LongSafety: Evaluating Long-Context Safety of Large Language Models
2502.17390,2025-02-25,Mitigating Bias in RAG: Controlling the Embedder
2502.16761,2025-02-25,Language Model Fine-Tuning on Scaled Survey Data for Predicting   Distributions of Public Opinions
2502.17091,2026-01-21,Comparing the Framing Effect in Humans and LLMs on Naturally Occurring Texts
2502.17611,2026-01-26,Evaluating the Effect of Retrieval Augmentation on Social Biases
2502.17284,2025-02-25,Improving the Inclusivity of Dutch Speech Recognition by Fine-tuning   Whisper on the JASMIN-CGN Corpus
2502.17710,2025-02-26,Mind the Gesture: Evaluating AI Sensitivity to Culturally Offensive   Non-Verbal Gestures
2502.17945,2025-08-07,Assessing Agentic Large Language Models in Multilingual National Bias
2502.17730,2025-11-12,Gender Bias in Perception of Human Managers Extends to AI Managers
2502.18282,2025-07-01,Better Aligned with Survey Respondents or Training Data? Unveiling Political Leanings of LLMs on U.S. Supreme Court Cases
2502.18434,2025-02-26,Exploring Gender Disparities in Automatic Speech Recognition Technology
2502.18576,2025-02-27,Investigating Youth AI Auditing
2502.18583,2025-09-25,What are Foundation Models Cooking in the Post-Soviet World?
2502.18101,2025-03-11,Detecting Offensive Memes with Social Biases in Singapore Context Using   Multimodal Large Language Models
2502.17814,2025-02-26,An Overview of Large Language Models for Statisticians
2502.18468,2025-02-27,SOK: Exploring Hallucinations and Security Risks in AI-Assisted Software   Development with Insights for LLM Deployment
2502.19463,2025-03-03,Do LLMs exhibit demographic parity in responses to queries about Human   Rights?
2502.18411,2025-03-04,OmniAlign-V: Towards Enhanced Alignment of MLLMs with Human Preference
2502.19098,2025-02-27,Language-Driven Opinion Dynamics in Agent-Based Simulations with LLMs
2502.19104,2025-03-03,Are All Spanish Doctors Male? Evaluating Gender Bias in German Machine   Translation
2502.19721,2025-09-19,Unsupervised Concept Vector Extraction for Bias Control in LLMs
2502.19749,2025-09-18,What's Not Said Still Hurts: A Description-Based Evaluation Framework for Measuring Social Bias in LLMs
2502.19582,2025-06-05,Where Are We? Evaluating LLM Performance on African Languages
2502.18935,2025-02-27,JailBench: A Comprehensive Chinese Security Assessment Benchmark for   Large Language Models
2502.19158,2025-10-28,When Personalization Meets Reality: A Multi-Faceted Analysis of Personalized Preference Learning
2502.19160,2025-02-27,Detecting Linguistic Indicators for Stereotype Assessment with Large   Language Models
2502.19612,2025-02-28,Evaluation of Hate Speech Detection Using Large Language Models and   Geographical Contextualization
2502.19625,2025-04-22,Revealing Treatment Non-Adherence Bias in Clinical Machine Learning   Using Large Language Models
2502.19771,2025-03-14,The erasure of intensive livestock farming in text-to-image generative   AI
2502.20231,2025-02-28,AI Will Always Love You: Studying Implicit Biases in Romantic AI   Companions
2502.20432,2025-11-04,LLM Strategic Reasoning: Agentic Study through Behavioral Game Theory
2502.20459,2025-03-03,"Broken Letters, Broken Narratives: A Case Study on Arabic Script in   DALL-E 3"
2502.20578,2025-05-29,Interpreting CLIP with Hierarchical Sparse Autoencoders
2502.20135,2025-02-28,Educator Attention: How computational tools can systematically identify   the distribution of a key resource for students
2502.20684,2025-03-03,JAM: Controllable and Responsible Text Generation via Causal Reasoning   and Latent Vector Manipulation
2503.00151,2025-07-28,Palm: A Culturally Inclusive and Linguistically Diverse Dataset for Arabic LLMs
2502.20897,2025-03-03,Beyond Demographics: Fine-tuning Large Language Models to Predict   Individuals' Subjective Text Perceptions
2502.20898,2025-03-03,A database to support the evaluation of gender biases in GPT-4o output
2502.21123,2025-05-26,Causality Is Key to Understand and Balance Multiple Goals in Trustworthy ML and Foundation Models
2503.00093,2025-03-04,Rethinking LLM Bias Probing Using Lessons from the Social Sciences
2502.19822,2025-02-28,Empowering Social Service with AI: Insights from a Participatory Design   Study with Practitioners
2503.00231,2025-03-04,Jawaher: A Multidialectal Dataset of Arabic Proverbs for LLM   Benchmarking
2503.00333,2025-11-03,More of the Same: Persistent Representational Harms Under Increased Representation
2503.00355,2025-03-04,Structured Reasoning for Fairness: A Multi-Agent Approach to Bias   Detection in Textual Data
2503.00020,2025-03-04,A Systematic Review of Open Datasets Used in Text-to-Image (T2I) Gen AI   Model Safety
2503.00489,2025-03-04,Embracing Diversity: A Multi-Perspective Approach with Soft Labels
2503.00610,2025-03-04,Urban Safety Perception Through the Lens of Large Multimodal Models: A   Persona-based Approach
2503.00417,2025-03-04,"A Multi-Labeled Dataset for Indonesian Discourse: Examining Toxicity,   Polarization, and Demographics Information"
2503.00444,2025-11-17,Figurative Archive: an open dataset and web-based application for the study of metaphor
2503.00907,2025-03-04,Unveiling Biases while Embracing Sustainability: Assessing the Dual   Challenges of Automatic Speech Recognition Systems
2502.21284,2025-07-22,Controlled Model Debiasing through Minimal and Interpretable Updates
2502.21228,2025-11-11,ECLeKTic: a Novel Challenge Set for Evaluation of Cross-Lingual Knowledge Transfer
2503.01030,2025-03-04,Language Models Predict Empathy Gaps Between Social In-groups and   Out-groups
2503.01623,2025-03-04,Lost in Moderation: How Commercial Content Moderation APIs Over- and   Under-Moderate Group-Targeted Hate Speech and Linguistic Variations
2503.01894,2025-11-11,LIVS: A Pluralistic Alignment Dataset for Inclusive Public Spaces
2503.01902,2025-09-29,How LLMs Fail to Support Fact-Checking
2503.00841,2025-03-04,"A Law Reasoning Benchmark for LLM with Tree-Organized Structures   including Factum Probandum, Evidence and Experiences"
2503.01947,2025-03-06,Analyzing the Safety of Japanese Large Language Models in   Stereotype-Triggering Prompts
2503.02016,2025-10-09,Mind the (Belief) Gap: Group Identity in the World of LLMs
2503.02038,2025-10-15,Persuasion at Play: Understanding Misinformation Dynamics in Demographic-Aware Human-LLM Interactions
2503.01872,2025-10-23,FairGen: Controlling Sensitive Attributes for Fair Generations in Diffusion Models via Adaptive Latent Guidance
2503.02080,2025-04-03,Linear Representations of Political Perspective Emerge in Large Language   Models
2503.02298,2025-11-25,A Zero-shot Explainable Doctor Ranking Framework with Large Language Models
2503.02334,2025-03-05,BiasICL: In-Context Learning and Demographic Biases of Vision Language   Models
2503.01553,2025-03-04,Co-creation for Sign Language Processing and Machine Translation
2503.01742,2025-03-06,Building Safe GenAI Applications: An End-to-End Overview of Red Teaming   for Large Language Models
2503.01914,2025-03-05,Conceptual Contrastive Edits in Textual and Vision-Language Retrieval
2503.02365,2025-03-07,EchoQA: A Large Collection of Instruction Tuning Data for Echocardiogram   Reports
2503.02776,2025-03-05,Implicit Bias in LLMs: A Survey
2503.02907,2025-03-06,Fine-Tuning Whisper for Inclusive Prosodic Stress Analysis
2503.02865,2025-03-06,FairSense-AI: Responsible AI Meets Sustainability
2503.03582,2025-03-06,Scaling Crowdsourced Election Monitoring: Construction and Evaluation of   Classification Models for Multilingual and Cross-Domain Classification   Settings
2503.03592,2026-01-23,English K_Quantization of LLMs Does Not Disproportionately Diminish Multilingual Performance
2503.01532,2025-06-11,Unmasking Implicit Bias: Evaluating Persona-Prompted LLM Responses in Power-Disparate Social Scenarios
2503.01539,2025-08-22,Pragmatic Inference Chain (PIC) Improving LLMs' Reasoning of Authentic Implicit Toxic Language
2503.03380,2025-03-06,The Serendipity of Claude AI: Case of the 13 Low-Resource National   Languages of Mali
2503.02674,2025-03-05,Towards Robust Expert Finding in Community Question Answering Platforms
2503.03186,2025-05-08,"Designing Speech Technologies for Australian Aboriginal English:   Opportunities, Risks and Participation"
2503.04064,2025-03-07,Uncovering inequalities in new knowledge learning by large language   models across different languages
2503.03654,2025-10-09,Improving Neutral Point-of-View Generation with Data- and Parameter-Efficient RL
2503.02888,2025-03-06,Political Biases on X before the 2025 German Federal Election
2503.03005,2025-03-07,Will I Get Hate Speech Predicting the Volume of Abusive Replies before   Posting in Social Media
2503.04372,2025-09-23,Assumed Identities: Quantifying Gender Bias in Machine Translation of Gender-Ambiguous Occupational Terms
2503.04099,2025-03-07,Disparities in LLM Reasoning Accuracy and Explanations: A Case Study on   African American English
2503.04279,2025-03-07,Dual-Class Prompt Generation: Enhancing Indonesian Gender-Based Hate   Speech Detection through Data Augmentation
2503.04957,2025-03-10,SafeArena: Evaluating the Safety of Autonomous Web Agents
2503.04982,2025-03-10,LVLM-Compress-Bench: Benchmarking the Broader Impact of Large   Vision-Language Model Compression
2503.03888,2025-03-12,AI for Scaling Legal Reform: Mapping and Redacting Racial Covenants in   Santa Clara County
2503.05093,2025-03-10,Visual Cues of Gender and Race are Associated with Stereotyping in   Vision-Language Models
2503.05102,2025-03-10,AutoTestForge: A Multidimensional Automated Testing Framework for   Natural Language Processing Models
2503.05047,2025-03-10,Biases in Large Language Model-Elicited Text: A Case Study in Natural   Language Inference
2503.04827,2025-06-10,Preserving Cultural Identity with Context-Aware Translation Through Multi-Agent AI Systems
2503.05280,2025-03-11,Revealing Hidden Mechanisms of Cross-Country Content Moderation with   Natural Language Processing
2503.04474,2025-03-07,Know Thy Judge: On the Robustness Meta-Evaluation of LLM Safety Judges
2503.05516,2025-03-10,Cognitive Bias Detection Using Advanced Prompt Engineering
2503.05609,2026-01-23,Decoding Safety Feedback from Diverse Raters: A Data-driven Lens on Responsiveness to Severity
2503.04804,2025-06-18,What do Large Language Models Say About Animals? Investigating Risks of Animal Harm in Generated Text
2503.05728,2025-06-04,Political Neutrality in AI Is Impossible- But Here Is How to Approximate It
2503.05731,2025-04-22,AILuminate: Introducing v1.0 of the AI Risk and Reliability Benchmark   from MLCommons
2503.05357,2025-03-10,Improving Hate Speech Classification with Cross-Taxonomy Dataset   Integration
2503.05371,2025-08-14,Shifting Perspectives: Steering Vectors for Robust Bias Mitigation in LLMs
2503.05812,2025-03-11,Intolerable Risk Threshold Recommendations for Artificial Intelligence
2503.05713,2025-03-11,Beyond English: Unveiling Multilingual Bias in LLM Copyright Compliance
2503.05720,2026-01-08,That is Unacceptable: the Moral Foundations of Canceling
2503.05721,2025-10-13,What Are They Filtering Out? An Experimental Benchmark of Filtering Strategies for Harm Reduction in Pretraining Datasets
2503.06054,2025-03-11,Fine-Grained Bias Detection in LLM: Enhancing detection mechanisms for   nuanced biases
2503.06263,2025-03-11,Critical Foreign Policy Decisions (CFPD)-Benchmark: Measuring Diplomatic   Preferences in Large Language Models
2503.05765,2025-03-11,Encoding Inequity: Examining Demographic Bias in LLM-Driven Robot   Caregiving
2503.05769,2025-03-11,Effect of Gender Fair Job Description on Generative AI Images
2503.06011,2025-03-11,Intent-Aware Self-Correction for Mitigating Social Biases in Large   Language Models
2503.06792,2025-03-11,On the Mutual Influence of Gender and Occupation in LLM Representations
2503.06734,2025-03-11,Gender Encoding Patterns in Pretrained Language Model Representations
2503.06534,2025-03-11,SafeSpeech: A Comprehensive and Interactive Tool for Analysing Sexist   and Abusive Language in Conversations
2503.06550,2025-03-11,BingoGuard: LLM Content Moderation Tools with Risk Levels
2503.05796,2025-03-11,Towards Multi-Stakeholder Evaluation of ML Models: A Crowdsourcing Study   on Metric Preferences in Job-matching System
2503.06987,2025-06-13,Social Bias Benchmark for Generation: A Comparison of Generation and QA-Based Evaluations
2503.06411,2025-03-11,Decoding the Black Box: Integrating Moral Imagination with Technical AI   Governance
2503.07575,2025-09-09,VisBias: Measuring Explicit and Implicit Social Biases in Vision Language Models
2503.06924,2025-04-01,Automatic Speech Recognition for Non-Native English: Accuracy and   Disfluency Handling
2503.07510,2025-03-11,Sometimes the Model doth Preach: Quantifying Religious Bias in Open LLMs   through Demographic Analysis in Asian Nations
2503.07237,2025-11-11,LLM-C3MOD: A Human-LLM Collaborative System for Cross-Cultural Hate Speech Moderation
2503.07691,2025-12-08,Fair Text Classification via Transferable Representations
2503.07878,2025-11-04,A Woman with a Knife or A Knife with a Woman? Measuring Directional Bias Amplification in Image Captions
2503.07806,2025-03-12,Towards Large Language Models that Benefit for All: Benchmarking Group   Fairness in Reward Models
2503.07395,2025-03-11,Revisiting Noise in Natural Language Processing for Computational Social   Science
2503.08012,2025-03-12,Exploring Bias in over 100 Text-to-Image Generative Models
2503.08368,2025-03-12,Debiased Prompt Tuning in Vision-Language Model without Annotations
2503.08588,2025-03-12,BiasEdit: Debiasing Stereotyped Language Models via Model Editing
2503.07920,2025-03-19,"Crowdsource, Crawl, or Generate? Creating SEA-VL, a Multicultural   Vision-Language Dataset for Southeast Asia"
2503.08750,2025-03-13,Exposing Product Bias in LLM Investment Recommendation
2503.08688,2025-04-10,"Randomness, Not Representation: The Unreliability of Evaluating Cultural   Alignment in LLMs"
2503.09025,2025-03-13,Aligning to What? Limits to RLHF Based Alignment
2503.07797,2025-03-12,"The News Says, the Bot Says: How Immigrants and Locals Differ in   Chatbot-Facilitated News Reading"
2503.09219,2025-03-13,Rethinking Prompt-based Debiasing in Large Language Models
2503.09341,2025-03-13,An Evaluation of LLMs for Detecting Harmful Computing Terms
2503.09347,2025-07-10,Safer or Luckier? LLMs as Safety Evaluators Are Not Robust to Artifacts
2503.09743,2025-03-14,Review GIDE -- Restaurant Review Gastrointestinal Illness Detection and   Extraction with Large Language Models
2503.09805,2025-05-06,Un-Straightening Generative AI: How Queer Artists Surface and Challenge   the Normativity of Generative AI Models
2503.09487,2025-08-27,Project-Probe-Aggregate: Efficient Fine-Tuning for Group Robustness
2503.09763,2025-03-14,BiasConnect: Investigating Bias Interactions in Text-to-Image Models
2503.07501,2025-03-11,"Trustworthy Machine Learning via Memorization and the Granular   Long-Tail: A Survey on Interactions, Tradeoffs, and Beyond"
2503.09639,2025-07-15,Can A Society of Generative Agents Simulate Human Behavior and Inform Public Health Policy? A Case Study on Vaccine Hesitancy
2503.09330,2025-12-17,Group-robust Machine Unlearning
2503.10192,2025-03-14,Red Teaming Contemporary AI Models: Insights from Spanish and Basque   Perspectives
2503.09969,2025-06-05,Detecting Dataset Bias in Medical AI: A Generalized and Modality-Agnostic Auditing Framework
2503.09648,2025-03-14,A Survey on Trustworthy LLM Agents: Threats and Countermeasures
2503.10298,2025-03-18,Proceedings of the ISCA/ITG Workshop on Diversity in Large Speech and   Language Models
2503.09925,2025-03-14,PluralLLM: Pluralistic Alignment in LLMs via Federated Learning
2503.09833,2025-03-14,A Comprehensive Review on Understanding the Decentralized and   Collaborative Approach in Machine Learning
2503.09837,2025-03-17,On the Limitations of Vision-Language Models in Understanding Image   Transforms
2503.09838,2025-03-14,BioSpark: Beyond Analogical Inspiration to LLM-augmented Transfer
2503.09840,2025-03-14,Predicting Tropical Cyclone Track Forecast Errors using a Probabilistic   Neural Network
2503.09844,2025-03-28,Two-by-two ordinal patterns in art paintings
2503.09848,2025-10-20,A second-order numerical scheme for optimal control of non-linear Fokker-Planck equations and applications in social dynamics
2503.09849,2025-04-15,Training Human-Robot Teams by Improving Transparency Through a Virtual   Spectator Interface
2503.09850,2026-02-11,TabNSA: Native Sparse Attention for Efficient Tabular Data Learning
2503.09852,2025-03-14,StyleSpeaker: Audio-Enhanced Fine-Grained Style Modeling for   Speech-Driven 3D Facial Animation
2503.09853,2025-03-18,Who Are You Behind the Screen? Implicit MBTI and Gender Detection Using   Artificial Intelligence
2503.09854,2025-03-14,Passivity-Based Local Design Conditions for Global Optimality in   Distributed Convex Optimization
2503.09855,2026-02-16,Dielectrocapillarity for exquisite control of fluids
2503.09856,2025-03-14,Scalable solution chemical synthesis and comprehensive analysis of   Bi2Te3 and Sb2Te3
2503.09857,2025-03-14,Nonlinear Dynamics of a Dicke Model for V-Type Atoms
2503.09858,2025-03-14,Media and responsible AI governance: a game-theoretic and LLM analysis
2503.09859,2025-03-14,An Asymmetric Independence Model for Causal Discovery on Path Spaces
2503.09860,2025-03-14,"Foundation X: Integrating Classification, Localization, and Segmentation   through Lock-Release Pretraining Strategy for Chest X-ray Analysis"
2503.09862,2025-03-14,Demonstration of a new CLLBC-based gamma- and neutron-sensitive   free-moving omnidirectional imaging detector
2503.09864,2025-12-01,Leveraging Semantic Attribute Binding for Free-Lunch Color Control in Diffusion Models
2503.09865,2025-10-21,Identification and Classification of Human Performance related Challenges during Remote Driving
2503.09866,2025-03-14,EquiPy: Sequential Fairness using Optimal Transport in Python
2503.09867,2025-10-03,Oh-A-DINO: Understanding and Enhancing Attribute-Level Information in Self-Supervised Object-Centric Representations
2503.09868,2025-08-07,Machine-learned trends in mirror configurations in the Large Plasma Device
2503.09869,2025-10-27,Computing the Saturation Throughput for Heterogeneous p-CSMA in a General Wireless Network
2503.09871,2025-03-14,LuciBot: Automated Robot Policy Learning from Generated Videos
2503.11018,2025-03-17,An LLM's Attempts to Adapt to Diverse Software Engineers'   Problem-Solving Styles: More Inclusive & Equitable?
2503.10093,2025-06-17,Efficient Safety Alignment of Large Language Models via Preference Re-ranking and Representation-based Reward Modeling
2503.10789,2025-07-29,Data Caricatures: On the Representation of African American Language in Pretraining Corpora
2503.10728,2025-03-17,DarkBench: Benchmarking Dark Patterns in Large Language Models
2503.10497,2025-05-27,MMLU-ProX: A Multilingual Benchmark for Advanced Large Language Model Evaluation
2503.10688,2025-05-29,CULEMO: Cultural Lenses on Emotion -- Benchmarking LLMs for Cross-Cultural Emotion Understanding
2503.10560,2025-03-14,References to unbiased sources increase the helpfulness of community   fact-checks
2503.10990,2025-03-17,Statistical Impossibility and Possibility of Aligning LLMs with Human   Preferences: From Condorcet Paradox to Nash Equilibrium
2503.11572,2025-09-30,Implicit Bias-Like Patterns in Reasoning Models
2503.10647,2025-03-17,"The Reliability of LLMs for Medical Diagnosis: An Examination of   Consistency, Manipulation, and Contextual Awareness"
2503.10648,2025-03-17,Hate Speech and Sentiment of YouTube Video Comments From Public and   Private Sources Covering the Israel-Palestine Conflict
2503.10649,2025-03-17,Measuring Political Preferences in AI Systems: An Integrative Approach
2503.10650,2025-04-16,AI Enabled User-Specific Cyberbullying Severity Detection with   Explainability
2503.10427,2025-03-18,VisTW: Benchmarking Vision-Language Models for Traditional Chinese in   Taiwan
2503.11113,2025-03-17,Vipera: Towards systematic auditing of generative text-to-image models   at scale
2503.11827,2025-03-18,"Bridging the LLM Accessibility Divide? Performance, Fairness, and Cost   of Closed versus Open LLMs for Automated Essay Scoring"
2503.11103,2025-09-22,Pruning the Paradox: How CLIP's Most Informative Heads Enhance Performance While Amplifying Bias
2503.11985,2025-05-28,No LLM is Free From Bias: A Comprehensive Study of Bias Evaluation in Large Language Models
2503.11894,2025-03-18,Black Older Adults' Perception of Using Voice Assistants to Enact a   Medical Recovery Curriculum
2503.11742,2026-01-13,Safe Vision-Language Models via Unsafe Weights Manipulation
2503.11962,2025-03-18,HInter: Exposing Hidden Intersectional Bias in Large Language Models
2503.12051,2025-10-03,TLUE: A Tibetan Language Understanding Evaluation Benchmark
2503.11656,2025-03-18,TRUTH DECAY: Quantifying Multi-Turn Sycophancy in Language Models
2503.12294,2025-03-18,The Lucie-7B LLM and the Lucie Training Dataset: Open resources for   multilingual language generation
2503.12301,2025-09-16,"One Goal, Many Challenges: Robust Preference Optimization Amid Content-Aware and Multi-Source Noise"
2503.12536,2025-03-18,Debiasing Diffusion Model: Enhancing Fairness through Latent   Representation Learning in Stable Diffusion Model
2503.13149,2025-03-18,Are LLMs (Really) Ideological? An IRT-based Analysis and Alignment Tool   for Perceived Socio-Economic Bias in LLMs
2503.12858,2025-10-22,Harnessing Test-time Adaptation for NLU tasks Involving Dialects of English
2503.12882,2025-03-18,DAPI: Domain Adaptive Toxicity Probe Vector Intervention for   Fine-Grained Detoxification
2503.12317,2025-03-18,A Transformer-based survival model for prediction of all-cause mortality   in heart failure patients: a multi-cohort study
2503.12613,2025-09-22,Negotiative Alignment: Embracing Disagreement to Achieve Fairer Outcomes -- Insights from Urban Studies
2503.13554,2025-07-15,LLMs' Leaning in European Elections
2503.13081,2025-03-18,A Framework to Assess Multilingual Vulnerabilities of LLMs
2503.13236,2025-08-12,Gradient Extrapolation for Debiased Representation Learning
2503.13335,2025-03-18,Reliable and Efficient Amortized Model-based Evaluation
2503.14189,2025-03-19,Towards Harmless Multimodal Assistants with Blind Preference   Optimization
2503.13812,2025-11-17,The Empty Chair: Using LLMs to Raise Missing Perspectives in Policy Deliberations
2503.13390,2025-09-25,Aligned Probing: Relating Toxic Behavior and Model Internals
2503.14827,2025-03-20,MMDT: Decoding the Trustworthiness and Safety of Multimodal Foundation   Models
2503.13510,2025-03-19,Prompt Sentiment: The Catalyst for LLM Change
2503.15003,2025-03-20,LLM Alignment for the Arabs: A Homogenous Culture or Diverse Ones?
2503.15092,2025-03-20,Towards Understanding the Safety Boundaries of DeepSeek Models:   Evaluation and Findings
2503.14263,2025-03-19,Conversational Agents as Catalysts for Critical Thinking: Challenging   Social Influence in Group Decision-making
2503.15205,2026-01-23,A Peek Behind the Curtain: Using Step-Around Prompt Engineering to Identify Bias and Misinformation in GenAI Models
2503.15566,2025-03-21,Enforcing Consistency and Fairness in Multi-level Hierarchical   Classification with a Mask-based Output Layer
2503.15815,2025-11-26,Attention Pruning: Automated Fairness Repair of Language Models via Surrogate Simulated Annealing
2503.15057,2025-03-20,"A Data-driven Investigation of Euphemistic Language: Comparing the usage   of ""slave"" and ""servant"" in 19th century US newspapers"
2503.15682,2025-03-21,Transfeminist AI Governance
2503.15885,2025-03-21,Human or LLM? A Comparative Study on Accessible Code Generation   Capability
2503.15904,2025-08-26,"More Women, Same Stereotypes: Unpacking the Gender Bias Paradox in Large Language Models"
2503.15454,2025-03-28,Bias Evaluation and Mitigation in Retrieval-Augmented Medical   Question-Answering Systems
2503.16072,2026-01-07,From Intrinsic Toxicity to Reception-Based Toxicity: A Contextual Framework for Prediction and Evaluation
2503.16094,2025-03-21,Cultural Alignment in Large Language Models Using Soft Prompt Tuning
2503.15511,2025-11-20,The Trust Calibration Maturity Model for Characterizing and Communicating Trustworthiness of AI Systems
2503.16148,2025-07-22,Only a Little to the Left: A Theory-grounded Measure of Political Bias in Large Language Models
2503.16456,2025-06-03,Position: Beyond Assistance -- Reimagining LLMs as Ethical and Adaptive Co-Creators in Mental Health Care
2503.16674,2026-01-13,"Through the LLM Looking Glass: A Socratic Probing of Donkeys, Elephants, and Markets"
2503.16679,2025-03-24,Echoes of Power: Investigating Geopolitical Bias in US and China Large   Language Models
2503.16534,2025-03-24,Gender and content bias in Large Language Models: a case study on Google   Gemini 2.0 Flash Experimental
2503.16826,2025-03-24,When Tom Eats Kimchi: Evaluating Cultural Bias of Multimodal Large   Language Models in Cultural Mixture Contexts
2503.16833,2025-09-10,The Model Hears You: Audio Language Model Deployments Should Consider the Principle of Least Privilege
2503.16527,2025-03-24,LLM Generated Persona is a Promise with a Catch
2503.16566,2025-03-24,REVAL: A Comprehension Evaluation on Reliability and Values of Large   Vision-Language Models
2503.16586,2025-06-11,"Big Help or Big Brother? Auditing Tracking, Profiling, and Personalization in Generative AI Assistants"
2503.16480,2025-03-24,Human Preferences for Constructive Interactions in Language Model   Alignment
2503.16491,2025-03-24,The Impact of Generative AI Coding Assistants on Developers Who Are   Visually Impaired
2503.16498,2025-03-24,"Llms, Virtual Users, and Bias: Predicting Any Survey Question Without   Human Data"
2503.16499,2025-03-24,Stakeholder Perspectives on Whether and How Social Robots Can Support   Mediation and Advocacy for Higher Education Students with Disabilities
2503.17403,2025-03-25,ChatGPT or A Silent Everywhere Helper: A Survey of Large Language Models
2503.17414,2025-06-03,Opportunities and Challenges of Frontier Data Governance With Synthetic Data
2503.17569,2025-03-25,Fairness-Driven LLM-based Causal Discovery with Active Learning and   Dynamic Scoring
2503.17000,2025-03-24,Exploring the Role of Women in Hugging Face Organizations
2503.17003,2025-05-06,A Survey on Personalized Alignment -- The Missing Piece for Large   Language Models in Real-World Applications
2503.17682,2025-05-23,Safe RLHF-V: Safe Reinforcement Learning from Multi-modal Human Feedback
2503.16851,2025-11-17,Interpretable LLM Guardrails via Sparse Representation Steering
2503.18018,2025-03-25,Lost in Cultural Translation: Do LLMs Struggle with Math Across Cultural   Contexts?
2503.18050,2025-03-25,(G)I-DLE: Generative Inference via Distribution-preserving Logit   Exclusion with KL Divergence Minimization for Constrained Decoding
2503.17661,2025-04-01,A Qualitative Study of User Perception of M365 AI Copilot
2503.18324,2025-03-25,Plug-and-Play Interpretable Responsible Text-to-Image Generation via   Dual-Space Multi-facet Concept Control
2503.18273,2025-07-25,Analyzing Islamophobic Discourse Using Semi-Coded Terms and LLMs
2503.17485,2025-03-25,SaudiCulture: A Benchmark for Evaluating Large Language Models Cultural   Competence within Saudi Arabia
2503.17504,2025-03-25,Reimagining Support: Exploring Autistic Individuals' Visions for AI in   Coping with Negative Self-Talk
2503.19182,2025-03-26,"Evaluating Bias in LLMs for Job-Resume Matching: Gender, Race, and   Education"
2503.18962,2025-07-10,Representative Ranking for Deliberation in the Public Sphere
2503.19426,2025-03-26,DeCAP: Context-Adaptive Prompt Generation for Debiasing Zero-shot   Question Answering in Large Language Models
2503.19134,2025-03-26,MIRAGE: Multimodal Immersive Reasoning and Guided Exploration for   Red-Team Jailbreak Attacks
2503.19252,2025-04-01,MIRAGE: Multi-model Interface for Reviewing and Auditing Generative   Text-to-Image AI
2503.19586,2025-10-28,Distinct social-linguistic processing between humans and large audio-language models: Evidence from model-brain alignment
2503.19598,2025-03-26,The Greatest Good Benchmark: Measuring LLMs' Alignment with Utilitarian   Moral Dilemmas
2503.19540,2025-03-26,FLEX: A Benchmark for Evaluating Robustness of Fairness in Large   Language Models
2503.19041,2025-12-22,LookAhead Tuning: Safer Language Models via Partial Answer Previews
2503.19075,2026-01-21,"The Case for ""Thick Evaluations"" of Cultural Representation in AI"
2503.19092,2025-07-11,"Rankers, Judges, and Assistants: Towards Understanding the Interplay of LLMs in Information Retrieval Evaluation"
2503.20062,2026-01-23,Poor Alignment and Steerability of Large Language Models: Evidence from College Admission Essays
2503.20098,2025-03-27,Fundamental Limits of Perfect Concept Erasure
2503.18825,2026-02-19,EconEvals: Benchmarks and Litmus Tests for Economic Decision-Making by LLM Agents
2503.18826,2025-04-15,Interpretable and Fair Mechanisms for Abstaining Classifiers
2503.20302,2025-05-22,"A Multilingual, Culture-First Approach to Addressing Misgendering in LLM Applications"
2503.20421,2025-03-27,TempTest: Local Normalization Distortion and the Detection of   Machine-generated Text
2503.20199,2025-03-27,Assessing SAM for Tree Crown Instance Segmentation from Drone Imagery
2503.20201,2025-03-27,Open Deep Search: Democratizing Search with Open-source Reasoning Agents
2503.20202,2025-03-27,SARGes: Semantically Aligned Reliable Gesture Generation via Intent   Chain
2503.20204,2025-10-30,Energy transfer and budget analysis for transient process with phase-averaged reduced-order model
2503.20205,2025-03-27,Generalized Phase Pressure Control Enhanced Reinforcement Learning for   Traffic Signal Control
2503.20206,2025-03-27,BeLightRec: A lightweight recommender system enhanced with BERT
2503.20207,2025-08-19,Reasoning and Learning a Perceptual Metric for Self-Training of Reflective Objects in Bin-Picking with a Low-cost Camera
2503.20208,2025-08-12,Learning Adaptive Dexterous Grasping from Single Demonstrations
2503.20209,2025-03-27,BEAR: A Video Dataset For Fine-grained Behaviors Recognition Oriented   with Action and Environment Factors
2503.20211,2025-03-27,Synthetic-to-Real Self-supervised Robust Depth Estimation via Learning   with Motion and Structure Priors
2503.20212,2025-03-27,Dolphin: A Large-Scale Automatic Speech Recognition Model for Eastern   Languages
2503.20214,2025-04-02,Design Initiative for a 10 TeV pCM Wakefield Collider
2503.20215,2025-03-27,Qwen2.5-Omni Technical Report
2503.20218,2025-06-04,Video Motion Graphs
2503.20219,2025-03-27,Multi-threaded Simulation Software for the JUNO Experiment
2503.20220,2025-06-10,DINeMo: Learning Neural Mesh Models with no 3D Annotations
2503.20221,2025-03-27,TC-GS: Tri-plane based compression for 3D Gaussian Splatting
2503.20222,2025-03-27,"Solving 2-D Helmholtz equation in the rectangular, circular, and   elliptical domains using neural networks"
2503.20223,2025-03-27,Phase-Only Zero-Forcing for Secure Wireless Communication in Multi-User   Systems
2503.20226,2025-03-27,Raising Awareness of Location Information Vulnerabilities in Social   Media Photos using LLMs
2503.20227,2025-03-27,Advancements in Natural Language Processing: Exploring Transformer-Based   Architectures for Text Understanding
2503.20228,2025-03-27,TeleLoRA: Teleporting Model-Specific Alignment Across LLMs
2503.20229,2025-03-27,Automated UI Interface Generation via Diffusion Models: Enhancing   Personalization and Efficiency
2503.20230,2025-03-27,TraNCE: Transformative Non-linear Concept Explainer for CNNs
2503.20231,2025-03-27,Dynamics of Algorithmic Content Amplification on TikTok
2503.20483,2025-03-27,Dissecting and Mitigating Diffusion Bias via Mechanistic   Interpretability
2503.21237,2025-03-28,Bias-Aware Agent: Enhancing Fairness in AI-Driven Knowledge Retrieval
2503.20797,2025-11-12,"""Whose Side Are You On?"" Estimating Ideology of Political and News Content Using Large Language Models and Few-shot Demonstration Selection"
2503.20823,2025-03-28,Playing the Fool: Jailbreaking LLMs and Multimodal LLMs with   Out-of-Distribution Strategy
2503.21092,2025-03-28,FAIR-QR: Enhancing Fairness-aware Information Retrieval through Query   Refinement
2503.21964,2025-03-31,NeuroLIP: Interpretable and Fair Cross-Modal Alignment of fMRI and   Phenotypic Text
2503.20995,2025-11-12,ENCORE: Entropy-guided Reward Composition for Multi-head Safety Reward Models
2503.21011,2025-03-28,Can Large Language Models Predict Associations Among Human Attitudes?
2503.22115,2025-03-31,Beyond Single-Sentence Prompts: Upgrading Value Alignment Benchmarks   with Dialogues and Stories
2503.22315,2026-01-14,Large Language Models Are Democracy Coders with Attitudes
2503.21910,2025-03-31,JEEM: Vision-Language Understanding in Four Arabic Dialects
2503.21844,2025-03-31,"""Ignorance is Not Bliss"": Designing Personalized Moderation to Address   Ableist Hate on Social Media"
2503.22877,2025-06-03,Understanding Inequality of LLM Fact-Checking over Geographic Regions with Agent and Retrieval models
2503.22610,2025-03-31,Evaluating Multimodal Language Models as Visual Assistants for Visually   Impaired Users
2503.23243,2025-06-17,Evaluating how LLM annotations represent diverse views on contentious topics
2503.22711,2025-04-01,Modeling speech emotion with label variance and analyzing performance   across speakers and unseen acoustic conditions
2503.23688,2025-04-01,"Mapping Geopolitical Bias in 11 Large Language Models: A Bilingual,   Dual-Framing Analysis of U.S.-China Tensions"
2503.23398,2025-10-01,A Large Scale Analysis of Gender Biases in Text-to-Image Generative Models
2503.24102,2025-08-25,Is Small Language Model the Silver Bullet to Low-Resource Languages Machine Translation?
2503.24062,2025-04-01,"Artificial Conversations, Real Results: Fostering Language Detection   with Synthetic Data"
2503.22569,2025-03-31,Comparing Methods for Bias Mitigation in Graph Neural Networks
2503.24027,2025-05-14,Crossing Boundaries: Leveraging Semantic Divergences to Explore Cultural Novelty in Cooking Recipes
2503.24310,2025-04-01,BEATS: Bias Evaluation and Assessment Test Suite for Large Language   Models
2503.24228,2025-04-01,PAARS: Persona Aligned Agentic Retail Shoppers
2504.00045,2025-04-02,Measuring Online Hate on 4chan using Pre-trained Deep Learning Models
2504.00388,2025-04-02,Using complex prompts to identify fine-grained biases in image   generation through ChatGPT-4o
2504.00289,2025-04-09,Do Chinese models speak Chinese languages?
2504.00310,2025-04-02,Detecting and Mitigating Bias in LLMs through Knowledge Graph-Augmented   Training
2504.00928,2025-06-10,Taxonomizing Representational Harms using Speech Act Theory
2504.00860,2025-04-02,Investigating the Capabilities and Limitations of Machine Learning for   Identifying Bias in English Language Data with Information and Heritage   Professionals
2504.01030,2025-04-03,Fair Sufficient Representation Learning
2504.01420,2025-04-03,FAIRE: Assessing Racial and Gender Bias in AI-Driven Resume Evaluations
2504.01127,2025-10-10,Can LLMs Grasp Implicit Cultural Values? Benchmarking LLMs' Cultural Intelligence with CQ-Bench
2504.01094,2025-04-03,Multilingual and Multi-Accent Jailbreaking of Audio LLMs
2504.01951,2025-12-12,The LLM Wears Prada: Analysing Gender Bias and Stereotypes through Online Shopping Data
2504.01522,2025-04-03,Redefining technology for indigenous languages
2504.01819,2025-04-03,Implicit Bias Injection Attacks against Text-to-Image Diffusion Models
2504.01838,2025-04-03,Prompting Medical Vision-Language Models to Mitigate Diagnosis Bias by   Generating Realistic Dermoscopic Images
2504.00797,2025-04-02,Bridging the Gap: Integrating Ethics and Environmental Sustainability in   AI Research and Practice
2504.02403,2025-04-04,DaKultur: Evaluating the Cultural Awareness of Language Models for   Danish with Native Speakers
2503.23088,2025-07-08,UNITYAI-GUARD: Pioneering Toxicity Detection Across Low-Resource Indian Languages
2504.02175,2025-04-04,Who Should Set the Standards? Analysing Censored Arabic Content on   Facebook during the Palestine-Israel Conflict
2504.02304,2025-04-04,Measurement of LLM's Philosophies of Human Nature
2504.02461,2025-04-04,Am I Being Treated Fairly? A Conceptual Framework for Individuals to   Ascertain Fairness
2504.02953,2025-04-07,Cultural Learning-Based Culture Adaptation of Language Models
2504.02973,2026-02-20,A Bayesian account of pronoun and neopronoun acquisition
2504.02708,2025-04-04,The Hidden Space of Safety: Understanding Preference-Tuned LLMs in   Multilingual context
2504.02725,2025-10-08,SAFER: Advancing Safety Alignment via Efficient Ex-Ante Reasoning
2504.02765,2025-04-04,Robot-Led Vision Language Model Wellbeing Assessment of Children
2504.03352,2025-12-03,StereoDetect: Detecting Stereotypes and Anti-stereotypes the Correct Way Using Social Psychological Underpinnings
2504.02917,2025-04-07,Bias in Large Language Models Across Clinical Applications: A Systematic   Review
2504.02572,2025-04-04,Language Models reach higher Agreement than Humans in Historical   Interpretation
2504.03520,2025-04-07,Neutralizing the Narrative: AI-Powered Debiasing of Online News Articles
2504.03716,2026-01-16,Evaluating Large Language Models for Fair and Reliable Organ Allocation
2504.03174,2025-04-07,Multi-lingual Multi-turn Automated Red Teaming for LLMs
2504.03803,2025-04-08,What Large Language Models Do Not Talk About: An Empirical Study of   Moderation and Censorship Practices
2504.03814,2025-12-29,Recursive Training Loops in LLMs: How training data properties modulate distribution shift in generated data?
2504.04199,2025-04-30,Investigating and Mitigating Stereotype-aware Unfairness in LLM-based   Recommendations
2504.03906,2025-04-08,CliME: Evaluating Multimodal Climate Discourse on Social Media and the   Climate Alignment Quotient (CAQ)
2504.04600,2025-04-08,"Capturing AI's Attention: Physics of Repetition, Hallucination, Bias and   Beyond"
2504.04141,2025-11-04,Self-Adaptive Cognitive Debiasing for Large Language Models in Decision-Making
2504.04994,2025-04-22,Following the Whispers of Values: Unraveling Neural Mechanisms Behind   Value-Oriented Behaviors in LLMs
2504.02863,2025-04-07,GS_DravidianLangTech@2025: Women Targeted Abusive Texts Detection on   Social Media
2504.04717,2025-05-15,Beyond Single-Turn: A Survey on Multi-Turn Interactions with Large Language Models
2504.04377,2025-08-08,PolyGuard: A Multilingual Safety Moderation Tool for 17 Languages
2504.05154,2025-09-19,CARE: Multilingual Human Preference Learning for Cultural Awareness
2504.05325,2025-04-09,Unequal Opportunities: Examining the Bias in Geographical   Recommendations by Large Language Models
2504.05632,2025-06-09,Reasoning Towards Fairness: Mitigating Bias in Language Models through Reasoning-Guided Fine-Tuning
2504.05050,2025-06-04,Revealing the Intrinsic Ethical Vulnerability of Aligned Large Language Models
2504.04299,2025-08-13,AI-induced sexual harassment: Investigating Contextual Characteristics and User Reactions of Sexual Harassment by a Companion Chatbot
2504.05007,2025-04-08,Measuring the right thing: justifying metrics in AI impact assessments
2504.05019,2025-04-08,Mixture-of-Personas Language Models for Population Simulation
2504.06160,2026-01-30,Navigating the Rabbit Hole: Emergent Biases in LLM-Generated Attack Narratives Targeting Mental Health Groups
2504.05995,2025-07-08,"NativQA Framework: Enabling LLMs with Native, Local, and Everyday Knowledge"
2504.04855,2025-04-08,BIASINSPECTOR: Detecting Bias in Structured Data through LLM Agents
2504.04865,2025-04-08,Imagining the Far East: Exploring Perceived Biases in AI-Generated   Images of East Asian Women
2504.05898,2025-04-09,Assessing Thai Dialect Performance in LLMs with Automatic Benchmarks and   Human Evaluation
2504.06303,2025-10-07,On the Effectiveness and Generalization of Race Representations for Debiasing High-Stakes Decisions
2504.06667,2025-07-11,Toward Holistic Evaluation of Recommender Systems Powered by Generative Models
2504.06460,2025-09-08,Can LLMs Simulate Personas with Reversed Performance? A Benchmark for Counterfactual Instruction Following
2504.06313,2026-01-01,Text-to-Image Models and Their Representation of People from Different Nationalities Engaging in Activities
2504.06324,2025-04-10,From Stability to Inconsistency: A Study of Moral Preferences in LLMs
2504.06436,2025-04-10,Language-Dependent Political Bias in AI: A Study of ChatGPT and Gemini
2504.05923,2025-04-09,Uncovering Fairness through Data Complexity as an Early Indicator
2504.07072,2025-04-30,Kaleidoscope: In-language Exams for Massively Multilingual Vision   Evaluation
2504.07100,2025-04-11,EnDive: A Cross-Dialect Benchmark for Fairness and Performance in Large   Language Models
2504.07516,2025-04-11,Enhancements for Developing a Comprehensive AI Fairness Assessment   Standard
2504.07801,2025-04-11,FairEval: Evaluating Fairness in LLM-Based Recommendations with   Personality Awareness
2504.07531,2025-07-31,A taxonomy of epistemic injustice in the context of AI and the case for generative hermeneutical erasure
2504.07118,2025-04-11,Sacred or Secular? Religious Bias in AI-Generated Financial Advice
2504.07128,2026-01-19,DeepSeek-R1 Thoughtology: Let's think about LLM Reasoning
2504.07787,2025-04-11,Fairness Mediator: Neutralize Stereotype Associations to Mitigate Bias   in Large Language Models
2504.07887,2025-10-17,Benchmarking Adversarial Robustness to Bias Elicitation in Large Language Models: Scalable Automated Assessment with LLM-as-a-Judge
2504.07312,2025-07-21,Mindsets and Management: AI and Gender (In)Equitable Access to Finance
2504.07982,2025-04-14,Metamorphic Testing for Fairness Evaluation in Large Language Models:   Identifying Intersectional Bias in LLaMA and GPT
2504.07997,2025-04-14,BiasCause: Evaluate Socially Biased Causal Reasoning of Large Language   Models
2504.06549,2025-05-27,Societal Impacts Research Requires Benchmarks for Creative Composition Tasks
2504.08260,2025-04-18,Evaluating the Bias in LLMs for Surveying Opinion and Decision Making in   Healthcare
2504.07400,2025-04-11,Talking Point based Ideological Discourse Analysis in News Events
2504.07676,2025-04-11,"Clicks, comments, consequences: Are content creators' socio-structural   and platform characteristics shaping the exposure to negative sentiment,   offensive language, and hate speech on YouTube?"
2504.07149,2025-04-11,Glocalizing Generative AI in Education for the Global South: The Design   Case of 21st Century Teacher Educator AI for Ghana
2504.07170,2025-11-04,Trustworthy AI Must Account for Interactions
2504.08408,2025-04-14,BOISHOMMO: Holistic Approach for Bangla Hate Speech
2504.08609,2025-04-14,A Survey of Machine Learning Models and Datasets for the Multi-label   Classification of Textual Hate Speech in English
2504.08820,2025-04-15,CAReDiO: Cultural Alignment of LLM via Representativeness and   Distinctiveness Guided Data Optimization
2504.08848,2025-04-15,X-Guard: Multilingual Guard Agent for Content Moderation
2504.08742,2025-04-15,Simulating Filter Bubble on Short-video Recommender System with Large   Language Model Agents
2504.08863,2025-04-15,An Evaluation of Cultural Value Alignment in LLM
2504.09343,2025-04-15,"Confirmation Bias in Generative AI Chatbots: Mechanisms, Risks,   Mitigation Strategies, and Future Research Directions"
2504.09346,2025-06-16,"""It's not a representation of me"": Examining Accent Bias and Digital Exclusion in Synthetic AI Voice Services"
2504.09914,2025-04-15,Improving Multimodal Hateful Meme Detection Exploiting LMM-Generated   Knowledge
2504.09030,2025-08-07,"Authoritarian Recursions: How Fiction, History, and AI Reinforce Control in Education, Warfare, and Discourse"
2504.09861,2025-04-16,EthosGPT: Mapping Human Value Diversity to Advance Sustainable   Development Goals (SDGs)
2504.09946,2025-04-21,Assessing Judging Bias in Large Reasoning Models: An Empirical Study
2504.10191,2025-04-15,Localized Cultural Knowledge is Conserved and Controllable in Large   Language Models
2504.08954,2025-11-17,Should you use LLMs to simulate opinions? Quality checks for early-stage deliberation
2504.08960,2025-12-01,Quantifying the Spread of Online Incivility in Brazilian Politics
2504.10797,2025-04-16,"Name of Thrones: Evaluating How LLMs Rank Student Names, Race, and   Gender in Status Hierarchies"
2504.11169,2025-08-22,MuSeD: A Multimodal Spanish Dataset for Sexism Detection in Social Media Videos
2504.11183,2025-07-15,Bias Beyond English: Evaluating Social Bias and Debiasing Methods in a Low-Resource Setting
2504.11104,2025-04-16,Using LLMs as prompt modifier to avoid biases in AI image generators
2504.10501,2025-04-16,Exposure to Content Written by Large Language Models Can Reduce Stigma   Around Opioid Use Disorder in Online Communities
2504.10356,2025-04-16,MultiLoKo: a multilingual local knowledge benchmark for LLMs spanning 31   languages
2504.11431,2025-04-16,Masculine Defaults via Gendered Discourse in Podcasts and Large Language   Models
2504.10886,2025-04-16,Exploring Persona-dependent LLM Alignment for the Moral Machine   Experiment
2504.10081,2025-04-15,RealSafe-R1: Safety-Aligned DeepSeek-R1 without Compromising Reasoning   Capability
2504.11473,2025-04-17,Visual moral inference and communication
2504.11481,2025-04-17,Leveraging Knowledge Graphs and Large Language Models to Track and   Analyze Learning Trajectories
2504.10277,2025-09-10,RealHarm: A Collection of Real-World Language Model Application Failures
2504.11671,2025-12-24,Computational Basis of LLM's Decision Making in Social Simulation
2504.11673,2025-09-03,Deep Binding of Language Model Virtual Personas: a Study on Approximating Political Partisan Misperceptions
2504.11934,2025-04-17,An LLM-as-a-judge Approach for Scalable Gender-Neutral Translation   Evaluation
2504.12082,2025-04-17,Selective Demonstration Retrieval for Improved Implicit Hate Speech   Detection
2504.12344,2026-01-28,Propaganda AI: An Analysis of Semantic Divergence in Large Language Models
2504.12357,2025-04-18,Replicating ReLM Results: Validating Large Language Models with ReLM
2504.12767,2025-04-18,"Out of Sight Out of Mind, Out of Sight Out of Mind: Measuring Bias in   Language Models Against Overlooked Marginalized Groups in Regional Contexts"
2504.12553,2025-04-18,ELAB: Extensive LLM Alignment Benchmark in Persian Language
2504.13085,2025-04-18,Tackling Social Bias against the Poor: A Dataset and Taxonomy on   Aporophobia
2504.12317,2025-04-18,ChatGPT as Linguistic Equalizer? Quantifying LLM-Driven Lexical Shifts   in Academic Writing
2504.12323,2025-04-22,The Other Side of the Coin: Exploring Fairness in Retrieval-Augmented   Generation
2504.12327,2026-01-30,Word Embeddings Track Social Group Changes Across 70 Years in China
2504.12911,2025-04-22,Benchmarking Multi-National Value Alignment for Large Language Models
2504.13486,2025-04-21,Exploring Culturally Informed AI Assistants: A Comparative Study of   ChatBlackGPT and ChatGPT
2504.13199,2025-05-28,"Building Trustworthy Multimodal AI: A Review of Fairness, Transparency, and Ethics in Vision-Language Tasks"
2504.13557,2025-04-21,Integrating LLMs for Grading and Appeal Resolution in Computer Science   Education
2504.13887,2025-07-29,AI as a deliberative partner fosters intercultural empathy for Americans but fails for Latin American participants
2504.13899,2025-04-22,Predicting Satisfaction of Counterfactual Explanations from Human   Ratings of Explanatory Qualities
2504.13674,2025-04-21,Beyond Stereotypes: Exploring How Minority College Students Experience   Stigma on Reddit
2504.14150,2025-05-21,Walk the Talk? Measuring the Faithfulness of Large Language Model Explanations
2504.14105,2025-04-22,Amplify Initiative: Building A Localized Data Platform for Globalized AI
2504.14212,2025-09-04,Bias Analysis and Mitigation through Protected Attribute Detection and Regard Classification
2504.14325,2026-02-03,FAIRGAME: a Framework for AI Agents Bias Recognition using Game Theory
2504.13871,2025-04-22,Human aversion? Do AI Agents Judge Identity More Harshly Than   Performance
2504.11829,2025-09-15,D\'ej\`a Vu: Multilingual LLM Evaluation through the Lens of Machine Translation Evaluation
2504.14359,2025-11-12,A Multimodal Recaptioning Framework to Account for Perceptual Diversity Across Languages in Vision-Language Modeling
2504.13947,2025-04-22,From job titles to jawlines: Using context voids to study generative AI   systems
2504.14492,2025-07-08,FairSteer: Inference Time Debiasing for LLMs with Dynamic Activation Steering
2504.14287,2025-04-22,Probing the Subtle Ideological Manipulation of Large Language Models
2504.13972,2025-04-22,Governance Challenges in Reinforcement Learning from Human Feedback:   Evaluator Rationality and Reinforcement Stability
2504.14690,2025-04-22,FarsEval-PKBETS: A new diverse benchmark for evaluating Persian large   language models
2504.14522,2025-12-01,Biased by Design: Leveraging AI Biases to Enhance Critical Thinking of News Readers
2504.13629,2025-04-21,Divergent LLM Adoption and Heterogeneous Convergence Paths in Research   Writing
2504.14125,2025-04-22,Exploring Language Patterns of Prompts in Text-to-Image Generation and   Their Impact on Visual Diversity
2504.15047,2026-01-21,RainbowPlus: Enhancing Adversarial Prompt Generation via Evolutionary Quality-Diversity Search
2504.15439,2026-01-21,Combating Toxic Language: A Review of LLM-Based Strategies for Software Engineering
2504.15469,2025-04-23,Aspirational Affordances of AI
2504.14985,2025-04-24,aiXamine: Simplified LLM Safety and Security
2504.15392,2025-04-23,Tell Me What You Know About Sexism: Expert-LLM Interaction Strategies   and Co-Created Definitions for Zero-Shot Sexism Detection
2504.14657,2025-04-28,A Case Study Exploring the Current Landscape of Synthetic Medical Record   Generation with Commercial LLMs
2504.15801,2025-04-23,A closer look at how large language models trust humans: patterns and   biases
2504.15815,2025-06-02,What's the Difference? Supporting Users in Identifying the Effects of Prompt and Model Changes Through Token Patterns
2504.15236,2025-04-22,Values in the Wild: Discovering and Analyzing Values in Real-World   Language Model Interactions
2504.15241,2025-09-29,MrGuard: A Multilingual Reasoning Guardrail for Universal LLM Safety
2504.15941,2025-05-06,FairTranslate: An English-French Dataset for Gender Bias Evaluation in   Machine Translation by Overcoming Gender Binarity
2504.16104,2025-08-12,Beauty and the Bias: Exploring the Impact of Attractiveness on Multimodal Large Language Models
2504.15211,2026-01-23,Embracing Ambiguity: Bayesian Nonparametrics and Stakeholder Participation for Ambiguity-Aware Safety Evaluation
2504.16273,2025-08-06,From Promising Capability to Pervasive Bias: Assessing Large Language Models for Emergency Department Triage
2504.16283,2025-08-01,Affect Models Have Weak Generalizability to Atypical Speech
2504.15521,2025-04-23,"The Bitter Lesson Learned from 2,000+ Multilingual Benchmarks"
2504.15585,2025-06-10,"A Comprehensive Survey in LLM(-Agent) Full Stack Safety: Data, Training and Deployment"
2504.16204,2025-04-24,Reflexive Prompt Engineering: A Framework for Responsible Prompt   Engineering and Interaction Design
2504.15132,2025-04-22,Investigating Youth's Technical and Ethical Understanding of Generative   Language Models When Engaging in Construction and Deconstruction Activities
2504.16723,2025-04-24,Detecting and Understanding Hateful Contents in Memes Through Captioning   and Visual Question-Answering
2504.17091,2025-04-28,Co-CoT: A Prompt-Based Framework for Collaborative Chain-of-Thought   Reasoning
2504.17052,2026-02-16,PReSS: A Black-Box Framework for Evaluating Political Stance Stability in LLMs via Argumentative Pressure
2504.17075,2025-08-05,Agree to Disagree? A Meta-Evaluation of LLM Misgendering
2504.17279,2025-04-25,Evaluating and Mitigating Bias in AI-Based Medical Text Generation
2504.16778,2025-04-29,"Evaluation Framework for AI Systems in ""the Wild"""
2504.16980,2025-09-16,Safety Pretraining: Toward the Next Generation of Safe AI
2504.17018,2025-04-25,LLM impact on BLV programming
2504.17544,2025-04-25,Auditing the Ethical Logic of Generative AI Models
2504.17821,2025-05-21,"VideoVista-CulturalLingo: 360$^\circ$ Horizons-Bridging Cultures, Languages, and Domains in Video Comprehension"
2504.17130,2025-08-12,"Steering the CensorShip: Uncovering Representation Vectors for LLM ""Thought"" Control"
2504.18310,2025-04-28,Artificial Intelligence health advice accuracy varies across languages   and contexts
2504.17720,2025-08-06,Multilingual Performance Biases of Large Language Models in Education
2504.17653,2025-04-25,Towards a comprehensive taxonomy of online abusive language informed by   machine leaning
2504.18044,2025-04-28,AI Ethics and Social Norms: Exploring ChatGPT's Capabilities From What   to How
2504.18673,2025-04-29,Can Third-parties Read Our Emotions?
2504.18560,2025-04-29,Mind the Language Gap: Automated and Augmented Evaluation of Bias in   LLMs for High- and Low-Resource Languages
2504.18412,2025-04-28,Expressing stigma and inappropriate responses prevents LLMs from safely   replacing mental health providers
2504.18353,2025-04-28,Testing Individual Fairness in Graph Neural Networks
2504.18807,2025-04-29,Clones in the Machine: A Feminist Critique of Agency in Digital Cloning
2504.18449,2025-04-28,Automatic Bias Detection in Source Code Review
2504.19005,2025-04-29,Artificial Intelligence Generates Stereotypical Images of Scientists but   Can Also Detect Them: A Pilot Study Using the Draw-A-Scientist Test
2504.19472,2026-02-03,"Conflicts in Texts: Data, Implications and Challenges"
2504.19445,2025-04-29,Systematic Bias in Large Language Models: Discrepant Response Patterns   in Binary vs. Continuous Judgment Tasks
2504.19255,2025-04-29,The Convergent Ethics of AI? Analyzing Moral Foundation Priorities in   Large Language Models with a Multi-Framework Approach
2504.19037,2025-04-29,"""I Would Have Written My Code Differently'': Beginners Struggle to   Understand LLM-Generated Code"
2504.19940,2025-10-28,Assessing the Potential of Generative Agents in Crowdsourced Fact-Checking
2504.19076,2026-01-21,LLM-Evaluation Tropes: Perspectives on the Validity of LLM-Evaluations
2504.19759,2025-04-29,Moral Reasoning Across Languages: The Critical Role of Low-Resource   Languages in LLMs
2504.19594,2025-05-06,"Mapping the Italian Telegram Ecosystem: Communities, Toxicity, and Hate   Speech"
2504.20086,2025-04-30,Understanding and Mitigating Risks of Generative AI in Financial   Services
2504.20049,2025-05-22,It's the same but not the same: Do LLMs distinguish Spanish varieties?
2504.19703,2025-04-29,Interactive Discovery and Exploration of Visual Bias in Generative   Text-to-Image Models
2504.20500,2025-04-30,UniDetox: Universal Detoxification of Large Language Models via Dataset   Distillation
2504.21259,2025-05-01,LSTM+Geo with xgBoost Filtering: A Novel Approach for Race and Ethnicity   Imputation with Reduced Bias
2504.21400,2025-05-01,Who Gets the Callback? Generative AI and Gender Bias
2504.21042,2025-07-17,What's Pulling the Strings? Evaluating Integrity and Attribution in AI Training and Inference through Concept Shift
2504.21226,2025-07-29,MemeBLIP2: A novel lightweight multimodal system to detect harmful memes
2504.21330,2025-05-01,Does the Prompt-based Large Language Model Recognize Students'   Demographics and Introduce Bias in Essay Scoring?
2504.21489,2025-05-02,"TRIED: Truly Innovative and Effective AI Detection Benchmark, developed   by WITNESS"
2505.00150,2025-05-02,Detecting and Mitigating Hateful Content in Multimodal Memes with   Vision-Language Models
2504.21299,2025-06-11,BiasGuard: A Reasoning-enhanced Bias Detection Tool For Large Language Models
2505.00409,2025-08-25,Perceptual Implications of Automatic Anonymization in Pathological Speech
2505.00204,2025-05-02,RAIL in the Wild: Operationalizing Responsible AI Evaluation Using   Anthropic's Value Dataset
2505.00853,2025-05-05,LLM Ethics Benchmark: A Three-Dimensional Assessment System for   Evaluating Moral Reasoning in Large Language Models
2505.01015,2025-06-12,Value Portrait: Assessing Language Models' Values through Psychometrically and Ecologically Valid Items
2505.01198,2025-05-05,Gender Bias in Explainability: Investigating Performance Disparity in   Post-hoc Methods
2505.01070,2025-05-05,Improving Group Fairness in Knowledge Distillation via Laplace   Approximation of Early Exits
2505.01150,2025-05-05,Methodological Foundations for AI-Driven Survey Question Generation
2505.00467,2025-07-14,Red Teaming Large Language Models for Healthcare
2505.01430,2025-05-06,Deconstructing Bias: A Multifaceted Framework for Diagnosing Cultural   and Compositional Inequities in Text-to-Image Generative Models
2505.01851,2025-05-06,Mitigating Group-Level Fairness Disparities in Federated Visual Language   Models
2505.00821,2025-08-12,Should AI Mimic People? Understanding AI-Supported Writing Technology Among Black Users
2505.02009,2025-08-14,Towards Safer Pretraining: Analyzing and Filtering Harmful Content in Webscale datasets for Responsible LLMs
2505.01754,2025-05-06,"Unraveling Media Perspectives: A Comprehensive Methodology Combining   Large Language Models, Topic Modeling, Sentiment Analysis, and Ontology   Learning to Analyse Media Bias"
2505.02252,2025-05-06,Personalisation or Prejudice? Addressing Geographic Bias in Hate Speech   Detection using Debias Tuning in Large Language Models
2505.01967,2025-12-30,Analyzing Cognitive Differences Among Large Language Models through the Lens of Social Worldview
2505.00965,2025-05-05,The AI Fairness Myth: A Position Paper on Context-Aware Bias
2505.02352,2025-05-06,Social Biases in Knowledge Representations of Wikidata separates Global   North from Global South
2505.02456,2025-07-29,Colombian Waitresses y Jueces canadienses: Gender and Country Biases in Occupation Recommendations from LLMs
2505.02151,2025-10-14,Large Language Models are overconfident and amplify human bias
2505.03052,2025-10-16,Teaching Models to Understand (but not Generate) High-risk Data
2505.03053,2025-05-07,Developing A Framework to Support Human Evaluation of Bias in Generated   Free Response Text
2505.02519,2025-05-06,Deaf in AI: AI language technologies and the erosion of linguistic   rights
2505.03020,2025-05-07,The Multimodal Paradox: How Added and Missing Modalities Shape Bias and   Performance in Multimodal AI
2505.02609,2025-05-06,Study of the influence of a biased database on the prediction of   standard algorithms for selecting the best candidate for an interview
2505.03501,2025-05-07,BadLingual: A Novel Lingual-Backdoor Attack against Large Language   Models
2505.03153,2025-05-07,Robust Fairness Vision-Language Learning for Medical Image Analysis
2505.03359,2025-05-07,Domain Adversarial Training for Mitigating Gender Bias in Speech-based   Mental Health Detection
2505.03427,2025-08-25,MedArabiQ: Benchmarking Large Language Models on Arabic Medical Tasks
2505.02433,2025-12-01,FairPO: Robust Preference Optimization for Fair Multi-Label Learning
2505.03563,2025-10-10,Say It Another Way: Auditing LLMs with a User-Grounded Automated Paraphrasing Framework
2505.04171,2025-05-08,"Large Language Models are often politically extreme, usually   ideologically inconsistent, and persuasive even in informational contexts"
2505.04388,2025-05-30,The Aloe Family Recipe for Open and Specialized Healthcare LLMs
2505.04393,2025-05-08,Large Means Left: Political Bias in Large Language Models Increases with   Their Number of Parameters
2505.04038,2025-09-25,Identities are not Interchangeable: The Problem of Overgeneralization in Fair Machine Learning
2505.04741,2025-05-09,When Bad Data Leads to Good Models
2505.04654,2025-05-09,A Comparative Analysis of Ethical and Safety Gaps in LLMs using Relative   Danger Coefficient
2505.04600,2025-05-21,Perpetuating Misogyny with Generative AI: How Model Personalization Normalizes Gendered Harm
2505.03593,2025-05-07,A Unifying Bias-aware Multidisciplinary Framework for Investigating   Socio-Technical Issues
2505.03601,2025-05-07,Doing Audits Right? The Role of Sampling and Legal Content Analysis in   Systemic Risk Assessments and Independent Audits in the Digital Services Act
2505.04851,2025-05-09,CRAFT: Cultural Russian-Oriented Dataset Adaptation for Focused   Text-to-Image Generation
2505.04578,2025-05-08,Fight Fire with Fire: Defending Against Malicious RL Fine-Tuning via   Reward Neutralization
2505.05660,2025-08-12,"Not Like Us, Hunty: Measuring Perceptions and Behavioral Effects of Minoritized Anthropomorphic Cues in LLMs"
2505.05406,2025-05-09,"Frame In, Frame Out: Do LLMs Generate More Biased News Headlines than   Humans?"
2505.04796,2025-05-26,Robust ML Auditing using Prior Knowledge
2505.05619,2025-05-14,LiteLMGuard: Seamless and Lightweight On-Device Prompt Filtering for Safeguarding Small Language Models against Quantization-induced Risks and Vulnerabilities
2505.05786,2025-05-12,A Day in Their Shoes: Using LLM-Based Perspective-Taking Interactive Fiction to Reduce Stigma Toward Dirty Work
2505.06356,2025-05-13,Understanding and Mitigating Toxicity in Image-Text Pretraining Datasets: A Case Study on LLaVA
2505.06149,2025-05-27,Can Prompting LLMs Unlock Hate Speech Detection across Languages? A Zero-shot and Few-shot Study
2505.06679,2025-06-18,T2V-OptJail: Discrete Prompt Optimization for Text-to-Video Jailbreak Attacks
2505.06591,2025-08-08,Evaluating LLM-Generated Q&A Test: a Student-Centered Study
2505.07205,2025-05-13,Benchmarking Ethical and Safety Risks of Healthcare LLMs in China-Toward Systemic Governance under Healthy China 2030
2505.06262,2025-06-04,Dialz: A Python Toolkit for Steering Vectors
2505.07132,2025-05-13,"Justi\c{c}a Algor\'itmica: Instrumentaliza\c{c}\~ao, Limites Conceituais e Desafios na Engenharia de Software"
2505.07610,2025-05-20,Concept-Level Explainability for Auditing & Steering LLM Responses
2505.07850,2025-05-14,A Tale of Two Identities: An Ethical Audit of Human and AI-Crafted Personas
2505.07870,2025-05-14,Efficient Fairness Testing in Large Language Models: Prioritizing Metamorphic Relations for Bias Detection
2505.06831,2025-05-13,Fine-Grained Bias Exploration and Mitigation for Group-Robust Classification
2505.08546,2025-05-14,Are We Paying Attention to Her? Investigating Gender Disambiguation and Attention in Machine Translation
2505.08127,2025-05-14,"""You Cannot Sound Like GPT"": Signs of language discrimination and resistance in computer science publishing"
2505.07247,2025-05-16,SAS-Bench: A Fine-Grained Benchmark for Evaluating Short Answer Scoring with Large Language Models
2505.07772,2025-05-13,"The Value of Disagreement in AI Design, Evaluation, and Alignment"
2505.07775,2025-05-13,Must Read: A Systematic Survey of Computational Persuasion
2505.08734,2026-01-29,NurValues: Real-World Nursing Values Evaluation for Large Language Models in Clinical Context
2505.06538,2025-10-14,Think in Safety: Unveiling and Mitigating Safety Alignment Collapse in Multimodal Large Reasoning Model
2505.09056,2025-05-15,"A Comprehensive Analysis of Large Language Model Outputs: Similarity, Diversity, and Bias"
2505.08054,2025-07-16,FalseReject: A Resource for Improving Contextual Safety and Mitigating Over-Refusals in LLMs via Structured Reasoning
2505.08245,2025-07-15,"Large Language Model Psychometrics: A Systematic Review of Evaluation, Validation, and Enhancement"
2505.09595,2025-05-15,WorldView-Bench: A Benchmark for Evaluating Global Cultural Perspectives in Large Language Models
2505.08804,2025-05-15,TokenProber: Jailbreaking Text-to-image Models via Fine-grained Word Impact Analysis
2505.09503,2026-01-06,Towards Fair In-Context Learning with Tabular Foundation Models
2505.08792,2025-05-15,A Preliminary Framework for Intersectionality in ML Pipelines
2505.09414,2025-05-15,FACTors: A New Dataset for Studying the Fact-checking Ecosystem
2505.09576,2025-05-15,Ethics and Persuasion in Reinforcement Learning from Human Feedback: A Procedural Rhetorical Approach
2505.10013,2025-12-30,DIF: A Framework for Benchmarking and Verifying Implicit Bias in LLMs
2505.10472,2025-05-19,"Large Language Models for Cancer Communication: Evaluating Linguistic Quality, Safety, and Accessibility in Generative AI"
2505.10588,2025-05-19,Understanding Gen Alpha Digital Language: Evaluation of LLM Safety Systems for Content Moderation
2505.10596,2025-05-19,Inclusivity of AI Speech in Healthcare: A Decade Look Back
2505.10309,2026-01-23,A large-scale evaluation of commonsense knowledge in humans and large language models
2505.11189,2025-09-24,Can Global XAI Methods Reveal Injected Bias in LLMs? SHAP vs Rule Extraction vs RuleSHAP
2505.10643,2025-05-21,Artificial Intelligence Bias on English Language Learners in Automatic Scoring
2505.11060,2025-05-19,CUBIC: Concept Embeddings for Unsupervised Bias Identification using VLMs
2505.11365,2025-05-27,Phare: A Safety Probe for Large Language Models
2505.11572,2025-05-20,ASR-FAIRBENCH: Measuring and Benchmarking Equity Across Speech Recognition Systems
2505.11275,2025-12-03,TCC-Bench: Benchmarking the Traditional Chinese Culture Understanding Capabilities of MLLMs
2505.11969,2025-05-26,An Annotated Corpus of Arabic Tweets for Hate Speech Analysis
2505.11795,2025-05-20,The Effects of Demographic Instructions on LLM Personas
2505.12001,2025-05-20,Interactional Fairness in LLM Multi-Agent Systems: An Evaluation Framework
2505.11861,2025-05-20,Fair-PP: A Synthetic Dataset for Aligning LLM with Personalized Preferences of Social Equity
2505.11413,2025-05-19,CARES: Comprehensive Evaluation of Safety and Adversarial Robustness in Medical LLMs
2505.12100,2025-05-20,Improving Fairness in LLMs Through Testing-Time Adversaries
2505.11829,2025-05-20,Class Distillation with Mahalanobis Contrast: An Efficient Training Paradigm for Pragmatic Language Understanding Tasks
2505.12051,2025-05-20,Enhanced Multimodal Hate Video Detection via Channel-wise and Modality-wise Fusion
2505.12054,2025-05-20,GenderBench: Evaluation Suite for Gender Biases in LLMs
2505.11454,2025-12-01,HumaniBench: A Human-Centric Framework for Large Multimodal Models Evaluation
2505.12349,2025-05-20,Wisdom from Diversity: Bias Mitigation Through Hybrid Human-LLM Crowds
2505.12381,2025-11-14,From n-gram to Attention: How Model Architectures Learn and Propagate Bias in Language Modeling
2505.12158,2025-05-26,The AI Gap: How Socioeconomic Status Affects Language Technology Interactions
2505.12183,2025-05-20,Decoding the Mind of Large Language Models: A Quantitative Evaluation of Ideology and Biases
2505.11740,2025-10-14,Simple and Effective Specialized Representations for Fair Classifiers
2505.11926,2025-05-20,SafeVid: Toward Safety Aligned Video Large Multimodal Models
2505.12625,2025-05-20,R1dacted: Investigating Local Censorship in DeepSeek's R1 Language Model
2505.12718,2025-05-20,Automated Bias Assessment in AI-Generated Educational Content Using CEAT Framework
2505.12727,2025-06-03,"What is Stigma Attributed to? A Theory-Grounded, Expert-Annotated Interview Corpus for Demystifying Mental-Health Stigma"
2505.12114,2025-11-24,Behind the Screens: Uncovering Bias in AI-Driven Video Interview Assessments Using Counterfactuals
2505.13010,2025-12-30,To Bias or Not to Bias: Detecting bias in News with bias-detector
2505.13257,2025-09-30,Is Active Persona Inference Necessary for Aligning Small Models to Personal Preferences?
2505.13273,2025-05-20,Seeing the Unseen: How EMoE Unveils Bias in Text-to-Image Diffusion Models
2505.13354,2025-05-20,"A large-scale analysis of public-facing, community-built chatbots on Character.AI"
2505.13302,2025-05-20,I'll believe it when I see it: Images increase misinformation sharing in Vision-Language Models
2505.13577,2025-09-29,VocalAgent: Large Language Models for Vocal Health Diagnostics with Safety-Aware Evaluation
2505.12201,2025-05-20,How Reliable is Multilingual LLM-as-a-Judge?
2505.13531,2025-05-21,AdAEM: An Adaptively and Automated Extensible Measurement of LLMs' Value Difference
2505.13195,2025-05-20,Adversarial Testing in LLMs: Insights into Decision-Making Vulnerabilities
2505.12767,2026-02-02,Language Models That Walk the Talk: A Framework for Formal Fairness Certificates
2505.14160,2025-11-20,Breaking Language Barriers or Reinforcing Bias? A Study of Gender and Racial Disparities in Multilingual Contrastive Vision Language Models
2505.13995,2025-10-01,ELEPHANT: Measuring and understanding social sycophancy in LLMs
2505.14080,2025-05-21,Gender Trouble in Language Models: An Empirical Audit Guided by Gender Performativity Theory
2505.13487,2025-11-03,Detecting Prefix Bias in LLM-based Reward Models
2505.13488,2025-05-21,Source framing triggers systematic evaluation bias in Large Language Models
2505.13498,2025-05-21,"IRLBench: A Multi-modal, Culturally Grounded, Parallel Irish-English Benchmark for Open-Ended LLM Reasoning Evaluation"
2505.13509,2025-05-21,Fuck the Algorithm: Conceptual Issues in Algorithmic Bias
2505.14215,2025-10-27,Information Retrieval Induced Safety Degradation in AI Agents
2505.14195,2025-05-21,"Unraveling Interwoven Roles of Large Language Models in Authorship Privacy: Obfuscation, Mimicking, and Verification"
2505.13565,2026-01-14,Aligning Trustworthy AI with Democracy: A Dual Taxonomy of Opportunities and Risks
2505.14536,2025-10-24,Breaking Bad Tokens: Detoxification of LLMs Using Sparse Autoencoders
2505.14549,2026-01-28,Can Large Language Models Really Recognize Your Name?
2505.14449,2025-06-02,Mitigating Subgroup Disparities in Multi-Label Speech Emotion Recognition: A Pseudo-Labeling and Unsupervised Learning Approach
2505.14462,2026-02-17,RAVENEA: A Benchmark for Multimodal Retrieval-Augmented Visual Culture Understanding
2505.14469,2025-12-02,Attributional Safety Failures in Large Language Models under Code-Mixed Perturbations
2505.14435,2026-01-06,"Choosing a Model, Shaping a Future: Comparing LLM Perspectives on Sustainability and its Relationship with AI"
2505.14377,2026-01-06,When Bias Backfires: The Modulatory Role of Counterfactual Explanations on the Adoption of Algorithmic Bias in XAI-Supported Human Decision-Making
2505.14388,2025-05-21,Algorithmic Hiring and Diversity: Reducing Human-Algorithm Similarity for Better Outcomes
2505.14035,2025-05-21,ShieldVLM: Safeguarding the Multimodal Implicit Toxicity via Deliberative Reasoning with LVLMs
2505.14643,2025-05-21,Early Diagnosis of Atrial Fibrillation Recurrence: A Large Tabular Model Approach with Structured and Unstructured Clinical Data
2505.14648,2025-05-21,Vox-Profile: A Speech Foundation Model Benchmark for Characterizing Diverse Speaker and Speech Traits
2505.14617,2025-10-29,The Hawthorne Effect in Reasoning Models: Evaluating and Steering Test Awareness
2505.14728,2025-05-22,MORALISE: A Structured Benchmark for Moral Alignment in Visual Language Models
2505.14729,2025-08-01,Uncovering Cultural Representation Disparities in Vision-Language Models
2505.14971,2025-06-06,DECASTE: Unveiling Caste Stereotypes in Large Language Models through Multi-Dimensional Bias Analysis
2505.14972,2025-12-23,Multimodal Cultural Safety: Evaluation Framework and Alignment Strategies
2505.15524,2025-05-22,Evaluate Bias without Manual Test Sets: A Concept Representation Perspective for LLMs
2505.15553,2026-01-08,Social Bias in Popular Question-Answering Benchmarks
2505.14758,2025-05-22,Kaleidoscope Gallery: Exploring Ethics and Generative AI Through Art
2505.15427,2025-05-22,Responsible Diffusion Models via Constraining Text Embeddings within Safe Regions
2505.15297,2025-05-22,Chinese Toxic Language Mitigation via Sentiment Polarity Consistent Rewrites
2505.15365,2025-05-22,AI vs. Human Judgment of Content Moderation: LLM-as-a-Judge and Ethics-Based Response Refusals
2505.15475,2025-05-22,LFTF: Locating First and Then Fine-Tuning for Mitigating Gender Bias in Large Language Models
2505.14874,2025-09-29,Towards Inclusive ASR: Investigating Voice Conversion for Dysarthric Speech Recognition in Low-Resource Languages
2505.14887,2025-05-22,In-Context Learning Boosts Speech Recognition via Human-like Adaptation to Speakers and Language Varieties
2505.14890,2025-05-22,"Algorithms in the Stacks: Investigating automated, for-profit diversity audits in public libraries"
2505.15857,2025-11-11,Investigating Prosocial Behavior Theory in LLM Agents under Policy-Induced Inequities
2505.15065,2025-09-23,The Pursuit of Empathy: Evaluating Small Language Models for PTSD Dialogue Support
2505.16036,2026-01-09,OpenEthics: A Comprehensive Ethical Evaluation of Open-Source Generative Large Language Models
2505.16128,2025-05-27,Veracity Bias and Beyond: Uncovering LLMs' Hidden Beliefs in Problem-Solving Reasoning
2505.15392,2025-05-22,"An Empirical Study of the Anchoring Effect in LLMs: Existence, Mechanism, and Potential Mitigations"
2505.16211,2025-10-01,AudioTrust: Benchmarking the Multifaceted Trustworthiness of Audio Large Language Models
2505.16081,2025-10-03,BiasLab: Toward Explainable Political Bias Detection with Dual-Axis Annotations and Rationale Indicators
2505.15563,2025-05-22,Semantic-based Unsupervised Framing Analysis (SUFA): A Novel Approach for Computational Framing Analysis
2505.15935,2026-02-11,MAPS: A Multilingual Benchmark for Agent Performance and Security
2505.15957,2025-10-02,Towards Holistic Evaluation of Large Audio-Language Models: A Comprehensive Survey
2505.16408,2025-09-17,From Surveys to Narratives: Rethinking Cultural Value Adaptation in LLMs
2505.16383,2025-06-11,Filling in the Blanks? A Systematic Review and Theoretical Conceptualisation for Measuring WikiData Content Gaps
2505.16722,2025-10-24,Breaking mBad! Supervised Fine-tuning for Cross-Lingual Detoxification
2505.16737,2025-05-23,Mitigating Fine-tuning Risks in LLMs via Safety-Aware Probing Optimization
2505.16467,2025-09-17,Reading Between the Prompts: How Stereotypes Shape LLM's Implicit Personalization
2505.16522,2025-05-28,Benchmarking and Pushing the Multi-Bias Elimination Boundary of LLMs via Causal Effect Estimation-guided Debiasing
2505.17045,2025-05-26,Assessing GPT's Bias Towards Stigmatized Social Groups: An Intersectional Case Study on Nationality Prejudice and Psychophobia
2505.17049,2025-05-28,Gender and Positional Biases in LLM-Based Hiring Decisions: Evidence from Comparative CV/R\'esum\'e Evaluations
2505.16643,2025-05-23,From Evaluation to Defense: Advancing Safety in Video Large Language Models
2505.16847,2025-05-23,Understanding and Analyzing Inappropriately Targeting Language in Online Discourse: A Comparative Annotation Study
2505.17280,2025-05-26,"Mitigate One, Skew Another? Tackling Intersectional Biases in Text-to-Image Models"
2505.17131,2025-05-26,Relative Bias: A Comparative Framework for Quantifying Bias in LLMs
2505.17144,2025-05-26,MDIT-Bench: Evaluating the Dual-Implicit Toxicity in Large Multimodal Models
2505.17407,2025-05-26,Language Matters: How Do Multilingual Input and Reasoning Paths Affect Large Reasoning Models?
2505.17425,2025-05-26,Debiasing CLIP: Interpreting and Correcting Bias in Attention Heads
2505.17217,2026-01-15,Mitigating Gender Bias via Fostering Exploratory Thinking in LLMs
2505.17100,2025-10-29,Any Large Language Model Can Be a Reliable Judge: Debiasing with a Reasoning-based Bias Detector
2505.17112,2025-05-26,"Cultural Value Alignment in Large Language Models: A Prompt-based Analysis of Schwartz Values in Gemini, ChatGPT, and DeepSeek"
2505.17441,2025-06-12,Discovering Forbidden Topics in Language Models
2505.17461,2026-01-29,Diagnosing Vision Language Models' Perception by Leveraging Human Methods for Color Vision Deficiencies
2505.17089,2025-11-18,Chain-of-Thought Driven Adversarial Scenario Extrapolation for Robust Language Models
2505.17093,2025-09-22,P2VA: Converting Persona Descriptions into Voice Attributes for Fair and Controllable Text-to-Speech
2505.17671,2025-11-12,MIDB: Multilingual Instruction Data Booster for Enhancing Cultural Equality in Multilingual Instruction Synthesis
2505.17642,2025-10-08,A Survey on Stereotype Detection in Natural Language Processing
2505.17536,2026-01-29,Multimodal Conversation Structure Understanding
2505.16946,2025-06-27,NY Real Estate Racial Equity Analysis via Applied Machine Learning
2505.17636,2025-05-26,Surfacing Semantic Orthogonality Across Model Safety Benchmarks: A Multi-Dimensional Analysis
2505.17244,2025-10-16,ReasoningShield: Safety Detection over Reasoning Traces of Large Reasoning Models
2505.17760,2025-11-07,But what is your honest answer? Aiding LLM-judges with honest alternatives using steering vectors
2505.17937,2025-05-29,Survival Games: Human-LLM Strategic Showdowns under Severe Resource Scarcity
2505.18246,2025-11-07,Will Large Language Models Transform Clinical Prediction?
2505.18322,2025-05-27,Is It Bad to Work All the Time? Cross-Cultural Evaluation of Social Norm Biases in GPT-4
2505.17736,2025-05-26,Modeling Ranking Properties with In-Context Learning
2505.18464,2025-05-27,From Reddit to Generative AI: Evaluating Large Language Models for Anxiety Support Fine-tuned on Social Media Data
2505.18466,2025-05-27,Measuring South Asian Biases in Large Language Models
2505.17525,2025-05-26,Transparency and Proportionality in Post-Processing Algorithmic Bias Correction
2505.17533,2025-05-26,Learning Representational Disparities
2505.17815,2025-05-26,Evaluation Faking: Unveiling Observer Effects in Safety Evaluation of Frontier AI Systems
2505.18154,2025-05-26,The Staircase of Ethics: Probing LLM Value Priorities through Multi-Step Induction to Complex Moral Dilemmas
2505.18383,2025-09-24,NileChat: Towards Linguistically Diverse and Culturally Aware LLMs for Local Communities
2505.18545,2025-05-27,B-score: Detecting biases in large language models using response history
2505.18562,2025-10-07,From Word to World: Evaluate and Mitigate Culture Bias in LLMs via Word Association Test
2505.18139,2025-10-31,Embracing Contradiction: Theoretical Inconsistency Will Not Impede the Road of Building Responsible AI Systems
2505.17841,2025-05-26,TEDI: Trustworthy and Ethical Dataset Indicators to Analyze and Compare Dataset Documentation
2505.18882,2026-01-14,Personalized Safety in LLMs: A Benchmark and A Planning-Based Agent Approach
2505.18942,2026-01-28,Language Models Should be Used to Surface the Unwritten Code of Science and Society
2505.18953,2025-07-08,Evaluating AI for Finance: Is AI Credible at Assessing Investment Risk?
2505.19121,2025-07-03,Delving into Multilingual Ethical Bias: The MSQAD with Statistical Hypothesis Tests for Large Language Models
2505.19212,2025-05-27,When Ethics and Payoffs Diverge: LLM Agents in Morally Charged Social Dilemmas
2505.18523,2025-05-27,Diversity and Inclusion in AI: Insights from a Survey of AI/ML Practitioners
2505.19558,2026-02-16,PoliCon: Evaluating LLMs on Achieving Diverse Political Consensus Objectives
2505.19562,2026-01-13,FairMedQA: Benchmarking Bias in Large Language Models for Medical Question Answering
2505.19515,2025-05-28,Analyzing Biases in Political Dialogue: Tagging U.S. Presidential Debates with an Extended DAMSL Framework
2505.19621,2025-05-27,"Think Again! The Effect of Test-Time Compute on Preferences, Opinions, and Beliefs of Large Language Models"
2505.18779,2025-05-27,Evaluating Intra-firm LLM Alignment Strategies in Business Contexts
2505.19528,2025-09-22,AmpleHate: Amplifying the Attention for Versatile Implicit Hate Detection
2505.19674,2025-05-29,Comparing Moral Values in Western English-speaking societies and LLMs with Word Associations
2505.19776,2025-05-27,Analyzing Political Bias in LLMs via Target-Oriented Sentiment Classification
2505.19387,2025-11-27,Alignment of large language models with constrained learning
2505.19327,2025-05-27,Paying Alignment Tax with Contrastive Learning
2505.19473,2025-05-27,Improving Recommendation Fairness without Sensitive Attributes Using Multi-Persona LLMs
2505.19484,2025-05-28,CulFiT: A Fine-grained Cultural-aware LLM Training Paradigm via Multilingual Critique Data Synthesis
2505.19690,2025-05-27,Beyond Safe Answers: A Benchmark for Evaluating True Risk Awareness in Large Reasoning Models
2505.19176,2025-09-19,Assistant-Guided Mitigation of Teacher Preference Bias in LLM-as-a-Judge
2505.20033,2025-05-28,EmoNet-Face: An Expert-Annotated Benchmark for Synthetic Emotion Recognition
2505.20326,2025-05-28,Cultural Awareness in Vision-Language Models: A Cross-Country Exploration
2505.20343,2025-05-28,Do LLMs have a Gender (Entropy) Bias?
2505.20264,2025-09-23,We Need to Measure Data Diversity in NLP -- Better and Broader
2505.20500,2025-05-28,Beyond Keywords: Evaluating Large Language Model Classification of Nuanced Ableism
2505.20692,2025-05-28,Can we Debias Social Stereotypes in AI-Generated Images? Examining Text-to-Image Outputs and User Perceptions
2505.20312,2025-05-28,Let's Get You Hired: A Job Seeker's Perspective on Multi-Agent Recruitment Systems for Explaining Hiring Decisions
2505.19240,2025-06-02,LLLMs: A Data-Driven Survey of Evolving Research on Limitations of Large Language Models
2505.20875,2025-10-10,Trans-EnV: A Framework for Evaluating the Linguistic Robustness of LLMs Against English Varieties
2505.20624,2026-02-06,"POLAR: A Benchmark for Multilingual, Multicultural, and Multi-Event Online Polarization"
2505.20645,2025-06-05,STEER-BENCH: A Benchmark for Evaluating the Steerability of Large Language Models
2505.21091,2025-06-24,Position is Power: System Prompts as a Mechanism of Bias in Large Language Models (LLMs)
2505.21106,2025-05-28,Interpreting Social Bias in LVLMs via Information Flow Analysis and Multi-Round Dialogue Evaluation
2505.21230,2025-05-28,PSRB: A Comprehensive Benchmark for Evaluating Persian ASR Systems
2505.20138,2025-05-27,FairTalk: Facilitating Balanced Participation in Video Conferencing by Implicit Visualization of Predicted Turn-Grabbing Intention
2505.20738,2025-05-28,Silencer: From Discovery to Mitigation of Self-Bias in LLM-as-Benchmark-Generator
2505.20901,2025-05-28,A Stereotype Content Analysis on Color-related Social Bias in Large Vision Language Models
2505.20918,2025-05-28,Humble AI in the real-world: the case of algorithmic hiring
2505.21819,2025-05-29,Representative Language Generation
2505.21548,2026-01-26,Fluent but Foreign: Even Regional LLMs Lack Cultural Alignment
2505.21693,2025-09-23,MAKIEval: A Multilingual Automatic WiKidata-based Framework for Cultural Awareness Evaluation for LLMs
2505.21710,2025-05-29,Assessing and Refining ChatGPT's Performance in Identifying Targeting and Inappropriate Language: A Comparative Study
2505.21112,2025-05-28,Simulating Ethics: Using LLM Debate Panels to Model Deliberation on Medical Dilemmas
2505.21979,2025-09-30,Pearl: A Multimodal Culturally-Aware Arabic Instruction Dataset
2505.21753,2025-05-29,From prosthetic memory to prosthetic denial: Auditing whether large language models are prone to mass atrocity denialism
2505.21362,2025-05-28,Evaluating LLM Adaptation to Sociodemographic Factors: User Profile vs. Dialogue History
2505.21363,2025-07-15,Subgroups Matter for Robust Bias Mitigation
2505.21378,2025-05-28,Analyzing values about gendered language reform in LLMs' revisions
2505.21315,2025-10-03,Charting the Landscape of African NLP: Mapping Progress and Shaping the Road Ahead
2505.21999,2025-05-29,Found in Translation: Measuring Multilingual LLM Consistency as Simple as Translate then Evaluate
2505.21479,2025-10-14,Are Language Models Consequentialist or Deontological Moral Reasoners?
2505.22184,2025-06-06,Breaking the Cloak! Unveiling Chinese Cloaked Toxicity with Homophone Graph and Toxic Lexicon
2505.22645,2025-05-29,Characterizing Bias: Benchmarking Large Language Models in Simplified versus Traditional Chinese
2505.22073,2025-06-04,"A Closer Look at the Existing Risks of Generative AI: Mapping the Who, What, and How of Real-World Incidents"
2505.22084,2025-05-29,MObyGaze: a film dataset of multimodal objectification densely annotated by experts
2505.22897,2025-05-30,VIGNETTE: Socially Grounded Bias Evaluation for Vision-Language Models
2505.22910,2025-05-30,Talent or Luck? Evaluating Attribution Bias in Large Language Models
2505.22793,2025-08-15,Evaluation of Cultural Competence of Vision-Language Models
2505.22354,2025-11-13,LLMs Struggle to Reject False Presuppositions when Misinformation Stakes are High
2505.23349,2025-11-12,Towards Reward Fairness in RLHF: From a Resource Allocation Perspective
2505.23630,2025-05-30,GeNRe: A French Gender-Neutral Rewriting System Using Collective Nouns
2505.23996,2025-06-02,Is Your Model Fairly Certain? Uncertainty-Aware Fairness Evaluation for LLMs
2505.23914,2025-06-02,Probing Association Biases in LLM Moderation Over-Sensitivity
2505.23793,2025-06-02,USB: A Comprehensive and Unified Safety Evaluation Benchmark for Multimodal Large Language Models
2505.23798,2026-02-12,"Unveiling the ""Fairness Seesaw"": Discovering and Mitigating Gender and Race Bias in Vision-Language Models"
2505.24023,2025-06-02,Multi-Group Proportional Representation for Text-to-Image Models
2505.23820,2025-06-02,Arbiters of Ambivalence: Challenges of Using LLMs in No-Consensus Tasks
2505.23827,2025-06-06,ValueSim: Generating Backstories to Model Individual Value Systems
2505.23829,2025-06-02,BiasFilter: An Inference-Time Debiasing Framework for Large Language Models
2505.24119,2025-06-02,The State of Multilingual LLM Safety Research: From Measuring the Language Gap to Mitigating It
2505.24262,2026-02-13,On Fairness of Task Arithmetic: The Role of Task Vectors
2505.23945,2025-11-04,A Closer Look at Bias and Chain-of-Thought Faithfulness of Large (Vision) Language Models
2505.24635,2025-06-02,Disentangling Language and Culture for Evaluating Multilingual Large Language Models
2505.24646,2025-06-02,PRISM: A Framework for Producing Interpretable Political Bias Embeddings with Political-Aware Cross-Encoder
2505.24650,2025-06-02,Beyond the Black Box: Interpretability of LLMs in Finance
2505.24655,2025-06-02,Adaptable Cardiovascular Disease Risk Prediction from Heterogeneous Data using Large Language Models
2505.24195,2026-01-21,WikiGap: Promoting Epistemic Equity by Surfacing Knowledge Gaps Between English Wikipedia and other Language Editions
2505.24456,2025-09-23,CaMMT: Benchmarking Culturally Aware Multimodal Machine Translation
2505.23170,2025-05-30,ZIPA: A family of efficient models for multilingual phone recognition
2506.00134,2025-06-03,Spurious Correlations and Beyond: Understanding and Mitigating Shortcut Learning in SDOH Extraction with Large Language Models
2506.00068,2026-02-02,Framing Political Bias in Multilingual LLMs Across Pakistani Languages
2506.00073,2025-09-23,The Automated but Risky Game: Modeling and Benchmarking Agent-to-Agent Negotiations and Transactions in Consumer Markets
2506.00077,2025-07-16,Gaussian mixture models as a proxy for interacting language models
2505.24538,2025-06-02,"Don't Erase, Inform! Detecting and Contextualizing Harmful Language in Cultural Heritage Collections"
2505.24539,2025-09-10,Localizing Persona Representations in LLMs
2505.24671,2025-09-03,Multiple LLM Agents Debate for Equitable Cultural Alignment
2505.24689,2025-06-02,BPE Stays on SCRIPT: Structured Encoding for Robust Multilingual Pretokenization
2505.24712,2025-06-02,"HESEIA: A community-based dataset for evaluating social biases in large language models, co-designed in real school settings in Latin America"
2505.24842,2025-10-17,Cascading Adversarial Bias from Injection to Distillation in Language Models
2506.00253,2025-06-10,Aligned but Blind: Alignment Increases Implicit Bias by Reducing Awareness of Race
2506.00256,2025-06-03,The Impact of Disability Disclosure on Fairness and Bias in LLM-Driven Candidate Selection
2506.00242,2025-06-03,Whispers of Many Shores: Cultural Alignment through Collaborative Cultural Expertise
2506.00166,2025-06-03,Disentangled Safety Adapters Enable Efficient Guardrails and Flexible Inference-Time Alignment
2506.00175,2026-02-10,Who Gets Credit or Blame? Attributing Accountability in Modern AI Systems
2506.00582,2025-07-29,Do Language Models Mirror Human Confidence? Exploring Psychological Insights to Address Overconfidence in LLMs
2506.00583,2025-06-03,The Hidden Language of Harm: Examining the Role of Emojis in Harmful Online Communication and Content Moderation
2506.00814,2025-06-09,GuessBench: Sensemaking Multimodal Creativity in the Wild
2505.24208,2025-06-02,Bootstrapping LLM Robustness for VLM Safety via Reducing the Pretraining Modality Gap
2505.24214,2025-06-02,Benchmarking Foundation Models for Zero-Shot Biometric Tasks
2505.24217,2025-09-30,Semi-structured LLM Reasoners Can Be Rigorously Audited
2506.00748,2025-06-03,"Translate With Care: Addressing Gender Bias, Neutrality, and Reasoning in Large Language Model Translations"
2506.00628,2025-10-22,LID Models are Actually Accent Classifiers: Implications and Solutions for LID on Accented Speech
2506.00751,2025-06-03,Alignment Revisited: Are Large Language Models Consistent in Stated and Revealed Preferences?
2506.00784,2025-06-13,Research Borderlands: Analysing Writing Across Research Cultures
2506.01332,2025-06-03,An Empirical Study of Group Conformity in Multi-Agent Systems
2506.01190,2025-06-03,Culturally-Grounded Chain-of-Thought (CG-CoT):Enhancing LLM Performance on Culturally-Specific Tasks in Low-Resource Languages
2506.01484,2025-06-09,LLM in the Loop: Creating the ParaDeHate Dataset for Hate Speech Detoxification
2506.01495,2026-01-05,C-VARC: A Large-Scale Chinese Value Rule Corpus for Value Alignment of Large Language Models
2506.01709,2025-06-03,Fairness Dynamics During Training
2506.00973,2025-06-03,XGUARD: A Graded Benchmark for Evaluating Safety Failures of Large Language Models on Extremist Content
2506.01675,2025-06-03,Cross-Lingual Transfer of Cultural Knowledge: An Asymmetric Phenomenon
2506.01257,2025-06-03,"DeepSeek in Healthcare: A Survey of Capabilities, Risks, and Clinical Applications of Open-Source Large Language Models"
2506.01998,2025-06-04,Inter(sectional) Alia(s): Ambiguity in Voice Agent Identity via Intersectional Japanese Self-Referents
2506.02280,2025-06-27,The State of Large Language Models for African Languages: Progress and Challenges
2506.01814,2025-06-03,Analysis of LLM Bias (Chinese Propaganda & Anti-US Sentiment) in DeepSeek-R1 vs. ChatGPT o3-mini-high
2506.01230,2025-06-03,Stress-Testing ML Pipelines with Adversarial Data Corruption
2506.02372,2025-06-04,AnswerCarefully: A Dataset for Improving the Safety of Japanese LLM Output
2506.02172,2025-06-04,Different Speech Translation Models Encode and Translate Speaker Gender Differently
2506.02321,2025-06-04,Quantifying Misattribution Unfairness in Authorship Attribution
2506.02326,2026-01-07,Something Just Like TRuST : Toxicity Recognition of Span and Target
2506.02425,2025-06-04,Gender Inequality in English Textbooks Around the World: an NLP Approach
2506.02431,2025-11-12,From Anger to Joy: How Nationality Personas Shape Emotion Attribution in Large Language Models
2506.02447,2025-06-04,Visualization for interactively adjusting the de-bias effect of word embedding
2506.02545,2025-09-26,"On the Language and Gender Biases in PSTN, VoIP and Neural Audio Codecs"
2506.01937,2025-06-03,RewardBench 2: Advancing Reward Model Evaluation
2506.02659,2025-09-10,Are Economists Always More Introverted? Analyzing Consistency in Persona-Assigned LLMs
2506.02740,2025-06-04,Stereotypical gender actions can be extracted from Web text
2506.02481,2025-06-04,Do Language Models Think Consistently? A Study of Value Preferences Across Varying Response Lengths
2506.02998,2026-02-03,A Multi-Agent Framework for Mitigating Dialect Biases in Privacy Policy Question-Answering Systems
2506.03024,2025-06-04,GenFair: Systematic Test Generation for Fairness Fault Detection in Large Language Models
2506.02078,2025-09-01,Evaluating the Effectiveness of Pre-Trained Audio Embeddings for Classification of Parkinson's Disease Speech Data
2506.02573,2025-06-04,IndoSafety: Culturally Grounded Safety for LLMs in Indonesian Languages
2506.02591,2025-06-04,On Generalization across Measurement Systems: LLMs Entail More Test-Time Compute for Underrepresented Cultures
2506.02592,2025-06-04,Beyond the Surface: Measuring Self-Preference in LLM Judgments
2506.03051,2025-06-09,Facts Do Care About Your Language: Assessing Answer Quality of Multilingual LLMs
2506.03214,2025-06-05,A Pre-trained Framework for Multilingual Brain Decoding Using Non-invasive Recordings
2506.03234,2025-06-05,BadReward: Clean-Label Poisoning of Reward Models in Text-to-Image RLHF
2506.03619,2025-06-05,Do Large Language Models Know Folktales? A Case Study of Yokai in Japanese Folktales
2506.03659,2025-11-04,Trustworthy Medical Question Answering: An Evaluation-Centric Survey
2506.03371,2025-06-05,"Toward Reliable VLM: A Fine-Grained Benchmark and Framework for Exposure, Bias, and Inference in Korean Street Views"
2506.02838,2025-06-04,TaxAgent: How Large Language Model Designs Fiscal Policy
2506.03867,2025-09-23,EuroGEST: Investigating gender stereotypes in multilingual language models
2506.03399,2025-06-05,Sampling Preferences Yields Simple Trustworthiness Scores
2506.03993,2025-06-05,Words of Warmth: Trust and Sociability Norms for over 26k English Words
2506.03458,2025-06-05,Culture Matters in Toxic Language Detection in Persian
2506.04482,2025-06-06,Understanding and Meeting Practitioner Needs When Measuring Representational Harms Caused by LLM-Based Systems
2506.04043,2025-06-05,Think Like a Person Before Responding: A Multi-Faceted Evaluation of Persona-Guided LLMs for Countering Hate
2506.04253,2025-06-06,HADA: Human-AI Agent Decision Alignment Architecture
2506.04652,2025-06-06,EMO-Debias: Benchmarking Gender Debiasing Techniques in Multi-Label Speech Emotion Recognition
2506.03913,2025-06-05,When Fairness Isn't Statistical: The Limits of Machine Learning in Evaluating Legal Reasoning
2506.03916,2025-06-05,Compositional Generalisation for Explainable Hate Speech Detection
2506.03923,2025-06-05,More or Less Wrong: A Benchmark for Directional Bias in LLM Comparative Reasoning
2506.04419,2025-06-06,A Framework for Auditing Chatbots for Dialect-Based Quality-of-Service Harms
2506.04774,2025-06-06,Fine-Grained Interpretation of Political Opinions in Large Language Models
2506.04975,2025-06-06,Evaluating Prompt-Driven Chinese Large Language Models: The Influence of Persona Assignment on Stereotypes and Safeguards
2506.04193,2025-10-27,Understanding challenges to the interpretation of disaggregated evaluations of algorithmic fairness
2506.04140,2025-06-05,Quantifying Query Fairness Under Unawareness
2506.03984,2025-06-05,Around the World in 24 Hours: Probing LLM Knowledge of Time and Place
2506.04704,2025-11-26,HoliSafe: Holistic Safety Benchmarking and Modeling for Vision-Language Model
2506.04462,2025-07-15,Watermarking Degrades Alignment in Language Models: Analysis and Mitigation
2506.05388,2025-06-09,taz2024full: Analysing German Newspapers for Gender Bias and Discrimination across Decades
2506.05390,2025-06-09,Understanding Gender Bias in AI-Generated Product Descriptions
2506.05142,2025-06-10,Do Large Language Models Judge Error Severity Like Humans?
2506.05166,2025-06-09,Dissecting Bias in LLMs: A Mechanistic Interpretability Perspective
2506.04302,2025-06-06,RedRFT: A Light-Weight Benchmark for Reinforcement Fine-Tuning-Based Red Teaming
2506.04305,2025-06-09,Enduring Disparities in the Workplace: A Pilot Study in the AI Community
2506.05610,2025-06-09,Mitigating Confounding in Speech-Based Dementia Detection through Weight Masking
2506.05619,2025-10-07,Beyond RLHF and NLHF: Population-Proportional Alignment under an Axiomatic Framework
2506.04693,2025-06-06,Cracking the Code: Enhancing Implicit Hate Speech Detection through Coding Classification
2506.05850,2025-06-10,Cross-lingual Collapse: How Language-Centric Foundation Models Shape Reasoning in Large Language Models
2506.05670,2025-10-15,Can LLMs Express Personality Across Cultures? Introducing CulturalPersonas for Evaluating Trait Alignment
2506.05687,2025-12-16,What Comes After Harm? Mapping Reparative Actions in AI through Justice Frameworks
2506.05991,2025-09-30,"A Culturally-Rich Romanian NLP Dataset from ""Who Wants to Be a Millionaire?"" Videos"
2506.06273,2025-09-23,AdvSumm: Adversarial Training for Bias Mitigation in Text Summarization
2506.05635,2025-06-09,IYKYK: Using language models to decode extremist cryptolects
2506.05555,2025-06-09,Using Large Language Models to Simulate Human Behavioural Experiments: Port of Mars
2506.06071,2025-11-17,CO-VADA: A Confidence-Oriented Voice Augmentation Debiasing Approach for Fair Speech Emotion Recognition
2506.06366,2025-06-13,AI Agent Behavioral Science
2506.06298,2025-06-10,Pairwise Calibrated Rewards for Pluralistic Alignment
2506.06506,2025-06-10,Biases Propagate in Encoder-based Vision-Language Models: A Systematic Analysis From Intrinsic Measures to Zero-shot Retrieval Outcomes
2506.06404,2025-06-10,Unintended Harms of Value-Aligned LLMs: Psychological and Empirical Insights
2506.06166,2025-06-09,The Lock-in Hypothesis: Stagnation by Algorithm
2506.06175,2025-06-09,Does It Run and Is That Enough? Revisiting Text-to-Chart Generation with a Multi-Agent Approach
2506.06113,2025-06-09,Bridging the Gap: In-Context Learning for Modeling Human Disagreement
2506.06816,2025-06-10,"How do datasets, developers, and models affect biases in a low-resourced language?"
2506.06238,2025-06-09,Explaining Matters: Leveraging Definitions and Semantic Expansion for Sexism Detection
2506.06243,2025-10-14,Fairmetrics: An R package for group fairness evaluation
2506.06987,2025-06-10,Cultural Bias Matters: A Cross-Cultural Benchmark Dataset and Sentiment-Enriched Model for Understanding Multimodal Metaphors
2506.06888,2025-08-26,Automatic Speech Recognition of African American English: Lexical and Contextual Effects
2506.06751,2025-06-23,"Geopolitical biases in LLMs: what are the ""good"" and the ""bad"" countries according to contemporary language models"
2506.06772,2025-06-10,SynHate: Detecting Hate Speech in Synthetic Deepfake Audio
2506.07326,2026-02-04,Reward Model Interpretability via Optimal and Pessimal Tokens
2506.07282,2025-06-10,Adultification Bias in LLMs and Text-to-Image Models
2506.06446,2026-02-02,Tokenization Multiplicity Leads to Arbitrary Price Variation in LLM-as-a-service
2506.07249,2025-08-29,Bias Attribution in Filipino Language Models: Extending a Bias Interpretability Metric for Application on Agglutinative Languages
2506.07479,2025-06-13,Improving Fairness of Large Language Models in Multi-document Summarization
2506.06636,2025-06-10,SafeLawBench: Towards Safe Alignment of Large Language Models
2506.07032,2025-10-01,A Culturally-diverse Multilingual Multimodal Video Benchmark & Model
2506.07667,2025-06-11,"Silencing Empowerment, Allowing Bigotry: Auditing the Moderation of Hate Speech on Twitch"
2506.07891,2026-02-02,Video Unlearning via Low-Rank Refusal Vector
2506.08231,2025-06-11,Ensuring Reliability of Curated EHR-Derived Data: The Validation of Accuracy for LLM/ML-Extracted Information and Data (VALID) Framework
2506.06955,2025-07-15,BIS Reasoning 1.0: The First Large-Scale Japanese Benchmark for Belief-Inconsistent Syllogistic Reasoning
2506.08071,2025-06-11,CuRe: Cultural Gaps in the Long Tail of Text-to-Image Systems
2506.07962,2025-06-10,Correlated Errors in Large Language Models
2506.08147,2025-06-11,Multilingual Hate Speech Detection in Social Media Using Translation-Based Approaches with Large Language Models
2506.08593,2025-06-11,Hateful Person or Hateful Model? Investigating the Role of Personas in Hate Speech Detection by Large Language Models
2506.08400,2025-08-28,mSTEB: Massively Multilingual Evaluation of LLMs on Speech and Text Tasks
2506.08952,2025-06-12,Can LLMs Ground when they (Don't) Know: A Study on Direct and Loaded Political Questions
2506.08486,2025-06-11,RHealthTwin: Towards Responsible and Multimodal Digital Twins for Personalized Well-being
2506.08487,2026-02-10,Beyond Bias Scores: Unmasking Vacuous Neutrality in Small Language Models
2506.08488,2025-06-11,EtiCor++: Towards Understanding Etiquettical Bias in LLMs
2506.08835,2026-01-21,CulturalFrames: Assessing Cultural Expectation Alignment in Text-to-Image Models and Evaluation Metrics
2506.08846,2025-07-14,Addressing Pitfalls in Auditing Practices of Automatic Speech Recognition Technologies: A Case Study of People with Aphasia
2506.09558,2025-08-22,Gender Bias in English-to-Greek Machine Translation
2506.09630,2026-01-29,In-Context Bias Propagation in LLM-Based Tabular Data Generation
2506.10245,2025-11-18,ToxSyn: Reducing Bias in Hate Speech Detection via Synthetic Minority Data in Brazilian Portuguese
2506.10016,2025-11-25,A Survey of Generative Categories and Techniques in Multimodal Generative Models
2506.10491,2025-09-03,"Surface Fairness, Deep Bias: A Comparative Study of Bias in Language Models"
2506.09771,2025-06-12,Where Journalism Silenced Voices: Exploring Discrimination in the Representation of Indigenous Communities in Bangladesh
2506.09656,2025-08-08,Multi-level Value Alignment in Agentic AI Systems: Survey and Perspectives
2506.09109,2025-11-21,CAIRe: Cultural Attribution of Images by Retrieval-Augmented Evaluation
2506.10703,2025-11-17,Preserving Task-Relevant Information Under Linear Concept Removal
2506.10421,2025-06-13,Beyond the Battlefield: Framing Analysis of Media Coverage in Conflict Reporting
2506.10297,2025-06-13,"""Check My Work?"": Measuring Sycophancy in a Simulated Educational Context"
2506.11025,2025-08-25,When Algorithms Play Favorites: Lookism in the Generation and Perception of Faces
2506.10922,2025-06-13,Robustly Improving LLM Fairness in Realistic Settings via Interpretability
2506.11244,2025-12-30,Iterative Multilingual Spectral Attribute Erasure
2506.11415,2025-06-16,Bias Amplification in RAG: Poisoning Knowledge Retrieval to Steer LLMs
2506.11072,2025-06-16,Can We Trust Machine Learning? The Reliability of Features from Open-Source Speech Analysis Tools for Speech Modeling
2506.11094,2025-10-31,The Scales of Justitia: A Comprehensive Survey on Safety Evaluation of LLMs
2506.11343,2025-09-26,From Replication to Redesign: Exploring Pairwise Comparisons for LLM-Based Peer Review
2506.11361,2025-06-16,The Biased Samaritan: LLM biases in Perceived Kindness
2506.10789,2025-06-13,FASCIST-O-METER: Classifier for Neo-fascist Discourse Online
2506.11880,2025-06-16,Addressing Bias in LLMs: Strategies and Application to Fair AI-based Recruitment
2506.10960,2025-08-14,ChineseHarm-Bench: A Chinese Harmful Content Detection Benchmark
2506.11825,2025-06-16,Revealing Political Bias in LLMs through Structured Multi-Agent Debate
2506.12148,2025-06-17,Hatevolution: What Static Benchmarks Don't Tell Us
2506.11919,2025-10-14,Effectiveness of Counter-Speech against Abusive Content: A Multidimensional Annotation and Classification Study
2506.11798,2026-02-20,Persona-driven Simulation of Voting Behavior in the European Parliament with Large Language Models
2506.12502,2025-06-17,Towards Fairness Assessment of Dutch Hate Speech Detection
2506.12098,2025-06-17,"""I Hadn't Thought About That"": Creators of Human-like AI Weigh in on Ethics And Neurodivergence"
2506.12433,2026-01-06,Exploring Cultural Variations in Moral Judgments with Large Language Models
2506.11068,2025-06-16,Deontological Keyword Bias: The Impact of Modal Expressions on Normative Judgments of Language Models
2506.12527,2025-06-17,"Detection, Classification, and Mitigation of Gender Bias in Large Language Models"
2506.12227,2026-01-08,Uncovering Bias Paths with LLM-guided Causal Discovery: An Active Learning and Dynamic Scoring Approach
2506.12285,2025-07-01,CMI-Bench: A Comprehensive Benchmark for Evaluating Music Instruction Following
2506.12758,2025-12-09,Democratic or Authoritarian? Probing a New Dimension of Political Biases in Large Language Models
2506.12657,2026-02-02,Synthetic Socratic Debates: Examining Persona Effects on Moral Decision and Persuasion Dynamics
2506.12978,2025-06-17,Multi-document Summarization through Multi-document Event Relation Graph Reasoning in LLMs: a case study in Framing Bias Mitigation
2506.12327,2025-07-29,Intersectional Bias in Japanese Large Language Models from a Contextualized Perspective
2506.12336,2025-11-27,Benchmarking the Trustworthiness in Multimodal LLMs for Video Understanding
2506.12349,2025-06-17,"Information Suppression in Large Language Models: Auditing, Quantifying, and Characterizing Censorship in DeepSeek"
2506.12357,2025-06-17,`Socheton': A Culturally Appropriate AI Tool to Support Reproductive Well-being
2506.13104,2025-06-17,Equitable Electronic Health Record Prediction with FAME: Fairness-Aware Multimodal Embedding
2506.12552,2025-06-17,Profiling News Media for Factuality and Bias Using LLMs and the Fact-Checking Methodology of Human Experts
2506.12574,2025-06-17,Overview of the NLPCC 2025 Shared Task: Gender Bias Mitigation Challenge
2506.13298,2025-08-05,Fair Generation without Unfair Distortions: Debiasing Text-to-Image Generation with Entanglement-Free Attention
2506.12365,2026-02-12,"Advances in LLMs with Focus on Reasoning, Adaptability, Efficiency and Ethics"
2506.13593,2026-02-17,Calibrated Predictive Lower Bounds on Time-to-Unsafe-Sampling in LLMs
2506.13082,2025-10-08,Discerning What Matters: A Multi-Dimensional Assessment of Moral Competence in LLMs
2506.13245,2025-06-17,A Game-Theoretic Negotiation Framework for Cross-Cultural Consensus in LLMs
2506.13270,2025-12-12,"Screen Reader Programmers in the Vibe Coding Era: Adaptation, Empowerment, and New Accessibility Landscape"
2506.13780,2025-06-18,Hidden Bias in the Machine: Stereotypes in Text-to-Image Models
2506.13639,2025-06-17,An Empirical Study of LLM-as-a-Judge: How Design Choices Impact Evaluation Reliability
2506.13510,2025-06-18,Safe-Child-LLM: A Developmental Benchmark for Evaluating LLM Safety in Child-LLM Interactions
2506.14161,2026-01-19,MIST: Towards Multi-dimensional Implicit BiaS Evaluation of LLMs for Theory of Mind
2506.14166,2025-06-18,Affective-CARA: A Knowledge Graph Driven Framework for Culturally Adaptive Emotional Intelligence in HCI
2506.14092,2025-08-19,Fragile Preferences: A Deep Dive Into Order Effects in Large Language Models
2506.14997,2025-06-19,Hypothesis Testing for Quantifying LLM-Human Misalignment in Multiple Choice Settings
2506.14903,2025-06-19,DETONATE: A Benchmark for Text-to-Image Alignment and Kernelized Direct Preference Optimization
2506.13735,2025-06-17,Bias Delayed is Bias Denied? Assessing the Effect of Reporting Delays on Disparity Assessments
2506.14799,2025-08-28,Analyzing Character Representation in Media Content using Multimodal Foundation Model: Effectiveness and Trust
2506.15339,2026-02-05,DeVisE: Behavioral Testing of Medical Large Language Models
2506.15568,2025-06-19,Gender Inclusivity Fairness Index (GIFI): A Multilevel Framework for Evaluating Gender Diversity in Large Language Models
2506.14948,2025-06-19,Structured Moral Reasoning in Language Models: A Value-Grounded Evaluation Framework
2506.13990,2025-06-18,Machine Mirages: Defining the Undefined
2506.14012,2025-06-18,Lost in the Mix: Evaluating LLM Understanding of Code-Switched Text
2506.14645,2025-06-18,Passing the Turing Test in Political Discourse: Fine-Tuning LLMs to Mimic Polarized Social Media Comments
2506.15168,2025-06-19,Algorithmic resolution of crowd-sourced moderation on X in polarized settings across countries
2506.15676,2025-06-19,Gender-Neutral Machine Translation Strategies in Practice
2506.15355,2025-10-29,SANSKRITI: A Comprehensive Benchmark for Evaluating Language Models' Knowledge of Indian Culture
2506.15239,2025-07-24,Lost in Variation? Evaluating NLI Performance in Basque and Spanish Geographical Variants
2506.16187,2025-06-23,JETHICS: Japanese Ethics Understanding Evaluation Dataset
2506.16190,2025-06-23,Web(er) of Hate: A Survey on How Hate Speech Is Typed
2506.15925,2025-06-23,Reranking-based Generation for Unbiased Perspective Summarization
2506.16322,2025-06-23,PL-Guard: Benchmarking Language Model Safety for Polish
2506.16558,2025-08-26,Automatic Speech Recognition Biases in Newcastle English: an Error Analysis
2506.16575,2025-06-23,Advancing Harmful Content Detection in Organizational Research: Integrating Large Language Models with Elo Rating System
2506.15866,2025-06-23,Understanding Online Polarization Through Human-Agent Interaction in a Synthetic LLM-Based Social Network
2506.15620,2025-06-19,GFLC: Graph-based Fairness-aware Label Correction for Fair Classification
2506.16476,2025-06-23,Towards Generalizable Generic Harmful Speech Datasets for Implicit Hate Speech Detection
2506.17163,2025-06-23,The MedPerturb Dataset: What Non-Content Perturbations Reveal About Human and Clinical LLM Decision Making
2506.16653,2025-06-23,LLMs in Coding and their Impact on the Commercial Software Engineering Landscape
2506.17111,2025-06-23,Are Bias Evaluation Methods Biased ?
2506.16052,2025-06-23,A Hybrid DeBERTa and Gated Broad Learning System for Cyberbullying Detection in English Text
2506.16066,2025-06-23,Cyberbullying Detection in Hinglish Text Using MURIL and Explainable AI
2506.16078,2025-06-23,Probing the Robustness of Large Language Models Safety to Latent Perturbations
2506.17372,2025-06-24,Multimodal Political Bias Identification and Neutralization
2506.17435,2025-11-05,Beyond the Link: Assessing LLMs' ability to Classify Political Content across Global Media
2506.17467,2025-06-24,Computational Approaches to Understanding Large Language Model Impact on Writing and Information Ecosystems
2506.17095,2025-07-29,Software Fairness Testing in Practice
2506.16679,2025-06-23,How to Train your Text-to-Image Model: Evaluating Design Choices for Synthetic Training Captions
2506.17370,2025-06-24,AI based Content Creation and Product Recommendation Applications in E-commerce: An Ethical overview
2506.17514,2025-06-24,Kaleidoscopic Teaming in Multi Agent Simulations
2506.17789,2025-06-25,Multilingual Tokenization through the Lens of Indian Languages: Challenges and Insights
2506.18116,2025-06-24,Mental Health Equity in LLMs: Leveraging Multi-Hop Question Answering to Detect Amplified and Silenced Perspectives
2506.18045,2025-06-24,The Democratic Paradox in Large Language Models' Underestimation of Press Freedom
2506.18199,2025-08-01,Prompt Engineering Techniques for Mitigating Cultural Bias Against Arabs and Muslims in Large Language Models: A Systematic Review
2506.18156,2025-12-12,AI Through the Human Lens: Investigating Cognitive Theories in Machine Psychology
2506.18732,2025-06-24,Towards Group Fairness with Multiple Sensitive Attributes in Federated Foundation Models
2506.18538,2025-06-24,A Question Bank to Assess AI Inclusivity: Mapping out the Journey from Diversity Errors to Inclusion Excellence
2506.18576,2025-06-24,A Modular Taxonomy for Hate Speech Definitions and Its Impact on Zero-Shot LLM Classification Performance
2506.18598,2025-06-24,No Training Wheels: Steering Vectors for Bias Correction at Inference Time
2506.18985,2025-07-30,GLIMPSE: Holistic Cross-Modal Explainability for Large Vision-Language Models
2506.19113,2026-01-27,Argument-Based Consistency in Toxicity Explanations of LLMs
2506.18428,2025-06-24,How Robust is Model Editing after Fine-Tuning? An Empirical Study on Text-to-Image Diffusion Models
2506.18691,2025-06-24,Evaluating Multichannel Speech Enhancement Algorithms at the Phoneme Scale Across Genders
2506.19028,2025-10-13,Quantifying Fairness in LLMs Beyond Tokens: A Semantic and Statistical Perspective
2506.18327,2025-06-24,Bias vs Bias -- Dawn of Justice: A Fair Fight in Recommendation Systems
2506.19603,2025-06-25,Social Hatred: Efficient Multimodal Detection of Hatemongers
2506.20020,2025-06-26,Persona-Assigned Large Language Models Exhibit Human-Like Motivated Reasoning
2506.20209,2026-01-13,Perspectives in Play: A Multi-Perspective Approach for More Inclusive NLP Systems
2506.20471,2025-06-26,Probing AI Safety with Source Code
2506.19082,2025-06-25,FairCauseSyn: Towards Causally Fair LLM-Augmented Synthetic Data Generation
2506.20251,2025-06-26,Q-resafe: Assessing Safety Risks and Quantization-aware Safety Patching for Quantized Large Language Models
2506.20822,2025-06-27,Uncovering Hidden Violent Tendencies in LLMs: A Demographic Analysis via Behavioral Vignettes
2506.19644,2025-06-25,Varif.ai to Vary and Verify User-Driven Diversity in Scalable Image Generation
2506.18768,2025-06-24,ASP2LJ : An Adversarial Self-Play Laywer Augmented Legal Judgment Framework
2506.20606,2025-11-19,Model Editing as a Double-Edged Sword: Steering Agent Ethical Behavior Toward Beneficence or Harm
2506.20949,2025-06-27,Beyond Reactive Safety: Risk-Aware LLM Alignment via Long-Horizon Simulation
2506.21574,2025-06-30,Digital Gatekeepers: Exploring Large Language Model's Role in Immigration Decisions
2506.21587,2025-09-16,A Cross-Cultural Comparison of LLM-based Public Opinion Simulation: Evaluating Chinese and U.S. Models on Diverse Societies
2506.21745,2025-06-30,(Fact) Check Your Bias
2506.21445,2025-09-08,Text2Cypher Across Languages: Evaluating and Finetuning LLMs
2506.21603,2025-10-20,Operationalizing Automated Essay Scoring: A Human-Aware Approach
2506.21613,2025-07-29,ChildGuard: A Specialized Dataset for Combatting Child-Targeted Hate Speech
2506.21620,2025-06-30,How Large Language Models play humans in online conversations: a simulated study of the 2016 US politics on Reddit
2506.21622,2025-06-30,Adapting Foundation Speech Recognition Models to Impaired Speech: A Semantic Re-chaining Approach for Personalization of German Speech
2506.21961,2025-06-30,PapersPlease: A Benchmark for Evaluating Motivational Values of Large Language Models Based on ERG Theory
2506.20695,2025-06-27,"Malicious earworms and useful memes, how the far-right surfs on TikTok audio trends"
2506.21898,2025-07-09,"Bias, Accuracy, and Trust: Gender-Diverse Perspectives on Large Language Models"
2506.21563,2025-06-30,FormosanBench: Benchmarking Low-Resource Austronesian Languages in the Era of Large Language Models
2506.22372,2025-06-30,Towards Fair Rankings: Leveraging LLMs for Gender Bias Detection and Measurement
2506.21881,2025-06-30,A Dual-Layered Evaluation of Geopolitical and Cultural Bias in LLMs
2506.22232,2025-06-30,Leveraging In-Context Learning for Political Bias Testing of LLMs
2506.22493,2025-11-13,A Detailed Factor Analysis for the Political Compass Test: Navigating Ideologies of Large Language Models
2506.22481,2025-11-19,"Theories of ""Sexuality"" in Natural Language Processing Bias Research"
2506.23101,2025-07-08,From Individuals to Interactions: Benchmarking Gender Bias in Multimodal Large Language Models from the Lens of Social Relationship
2506.23111,2025-07-01,FairI Tales: Evaluation of Fairness in Indian Contexts with a Focus on Bias and Stereotypes
2506.22968,2025-07-02,Against 'softmaxing' culture
2506.23298,2025-07-22,Exposing and Mitigating Calibration Biases and Demographic Unfairness in MLLM Few-Shot In-Context Learning for Medical Image Classification
2506.22808,2025-07-01,MedEthicsQA: A Comprehensive Question Answering Benchmark for Medical Ethics Evaluation of LLMs
2506.23055,2025-07-01,Measuring How LLMs Internalize Human Psychological Concepts: A preliminary analysis
2506.22316,2026-02-04,Evaluating Scoring Bias in LLM-as-a-Judge
2506.23411,2025-09-23,Datasets for Fairness in Language Models: An In-Depth Survey
2506.22789,2025-10-09,WavShape: Information-Theoretic Speech Representation Learning for Fair and Privacy-Aware Audio Processing
2506.23467,2025-11-04,AdFair-CLIP: Adversarial Fair Contrastive Language-Image Pre-training for Chest X-rays
2506.23377,2025-07-15,Perspective Dial: Measuring Perspective of Text and Guiding LLM Outputs
2506.22724,2025-10-22,The Translation Barrier Hypothesis: Multilingual Generation with Large Language Models Suffers from Implicit Translation Failure
2506.23774,2025-07-01,Leveraging a Multi-Agent LLM-Based System to Educate Teachers in Hate Incidents Management
2507.00216,2025-07-02,Towards Style Alignment in Cross-Cultural Translation
2507.00088,2025-07-02,How large language models judge and influence human cooperation
2506.23122,2025-07-01,Decoding Memes: Benchmarking Narrative Role Classification across Multilingual and Multimodal Models
2506.23123,2025-07-01,The Societal Impact of Foundation Models: Advancing Evidence-based AI Policy
2506.23930,2025-07-01,Leveraging the Potential of Prompt Engineering for Hate Speech Detection in Low-Resource Languages
2507.00239,2025-07-02,Linearly Decoding Refused Knowledge in Aligned Language Models
2507.00026,2025-07-02,ROSE: Toward Reality-Oriented Safety Evaluation of Large Language Models
2507.00439,2026-02-03,Improving the Distributional Alignment of LLMs using Supervision
2507.01019,2025-07-03,MALIBU Benchmark: Multi-Agent LLM Implicit Bias Uncovered
2507.00657,2025-07-02,"Generative Exaggeration in LLM Social Agents: Consistency, Bias, and Toxicity"
2507.00883,2025-11-03,Mathematics Isn't Culture-Free: Probing Cultural Gaps via Entity and Scenario Perturbations
2507.01418,2025-07-03,Penalizing Transparency? How AI Disclosure and Author Demographics Shape Human and AI Judgments About Writing
2507.00700,2025-07-02,Contrasting Cognitive Styles in Vision-Language Models: Holistic Attention in Japanese Versus Analytical Focus in English
2507.00985,2025-11-04,Discourse Heuristics For Paradoxically Moral Self-Correction
2507.00999,2025-07-02,La Leaderboard: A Large Language Model Leaderboard for Spanish Varieties and Languages of Spain and Latin America
2507.00814,2025-10-30,Many LLMs Are More Utilitarian Than One
2507.02000,2025-07-04,Why Multi-Interest Fairness Matters: Hypergraph Contrastive Multi-Interest Learning for Fair Conversational Recommender System
2507.01702,2025-07-03,AdamMeme: Adaptively Probe the Reasoning Capacity of Multimodal Large Language Models on Harmfulness
2507.01715,2025-07-03,Stereotype Detection as a Catalyst for Enhanced Bias Detection: A Multi-Task Learning Approach
2507.01719,2025-07-03,Towards culturally-appropriate conversational AI for health in the majority world: An exploratory study with citizens and professionals in Latin America
2507.01872,2025-07-03,DIY-MKG: An LLM-Based Polyglot Language Learning System
2507.01050,2025-07-08,"Text Detoxification: Data Efficiency, Semantic Preservation and Model Generalization"
2507.01063,2026-01-29,FAIR-MATCH: A Multi-Objective Framework for Bias Mitigation in Reciprocal Dating Recommendations
2507.01304,2025-07-04,A Practical SAFE-AI Framework for Small and Medium-Sized Enterprises Developing Medical Artificial Intelligence Ethics Policies
2507.02087,2025-07-29,Evaluating the Promise and Pitfalls of LLMs in Hiring Decisions
2507.02088,2025-08-08,McBE: A Multi-task Chinese Bias Evaluation Benchmark for Large Language Models
2507.02506,2025-07-04,IndianBailJudgments-1200: A Multi-Attribute Dataset for Legal NLP on Indian Bail Orders
2507.02533,2026-01-13,Meta-Fair: AI-Assisted Fairness Testing of Large Language Models
2507.02186,2025-10-22,EvalAssist: A Human-Centered Tool for LLM-as-a-Judge
2507.02152,2025-07-04,The Illusion of Fairness: Auditing Fairness Interventions with Audit Studies
2507.02679,2025-07-15,Exploring Gender Bias Beyond Occupational Titles
2507.00103,2025-07-02,"Gender and Discipline Shape Length, Content and Tone of Grant Peer Review Reports"
2507.02799,2025-07-04,Is Reasoning All You Need? Probing Bias in the Age of Reasoning Language Models
2507.02595,2025-07-04,MPF: Aligning and Debiasing Language Models post Deployment via Multi Perspective Fusion
2507.02919,2025-07-08,ChatGPT is not A Man but Das Man: Representativeness and Structural Consistency of Silicon Samples Generated by Large Language Models
2507.02428,2025-07-04,A Cookbook for Community-driven Data Collection of Impaired Speech in LowResource Languages
2507.01479,2025-07-03,Evaluating the Effectiveness of Direct Preference Optimization for Personalizing German Automatic Text Simplifications for Persons with Intellectual Disabilities
2507.03015,2025-07-11,Beyond Overcorrection: Evaluating Diversity in T2I Models with DivBench
2507.02966,2025-07-10,PBa-LLM: Privacy- and Bias-aware NLP using Named-Entity Recognition (NER)
2507.03142,2025-07-08,From Measurement to Mitigation: Exploring the Transferability of Debiasing Approaches to Gender Bias in Maltese Language Models
2507.03194,2025-12-02,Quantifying Cognitive Bias Induction in LLM-Generated Content
2507.02745,2025-07-04,"Who's Sorry Now: User Preferences Among Rote, Empathic, and Explanatory Apologies from LLM Chatbots"
2507.03165,2025-07-08,PiCME: Pipeline for Contrastive Modality Evaluation and Encoding in the MIMIC Dataset
2507.03772,2025-07-10,Skewed Score: A statistical framework to assess autograders
2507.04224,2025-11-24,Fairness Evaluation of Large Language Models in Academic Library Reference Services
2507.04294,2025-07-08,BiFair: A Fairness-aware Training Framework for LLM-enhanced Recommender Systems via Bi-level Optimization
2507.04350,2025-07-08,"HatePRISM: Policies, Platforms, and Research Integration. Advancing NLP for Hate Speech Proactive Mitigation"
2507.03933,2025-07-10,Losing our Tail -- Again: On (Un)Natural Selection And Multilingual Large Language Models
2507.04641,2025-07-08,Toward Valid Measurement Of (Un)fairness For Generative AI: A Proposal For Systematization Through The Lens Of Fair Equality of Chances
2507.03556,2025-07-17,A Multistakeholder Approach to Value-Driven Co-Design of Recommender System Evaluation Metrics in Digital Archives
2507.05271,2025-07-09,An Adaptive Supervised Contrastive Learning Framework for Implicit Sexism Detection in Digital Social Networks
2507.05301,2025-07-09,News Source Citing Patterns in AI Search Systems
2507.04014,2025-07-08,Nunchi-Bench: Benchmarking Language Models on Cultural Reasoning with a Focus on Korean Superstition
2507.05455,2025-07-10,ModelCitizens: Representing Community Voices in Online Safety
2507.05823,2026-01-05,Fair Domain Generalization: An Information-Theoretic View
2507.05885,2025-07-09,How to Evaluate Automatic Speech Recognition: Comparing Different Performance and Bias Measures
2507.05686,2025-07-09,Smoothie-Qwen: Post-Hoc Smoothing to Reduce Language Bias in Multilingual LLMs
2507.06018,2025-07-09,Campaigning through the lens of Google: A large-scale algorithm audit of Google searches in the run-up to the Swiss Federal Elections 2023
2507.05418,2025-09-29,"Learn Globally, Speak Locally: Bridging the Gaps in Multilingual Reasoning"
2507.05980,2026-02-03,Lost in Localization: Building RabakBench with Human-in-the-Loop Validation to Measure Multilingual Safety Gaps
2507.05810,2025-07-09,Concept-Based Mechanistic Interpretability Using Structured Knowledge Graphs
2507.05816,2025-07-09,Affective-ROPTester: Capability and Bias Analysis of LLMs in Predicting Retinopathy of Prematurity
2507.06137,2025-07-09,NeoBabel: A Multilingual Open Tower for Visual Generation
2507.06141,2025-07-09,Large Language Models Predict Human Well-being -- But Not Equally Everywhere
2507.07274,2025-07-11,LinguaMark: Do Multimodal Models Speak Fairly? A Benchmark-Based Evaluation
2507.06210,2025-07-17,CultureCLIP: Empowering CLIP with Cultural Awareness through Synthetic Images and Contextualized Captions
2507.07216,2025-07-15,Bias-Aware Mislabeling Detection via Decoupled Confident Learning
2507.07229,2025-11-04,SynthTextEval: Synthetic Text Data Generation and Evaluation for High-Stakes Domains
2507.06974,2025-07-10,FRaN-X: FRaming and Narratives-eXplorer
2507.07186,2025-07-15,"Planted in Pretraining, Swayed by Finetuning: A Case Study on the Origins of Cognitive Biases in LLMs"
2507.07188,2025-10-17,Prompt Perturbations Reveal Human-Like Biases in Large Language Model Survey Responses
2507.07484,2025-07-11,Machine Bullshit: Characterizing the Emergent Disregard for Truth in Large Language Models
2507.07539,2025-07-11,CEA-LIST at CheckThat! 2025: Evaluating LLMs as Detectors of Bias and Opinion in Text
2507.07543,2025-10-28,The Cross-Lingual Cost: Retrieval Biases in RAG over Arabic-English Corpora
2507.06893,2025-07-10,Developing and Maintaining an Open-Source Repository of AI Evaluations: Challenges and Insights
2507.06908,2025-07-10,MIND: A Multi-agent Framework for Zero-shot Harmful Meme Detection
2507.07799,2025-07-11,SecureSpeech: Prompt-based Speaker and Content Protection
2507.08169,2025-07-14,Analysis of Propaganda in Tweets From Politically Biased Sources
2507.08027,2025-07-14,"""Amazing, They All Lean Left"" -- Analyzing the Political Temperaments of Current LLMs"
2507.08029,2025-07-14,Better Together: Quantifying the Benefits of AI-Assisted Recruitment
2507.08538,2025-07-14,The AI Language Proficiency Monitor -- Tracking the Progress of LLMs on Multilingual Benchmarks
2507.08768,2025-07-14,On Barriers to Archival Audio Processing
2507.09233,2025-07-23,Secondary Bounded Rationality: A Theory of How Algorithms Reproduce Structural Inequality in AI Hiring
2507.07735,2025-07-11,GuardVal: Dynamic Large Language Model Jailbreak Evaluation for Comprehensive Safety Testing
2507.07748,2025-07-11,"When Large Language Models Meet Law: Dual-Lens Taxonomy, Technical Advances, and Ethical Governance"
2507.09424,2025-10-28,DATE-LM: Benchmarking Data Attribution Evaluation for Large Language Models
2507.08270,2025-07-14,Agent Safety Alignment via Reinforcement Learning
2507.08969,2025-07-15,Application of CARE-SD text classifier tools to assess distribution of stigmatizing and doubt-marking language features in EHR
2507.08979,2025-07-15,PRISM: Reducing Spurious Implicit Biases in Vision-Language Models with LLM-Guided Embedding Projection
2507.08983,2025-07-15,Exploiting Leaderboards for Large-Scale Distribution of Malicious Models
2507.09060,2025-07-16,CALMA: A Process for Deriving Context-aligned Axes for Language Model Alignment
2507.09037,2025-07-15,"ALIGN: Prompt-based Attribute Alignment for Reliable, Responsible, and Personalized LLM-based Decision-Making"
2507.09701,2025-07-15,MCEval: A Dynamic Framework for Fair Multilingual Cultural Evaluation of LLMs
2507.10073,2025-08-01,Cultural Bias in Large Language Models: Evaluating AI Agents through Moral Questionnaires
2507.09973,2025-07-15,Tiny Reward Models
2507.09650,2025-10-28,Cultivating Pluralism In Algorithmic Monoculture: The Community Alignment Dataset
2507.10124,2025-07-15,Could you be wrong: Debiasing LLMs using a metacognitive prompt for improving human decision making
2507.08866,2025-07-15,"Underrepresentation, Label Bias, and Proxies: Towards Data Bias Profiles for the EU AI Act and Beyond"
2507.10599,2025-07-16,Emergence of Hierarchical Emotion Organization in Large Language Models
2507.08898,2025-07-18,SEALGuard: Safeguarding the Multilingual Conversations in Southeast Asian Languages for LLM Software Systems
2507.10852,2025-08-05,LLMs on Trial: Evaluating Judicial Fairness for Large Language Models
2507.10996,2025-07-16,Mario at EXIST 2025: A Simple Gateway to Effective Multilingual Sexism Detection
2507.10216,2025-12-23,From Words to Proverbs: Evaluating LLMs Linguistic and Cultural Competence in Saudi Dialects with Absher
2507.11049,2025-09-23,Journalism-Guided Agentic In-Context Learning for News Stance Detection
2507.10468,2025-07-15,From BERT to Qwen: Hate Detection across architectures
2507.11344,2025-07-16,Guiding LLM Decision-Making with Fairness Reward Models
2507.10933,2025-07-16,Artificial Finance: How AI Thinks About Money
2507.11292,2025-07-16,"Fine-Grained Chinese Hate Speech Understanding: Span-Level Resources, Coded Term Lexicon, and Enhanced Detection Frameworks"
2507.11216,2025-07-16,EsBBQ and CaBBQ: The Spanish and Catalan Bias Benchmarks for Question Answering
2507.11502,2025-07-16,HKGAI-V1: Towards Regional Sovereign Large Language Model for Hong Kong
2507.11548,2025-07-18,Fairness Is Not Enough: Auditing Competence and Intersectional Bias in AI-powered Resume Screening
2507.12212,2025-07-17,Draw an Ugly Person An Exploration of Generative AIs Perceptions of Ugliness
2507.11966,2025-07-17,Toxicity-Aware Few-Shot Prompting for Low-Resource Singlish Translation
2507.11968,2025-07-17,"Watch, Listen, Understand, Mislead: Tri-modal Adversarial Attacks on Short Videos for Content Appropriateness Evaluation"
2507.12580,2025-07-18,"""How to Explore Biases in Speech Emotion AI with Users?"" A Speech-Emotion-Acting Study Exploring Age and Language Biases"
2507.11582,2025-10-21,Subjective Evaluation Profile Analysis of Science Fiction Short Stories and its Critical-Theoretical Significance
2507.12283,2025-07-17,FADE: Adversarial Concept Erasure in Flow Models
2507.13138,2025-07-29,Assessing the Reliability of LLMs Annotations in the Context of Demographic Bias and Model Explanation
2507.13325,2025-07-18,Social and Political Framing in Search Engine Results
2507.13275,2025-07-18,Overview of the TalentCLEF 2025: Skill and Job Title Intelligence for Human Capital Management
2507.12341,2025-08-19,Nonlinear Concept Erasure: a Density Matching Approach
2507.12372,2025-07-17,Web-Browsing LLMs Can Access Social Media Profiles and Infer User Demographics
2507.12838,2025-10-02,Are Knowledge and Reference in Multilingual Language Models Cross-Lingually Consistent?
2507.13383,2025-07-21,Whose View of Safety? A Deep DIVE Dataset for Pluralistic Alignment of Text-to-Image Models
2507.13390,2025-07-21,PARAM-1 BharatGen 2.9B Model
2507.13490,2025-07-21,Revisiting LLM Value Probing Strategies: Are They Robust and Expressive?
2507.13743,2025-07-21,PRIDE -- Parameter-Efficient Reduction of Identity Discrimination for Equality in LLMs
2507.13820,2025-07-21,Team of One: Cracking Complex Video QA with Model Synergy
2507.14615,2025-07-22,Retrieval-Augmented Clinical Benchmarking for Contextual Model Testing in Kenyan Primary Care: A Methodology Paper
2507.14221,2025-07-22,Identifying Algorithmic and Domain-Specific Bias in Parliamentary Debate Summarisation
2507.14238,2025-07-22,Language Models Change Facts Based on the Way You Talk
2507.14242,2025-07-22,Culling Misinformation from Gen AI: Toward Ethical Curation and Refinement
2507.14688,2025-10-01,Mind the Gap: A Review of Arabic Post-Training Datasets and Their Limitations
2507.14824,2025-07-22,Benchmarking Foundation Models with Multimodal Public Electronic Health Records
2507.13575,2025-08-28,Apple Intelligence Foundation Language Models: Tech Report 2025
2507.14922,2025-07-22,SYNTHIA: Synthetic Yet Naturally Tailored Human-Inspired PersonAs
2507.14719,2025-07-22,Automated Safety Evaluations Across 20 Large Language Models: The Aymara LLM Risk and Responsibility Matrix
2507.15015,2026-01-21,EduThink4AI: Bridging Educational Critical Thinking and Multi-Agent LLM Systems
2507.14769,2025-07-22,Task Mode: Dynamic Filtering for Task-Specific Web Navigation using LLMs
2507.14770,2025-07-22,Toward Inclusive AI-Driven Development: Exploring Gender Differences in Code Generation Tool Interactions
2507.15328,2025-07-22,On the Inevitability of Left-Leaning Political Bias in Aligned Language Models
2507.15771,2025-12-10,Left Leaning Models: How AI Evaluates Economic Policy?
2507.15663,2025-12-08,SustainDiffusion: Optimising the Social and Environmental Sustainability of Stable Diffusion Models
2507.16076,2025-10-06,The Prompt Makes the Person(a): A Systematic Evaluation of Sociodemographic Persona Prompting for Large Language Models
2507.15901,2025-07-23,Advancing Responsible Innovation in Agentic AI: A study of Ethical Frameworks for Household Automation
2507.16130,2025-07-23,Disability Across Cultures: A Human-Centered Audit of Ableism in Western and Indic LLMs
2507.15585,2025-07-22,Unequal Voices: How LLMs Construct Constrained Queer Narratives
2507.16557,2025-07-23,Exploring Gender Bias in Large Language Models: An In-depth Dive into the German Language
2507.16410,2025-07-23,GG-BBQ: German Gender Bias Benchmark for Question Answering
2507.16442,2025-07-23,Dutch CrowS-Pairs: Adapting a Challenge Dataset for Measuring Social Biases in Language Models for Dutch
2507.15286,2025-07-22,Beyond Easy Wins: A Text Hardness-Aware Benchmark for LLM-generated Text Detection
2507.16183,2025-07-23,BIDWESH: A Bangla Regional Based Hate Speech Detection Dataset
2507.16322,2025-07-23,Mind the Gap: Evaluating the Representativeness of Quantitative Medical Language Reasoning LLM Benchmarks for African Disease Burdens
2507.15112,2026-01-15,Distributional Machine Unlearning via Selective Data Removal
2507.15142,2025-07-22,A Case Against Implicit Standards: Homophone Normalization in Machine Translation for Languages that use the Ge'ez Script
2507.16708,2025-07-23,Biases in LLM-Generated Musical Taste Profiles for Recommendation
2507.16989,2025-07-24,Obscured but Not Erased: Evaluating Nationality Bias in LLMs via Name-Based Bias Benchmarks
2507.16679,2026-02-02,PICACO: Pluralistic In-Context Value Alignment of LLMs via Total Correlation Optimization
2507.17216,2025-07-24,The Pluralistic Moral Gap: Understanding Judgment and Value Differences between Humans and Large Language Models
2507.17578,2025-11-10,Synthetic Voice Data for Automatic Speech Recognition in African Languages
2507.17472,2025-07-24,BGM-HAN: A Hierarchical Attention Network for Accurate and Fair Decision Assessment on Semi-Structured Profiles
2507.17477,2025-07-24,An Uncertainty-Driven Adaptive Self-Alignment Framework for Large Language Models
2507.16013,2025-07-23,"AI, Expert or Peer? -- Examining the Impact of Perceived Feedback Source on Pre-Service Teachers Feedback Perception and Uptake"
2507.18338,2025-10-22,Uncertainty Quantification for Evaluating Machine Translation Bias
2507.18143,2025-07-28,HIVMedQA: Benchmarking large language models for HIV medical decision support
2507.17922,2025-07-25,From Seed to Harvest: Augmenting Human Creativity with AI for Red-teaming Text-to-Image Models
2507.18580,2025-07-25,System Report for CCL25-Eval Task 10: SRAG-MAV for Fine-Grained Chinese Hate Speech Recognition
2507.19195,2025-10-10,Can Small-Scale Data Poisoning Exacerbate Dialect-Linked Biases in Large Language Models?
2507.18918,2025-07-28,Uncovering Cross-Linguistic Disparities in LLMs using Sparse Autoencoders
2507.19551,2025-12-03,Rainbow Noise: Stress-Testing Multimodal Harmful-Meme Detectors on LGBTQ Content
2507.19500,2025-07-29,Gaze-Aware AI: Mathematical modeling of epistemic experience of the Marginalized for Human-Computer Interaction & AI Systems
2507.19362,2025-12-02,LOTUS: A Leaderboard for Detailed Image Captioning from Quality to Societal Bias and User Preferences
2507.19156,2025-07-28,An Empirical Investigation of Gender Stereotype Representation in Large Language Models: The Italian Case
2507.19699,2025-07-29,Towards Inclusive NLP: Assessing Compressed Multilingual Transformers across Diverse Language Benchmarks
2507.19962,2025-07-29,KLAAD: Refining Attention Mechanisms to Reduce Societal Bias in Generative Language Models
2507.18561,2025-07-25,Beyond Internal Data: Constructing Complete Datasets for Fairness Testing
2507.20264,2025-11-11,EMBRACE: Shaping Inclusive Opinion Representation by Aligning Implicit Conversations with Social Norms
2507.19743,2026-01-29,Defining ethically sourced code generation
2507.20066,2025-07-29,Studying Disinformation Narratives on Social Media with LLMs and Semantic Similarity
2507.19885,2025-07-29,Zero-shot Performance of Generative AI in Brazilian Portuguese Medical Exam
2507.19877,2025-07-29,AI-Driven Media & Synthetic Knowledge: Rethinking Society in Generative Futures
2507.20503,2025-07-29,Customize Multi-modal RAI Guardrails with Precedent-based predictions
2507.20528,2025-07-29,Dialogues of Dissent: Thematic and Rhetorical Dimensions of Hate and Counter-Hate Speech in Social Media Conversations
2507.20358,2025-07-29,Beyond Binary Moderation: Identifying Fine-Grained Sexist and Misogynistic Behavior on GitHub with Large Language Models
2507.20858,2025-12-16,"A survey of diversity quantification in natural language processing: The why, what, where and how"
2507.21077,2025-07-30,Data-Driven and Participatory Approaches toward Neuro-Inclusive AI
2507.20936,2025-09-23,Dissecting Persona-Driven Reasoning in Language Models via Activation Patching
2507.20924,2025-07-29,FHSTP@EXIST 2025 Benchmark: Sexism Detection with Transparent Speech Concept Bottleneck Models
2507.20973,2025-11-24,Model-Agnostic Gender Bias Control for Text-to-Image Generation via Sparse Autoencoder
2507.21141,2025-07-30,The Geometry of Harmfulness in LLMs through Subconcept Probing
2507.21568,2025-08-01,Multi-Hypothesis Distillation of Multilingual Neural Translation Models for Low-Resource Languages
2507.21176,2025-12-23,Toward Revealing Nuanced Biases in Medical LLMs
2507.21242,2025-07-30,Bangla BERT for Hyperpartisan News Detection: A Semi-Supervised and Explainable AI Approach
2507.21782,2025-07-30,The Problem with Safety Classification is not just the Models
2507.20409,2025-07-29,Cognitive Chain-of-Thought: Structured Multimodal Reasoning about Social Situations
2507.21319,2025-07-30,Do Large Language Models Understand Morality Across Cultures?
2507.21083,2025-07-30,ChatGPT Reads Your Tone and Responds Accordingly -- Until It Does Not -- Emotional Framing Induces Bias in LLM Outputs
2507.21091,2025-07-30,The Value of Gen-AI Conversations: A bottom-up Framework for AI Value Alignment
2507.21467,2025-07-30,Efficient Data Retrieval and Comparative Bias Analysis of Recommendation Algorithms for YouTube Shorts and Long-Form Videos
2507.22100,2025-07-31,Trade-offs in Image Generation: How Do Different Dimensions Interact?
2507.22445,2025-07-31,AI-generated stories favour stability over change: homogeneity and cultural stereotyping in narratives generated by gpt-4o-mini
2507.21583,2025-07-30,Ethical Classification of Non-Coding Contributions in Open-Source Projects via Large Language Models
2507.22047,2025-07-30,The Interspeech 2025 Speech Accessibility Project Challenge
2507.22359,2026-01-08,League of LLMs: A Benchmark-Free Paradigm for Mutual Evaluation of Large Language Models
2507.22271,2025-07-31,"Global Patterns of Knowledge: Language, Genre, and the Geography of Knowledge"
2507.22168,2025-09-29,Persona-Augmented Benchmarking: Evaluating LLMs Across Diverse Writing Styles
2507.21929,2025-07-30,Libra: Large Chinese-based Safeguard for AI Content
2507.22758,2025-07-31,MASCA: LLM based-Multi Agents System for Credit Assessment
2507.23067,2025-09-09,FairReason: Balancing Reasoning and Social Bias in MLLMs
2507.22905,2025-08-01,Exploring LLM-generated Culture-specific Affective Human-Robot Tactile Interaction
2507.23319,2025-08-01,What's Taboo for You? - An Empirical Evaluation of LLMs Behavior Toward Sensitive Content
2507.23247,2025-11-10,P-ReMIS: Pragmatic Reasoning in Mental Health and a Social Implication
2507.22964,2025-08-01,Exploring Dynamic Parameters for Vietnamese Gender-Independent ASR
2508.00081,2025-08-04,Rethinking Evidence Hierarchies in Medical Language Benchmarks: A Critical Evaluation of HealthBench
2507.22564,2025-11-18,Exploiting Synergistic Cognitive Biases to Bypass Safety in LLMs
2507.22617,2025-07-31,Hate in Plain Sight: On the Risks of Moderating AI-Generated Hateful Illusions
2507.22623,2025-11-03,Multilingual Political Views of Large Language Models: Identification and Steering
2508.00032,2025-11-05,Strategic Communication and Language Bias in Multi-Agent LLM Coordination
2507.23661,2025-08-01,Arabic Hate Speech Identification and Masking in Social Media using Deep Learning Models and Pre-trained Models Fine-tuning
2508.00788,2025-08-04,Do They Understand Them? An Updated Evaluation on Nonbinary Pronoun Handling in Large Language Models
2508.00445,2025-08-04,AutoDebias: Automated Framework for Debiasing Text-to-Image Models
2508.00908,2025-08-05,Mapping Stakeholder Needs to Multi-Sided Fairness in Candidate Recommendation for Algorithmic Hiring
2508.00673,2025-08-04,MELAC: Massive Evaluation of Large Language Models with Alignment of Culture in Persian Language
2508.01091,2025-08-05,Disaggregated Health Data in LLMs: Evaluating Data Equity in the Context of Asian American Representation
2508.00923,2025-08-05,"Beyond Benchmarks: Dynamic, Automatic And Systematic Red-Teaming Agents For Trustworthy Medical Language Models"
2507.23577,2025-09-24,T-Detect: Tail-Aware Statistical Normalization for Robust Detection of Adversarial Machine-Generated Text
2508.00760,2025-08-04,MMBERT: Scaled Mixture-of-Experts Multimodal BERT for Robust Chinese Hate Speech Detection under Cloaking Perturbations
2508.01486,2026-01-09,TeSent: A Benchmark Dataset for Fairness-aware Explainable Sentiment Classification in Telugu
2508.01491,2026-01-07,The Homogenizing Effect of Large Language Models on Human Expression and Thought
2508.00138,2025-10-28,"Co-Producing AI: Toward an Augmented, Participatory Lifecycle"
2508.00140,2025-08-04,"Your Model Is Unfair, Are You Even Aware? Inverse Relationship Between Comprehension and Trust in Explainability Visualizations of Biased ML Models"
2508.00143,2025-08-04,Beyond Agreement: Rethinking Ground Truth in Educational AI Annotation
2508.01412,2026-01-21,Bias Association Discovery Framework for Open-Ended LLM Generations
2508.01608,2025-08-05,From Pixels to Places: A Systematic Benchmark for Evaluating Image Geolocalization Ability in Large Language Models
2508.01696,2025-10-10,CoCoA: Collaborative Chain-of-Agents for Parametric-Retrieved Knowledge Synergy
2508.01697,2025-08-05,"Register Anything: Estimating ""Corresponding Prompts"" for Segment Anything Model"
2508.01698,2025-08-05,Versatile Transition Generation with Image-to-Video Diffusion
2508.01699,2025-08-05,TimeExpert: An Expert-Guided Video LLM for Video Temporal Grounding
2508.01700,2025-12-16,DeepVIS: Bridging Natural Language and Data Visualization Through Step-wise Reasoning
2508.01701,2025-08-05,MHARFedLLM: Multimodal Human Activity Recognition Using Federated Large Language Model
2508.01702,2025-10-07,Plotkin-like Bound and Explicit Function-Correcting Code Constructions for Lee Metric Channels
2508.01704,2025-08-05,LT-Gaussian: Long-Term Map Update Using 3D Gaussian Splatting for Autonomous Driving
2508.01707,2025-08-05,A Novel Methodology of Visualizing Orthorhombic Phase Uniformity in Ferroelectric Hf0.5Zr0.5O2 Devices Using Piezoresponse Force Microscopy
2508.01708,2025-08-05,Am I Blue or Is My Hobby Counting Teardrops? Expression Leakage in Large Language Models as a Symptom of Irrelevancy Disruption
2508.01710,2025-11-11,CultureGuard: Towards Culturally-Aware Dataset and Guard Model for Multilingual Safety Applications
2508.01711,2025-11-19,GAIS: Frame-Level Gated Audio-Visual Integration with Semantic Variance-Scaled Perturbation for Text-Video Retrieval
2508.01712,2025-08-18,HateClipSeg: A Segment-Level Annotated Dataset for Fine-Grained Hate Video Detection
2508.01713,2025-08-12,Dynamic Robot-Assisted Surgery with Hierarchical Class-Incremental Semantic Segmentation
2508.01714,2025-08-05,A Provably Secure Network Protocol for Private Communication with Analysis and Tracing Resistance
2508.01715,2025-08-05,Towards Zero-Shot Terrain Traversability Estimation: Challenges and Opportunities
2508.01716,2025-10-17,Orbital angular momentum of entangled photons as a probe for relativistic effects
2508.01718,2025-08-05,Neural Policy Iteration for Stochastic Optimal Control: A Physics-Informed Approach
2508.01720,2025-11-18,Physics-informed approach for exploratory Hamilton--Jacobi--Bellman equations via policy iterations
2508.01723,2025-08-05,OpenMap: Instruction Grounding via Open-Vocabulary Visual-Language Mapping
2508.01724,2026-01-21,ReflecSched: Solving Dynamic Flexible Job-Shop Scheduling via LLM-Powered Hierarchical Reflection
2508.01725,2026-02-04,Imbalance-Robust and Sampling-Efficient Continuous Conditional GANs via Adaptive Vicinity and Auxiliary Regularization
2508.01727,2025-11-17,OccamVTS: Distilling Vision Models to 1% Parameters for Time Series Forecasting
2508.01728,2025-08-05,Granular Concept Circuits: Toward a Fine-Grained Circuit Discovery for Concept Representations
2508.01730,2025-12-01,Tracking the Unstable: Appearance-Guided Motion Modeling for Robust Multi-Object Tracking in UAV-Captured Videos
2508.01691,2025-08-05,Voxlect: A Speech Foundation Model Benchmark for Modeling Dialects and Regional Languages Around the Globe
2508.02094,2025-08-05,"""Harmless to You, Hurtful to Me!"": Investigating the Detection of Toxic Languages Grounded in the Perspective of Youth"
2508.02241,2025-11-12,Isolating Culture Neurons in Multilingual Large Language Models
2508.01545,2025-08-08,Getting out of the Big-Muddy: Escalation of Commitment in LLMs
2508.02360,2025-11-18,Understanding and Mitigating Political Stance Cross-topic Generalization in Large Language Models
2508.02063,2025-08-05,TRACEALIGN -- Tracing the Drift: Attributing Alignment Failures to Training-Time Belief Sources in LLMs
2508.02079,2025-08-05,AlignGuard-LoRA: Alignment-Preserving Fine-Tuning via Fisher-Guided Decomposition and Riemannian-Geodesic Collision Regularization
2508.02740,2025-08-06,Who Gets Cited? Gender- and Majority-Bias in LLM-Driven Reference Selection
2508.02540,2025-08-05,"What's in the News? Towards Identification of Bias by Commission, Omission, and Source Selection (COSS)"
2508.02853,2025-11-06,Modeling Annotator Disagreement with Demographic-Aware Experts and Synthetic Perspectives
2508.03079,2025-12-03,Bias Beyond Demographics: Probing Decision Boundaries in Black-Box LVLMs via Counterfactual VQA
2508.02295,2025-08-05,Reference-free Adversarial Sex Obfuscation in Speech
2508.02937,2025-08-06,Documenting Patterns of Exoticism of Marginalized Populations within Text-to-Image Generators
2508.03199,2026-02-03,Beyond Content: How Grammatical Gender Shapes Visual Representation in Text-to-Image Models
2508.03247,2025-08-06,"Somatic in the East, Psychological in the West?: Investigating Clinically-Grounded Cross-Cultural Depression Symptom Expression in LLMs"
2508.02765,2025-08-06,The Architecture of Trust: A Framework for AI-Augmented Real Estate Valuation in the Era of Structured Data
2508.03292,2025-08-06,Investigating Gender Bias in LLM-Generated Stories via Psychological Stereotypes
2508.03037,2026-02-19,When Algorithms Meet Artists: Semantic Compression of Artists' Concerns in the Public AI-Art Debate
2508.02994,2025-08-06,When AIs Judge AIs: The Rise of Agent-as-a-Judge Evaluation for LLMs
2508.03712,2025-08-07,How Deep Is Representational Bias in LLMs? The Cases of Caste and Religion
2508.03483,2025-08-12,When Cars Have Stereotypes: Auditing Demographic Bias in Objects from Text-to-Image Models
2508.03677,2025-08-06,FairLangProc: A Python package for fairness in NLP
2508.03385,2025-08-06,Can We Fix Social Media? Testing Prosocial Interventions using Generative Social Simulation
2508.01926,2025-08-05,Understanding Student Attitudes and Acceptability of GenAI Tools in Higher Ed: Scale Development and Evaluation
2508.03970,2025-08-07,"Data and AI governance: Promoting equity, ethics, and fairness in large language models"
2508.03732,2025-08-07,What is Beneath Misogyny: Misogynous Memes Classification and Explanation
2508.04166,2025-08-07,ToxicTAGS: Decoding Toxic Memes with Rich Tag Annotations
2508.04080,2025-08-07,GeoSR: Cognitive-Agentic Framework for Probing Geospatial Knowledge Boundaries via Iterative Self-Refinement
2508.04281,2026-01-12,Prompt Injection Vulnerability of Consensus Generating Applications in Digital Democracy
2508.04504,2025-08-07,Moving beyond harm. A critical review of how NLP research approaches discrimination
2508.04638,2025-08-07,Can NLP Tackle Hate Speech in the Real World? Stakeholder-Informed Feedback and Survey on Counterspeech
2508.04796,2025-08-25,Parity-Aware Byte-Pair Encoding: Improving Cross-lingual Fairness in Tokenization
2508.04939,2025-08-08,"I Think, Therefore I Am Under-Qualified? A Benchmark for Evaluating Linguistic Shibboleth Detection in LLM Hiring Evaluations"
2508.05102,2025-08-18,Fairness in Dysarthric Speech Synthesis: Understanding Intrinsic Bias in Dysarthric Speech Cloning using F5-TTS
2508.04206,2025-08-07,ViLLA-MMBench: A Unified Benchmark Suite for LLM-Augmented Multimodal Movie Recommendation
2508.05132,2025-08-08,Towards Assessing Medical Ethics from Knowledge to Practice
2508.05429,2025-08-11,MyCulture: Exploring Malaysia's Diverse Culture under Low-Resource Language Constraints
2508.05525,2025-08-08,The World According to LLMs: How Geographic Origin Influences LLMs' Entity Deduction Capabilities
2508.05553,2026-01-22,Do Political Opinions Transfer Between Western Languages? An Analysis of Unaligned and Aligned Multilingual LLMs
2508.05670,2026-02-19,Can LLMs effectively provide game-theoretic-based scenarios for cybersecurity?
2508.05680,2025-08-11,Are All Genders Equal in the Eyes of Algorithms? -- Analysing Search and Retrieval Algorithms for Algorithmic Gender Fairness
2508.05432,2025-08-08,Whose Truth? Pluralistic Geo-Alignment for (Agentic) AI
2508.05775,2025-08-14,Guardians and Offenders: A Survey on Harmful Content Generation and Safety Mitigation of LLM
2508.04900,2025-08-08,Revealing Temporal Label Noise in Multimodal Hateful Video Classification
2508.04913,2025-08-08,Advancing Hate Speech Detection with Transformers: Insights from the MetaHate
2508.06142,2026-01-06,SDEval: Safety Dynamic Evaluation for Multimodal Large Language Models
2508.06155,2025-08-11,Semantic and Structural Analysis of Implicit Biases in Large Language Models: An Interpretable Approach
2508.06649,2025-08-20,Measuring Stereotype and Deviation Biases in Large Language Models
2508.06671,2025-08-13,Do Biased Models Have Biased Thoughts?
2508.06709,2025-08-12,Play Favorites: A Statistical Method to Measure Self-Bias in LLM-as-a-Judge
2508.06194,2025-11-18,SceneJailEval: A Scenario-Adaptive Multi-Dimensional Framework for Jailbreak Evaluation
2508.06204,2025-08-11,Classification is a RAG problem: A case study on hate speech detection
2508.06435,2025-12-30,"Learning the Topic, Not the Language: How LLMs Classify Online Immigration Discourse Across Languages"
2508.06443,2025-08-11,The Fair Game: Auditing & Debiasing AI Algorithms Over Time
2508.07063,2026-01-13,Towards Safer AI Moderation: Evaluating LLM Moderators Through a Unified Benchmark Dataset and Advocating a Human-First Approach
2508.07132,2025-10-30,"""Draw me a curator"" Examining the visual stereotyping of a cultural services profession by generative AI"
2508.07143,2025-08-14,Fairness of Automatic Speech Recognition: Looking Through a Philosophical Lens
2508.06570,2025-08-18,ImpliHateVid: A Benchmark Dataset and Two-stage Contrastive Learning Framework for Implicit Hate Speech Detection in Videos
2508.05557,2025-09-09,MV-Debate: Multi-view Agent Debate with Dynamic Reflection Gating for Multimodal Harmful Content Detection in Social Media
2508.07284,2025-08-12,"""Pull or Not to Pull?'': Investigating Moral Biases in Leading Large Language Models Across Ethical Dilemmas"
2508.07090,2025-08-12,BharatBBQ: A Multilingual Bias Benchmark for Question Answering in the Indian Context
2508.07111,2025-08-12,Investigating Intersectional Bias in Large Language Models using Confidence Disparities in Coreference Resolution
2508.07414,2025-08-13,Grounding Multilingual Multimodal LLMs With Cultural Knowledge
2508.07432,2025-08-12,Freeze and Reveal: Exposing Modality Bias in Vision-Language Models
2508.06885,2025-08-12,Conformal Prediction and Trustworthy AI
2508.07592,2025-08-22,IBPS: Indian Bail Prediction System
2508.07753,2025-08-12,Exploring Causal Effect of Social Bias on Faithfulness Hallucinations in Large Language Models
2508.07516,2025-08-12,Augmenting Bias Detection in LLMs Using Topological Data Analysis
2508.07805,2025-08-12,Can You Trick the Grader? Adversarial Persuasion of LLM Judges
2508.07944,2025-08-12,SCDF: A Speaker Characteristics DeepFake Speech Dataset for Bias Analysis
2508.07658,2025-08-12,Through Their Eyes: User Perceptions on Sensitive Attribute Inference of Social Media Videos by Visual Language Models
2508.07872,2025-08-12,Unequal Uncertainty: Rethinking Algorithmic Interventions for Mitigating Discrimination from AI
2508.07902,2026-01-21,Tailored Emotional LLM-Supporter: Enhancing Cultural Sensitivity
2508.08193,2025-09-05,Street-Level AI: Are Large Language Models Ready for Real-World Judgments?
2508.08262,2025-08-13,Argument Quality Annotation and Gender Bias Detection in Financial Communication through Large Language Models
2508.08509,2025-08-13,Steerable Pluralism: Pluralistic Alignment via Few-Shot Comparative Regression
2508.08287,2025-08-13,Sacred or Synthetic? Evaluating LLM Reliability and Abstention for Religious Questions
2508.08846,2025-09-23,Steering Towards Fairness: Mitigating Political Bias in LLMs
2508.08855,2026-02-03,BiasGym: A Simple and Generalizable Framework for Analyzing and Removing Biases through Elicitation
2508.08879,2026-01-19,Entangled in Representations: Mechanistic Investigation of Cultural Biases in Large Language Models
2508.08837,2025-08-18,The Roots of International Perceptions: Simulating US Attitude Changes Towards China with LLM Agents
2508.08684,2025-10-02,"Out of the Box, into the Clinic? Evaluating State-of-the-Art ASR for Clinical Applications for Older Adults"
2508.09450,2025-08-14,From Charts to Fair Narratives: Uncovering and Mitigating Geo-Economic Biases in Chart-to-Text
2508.09651,2025-08-14,A Close Reading Approach to Gender Narrative Biases in AI-Generated Stories
2508.09175,2025-08-14,A Context-aware Attention and Graph Neural Network-based Multimodal Framework for Misogyny Detection
2508.09019,2025-08-13,Activation Steering for Bias Mitigation: An Interpretable Approach to Safer LLMs
2508.09087,2025-08-13,Addressing Bias in VLMs for Glaucoma Detection Without Protected Attribute Supervision
2508.09759,2025-08-14,Echoes of Agreement: Argument Driven Opinion Shifts in Large Language Models
2508.09297,2025-08-21,Biased AI improves human decision-making but reduces trust
2508.10071,2025-08-19,Advancing Data Equity: Practitioner Responsibility and Accountability in NLP Data Practices
2508.10186,2025-09-30,PakBBQ: A Culturally Adapted Bias Benchmark for QA
2508.09809,2025-08-19,A Comprehensive Review of Datasets for Clinical Mental Health AI Systems
2508.10304,2025-08-15,Yet another algorithmic bias: A Discursive Analysis of Large Language Models Reinforcing Dominant Discourses on Gender and Race
2508.09993,2025-08-15,A Transparent Fairness Evaluation Protocol for Open-Source Language Model Benchmarking on the Blockchain
2508.10272,2025-08-15,Ask ChatGPT: Caveats and Mitigations for Individual Users of AI Chatbots
2508.11061,2025-08-18,BIPOLAR: Polarization-based granular framework for LLM bias evaluation
2508.11067,2025-08-18,"Bias is a Math Problem, AI Bias is a Technical Problem: 10-year Literature Review of AI/LLM Bias Research Reveals Narrow [Gender-Centric] Conceptions of 'Bias', and Academia-Industry Gap"
2508.09666,2025-08-18,Slow Tuning and Low-Entropy Masking for Safe Chain-of-Thought Distillation
2508.10906,2025-08-18,PersonaTwin: A Multi-Tier Prompt Conditioning Framework for Generating and Evaluating Personalized Digital Twins
2508.11258,2025-08-18,Group Fairness Meets the Black Box: Enabling Fair Algorithms on Closed LLMs via Post-Processing
2508.11434,2025-08-18,Online Anti-sexist Speech: Identifying Resistance to Gender Bias in Political Discourse
2508.11534,2025-08-18,Speciesism in AI: Evaluating Discrimination Against Animals in Large Language Models
2508.11262,2025-08-18,Vision-Language Models display a strong gender bias
2508.11285,2025-08-18,"AI in Mental Health: Emotional and Sentiment Analysis of Large Language Models' Responses to Depression, Anxiety, and Stress Queries"
2508.10972,2025-08-18,Not There Yet: Evaluating Vision Language Models in Simulating the Visual Perception of People with Low Vision
2508.11009,2025-12-16,SproutBench: A Benchmark for Safe and Ethical Large Language Models for Youth
2508.11166,2025-08-18,Overcoming Low-Resource Barriers in Tulu: Neural Models and Corpus Creation for OffensiveLanguage Identification
2508.12192,2025-08-19,"Playing telephone with generative models: ""verification disability,"" ""compelled reliance,"" and accessibility in data visualization"
2508.12662,2025-08-19,Breaking Language Barriers: Equitable Performance in Multilingual Language Models
2508.12411,2025-12-30,The Cultural Gene of Large Language Models: A Study on the Impact of Cross-Corpus Training on Model Values and Biases
2508.12022,2025-08-19,AI Models for Depressive Disorder Detection and Diagnosis: A Review
2508.11808,2026-01-27,Labels or Input? Rethinking Augmentation in Multimodal Hate Detection
2508.11810,2026-02-19,FairTabGen: High-Fidelity and Fair Synthetic Health Data Generation from Limited Samples
2508.11829,2025-08-19,Every 28 Days the AI Dreams of Soft Skin and Burning Stars: Scaffolding AI Agents with Hormones and Emotions
2508.12733,2025-08-28,LinguaSafe: A Comprehensive Multilingual Safety Benchmark for Large Language Models
2508.13124,2025-08-19,Spot the BlindSpots: Systematic Identification and Quantification of Fine-Grained LLM Biases in Contact Center Summaries
2508.13169,2025-10-10,Fair Play in the Newsroom: Actor-Based Filtering Gender Discrimination in Text Corpora
2508.13187,2026-01-30,"""Not in My Backyard"": LLMs Uncover Online and Offline Social Biases Against Homelessness"
2508.12754,2025-08-19,Beyond Ethical Alignment: Evaluating LLMs as Artificial Moral Assistants
2508.12459,2025-08-19,"LoraxBench: A Multitask, Multilingual Benchmark Suite for 20 Indonesian Languages"
2508.13603,2025-08-20,Who Gets the Mic? Investigating Gender Bias in the Speaker Assignment of a Speech-LLM
2508.13426,2025-12-16,ALIGN: Word Association Learning for Cultural Alignment in Large Language Models
2508.12504,2025-08-22,Organization Matters: A Qualitative Study of Organizational Dynamics in Red Teaming Practices for Generative AI
2508.12535,2025-10-21,CorrSteer: Generation-Time LLM Steering via Correlated Sparse Autoencoder Features
2508.13019,2025-08-19,Informfully Recommenders -- Reproducibility Framework for Diversity-aware Intra-session Recommendations
2508.13035,2025-08-19,D-RDW: Diversity-Driven Random Walks for News Recommender Systems
2508.14051,2025-08-21,Benchmarking Sociolinguistic Diversity in Swahili NLP: A Taxonomy-Guided Approach
2508.13655,2025-08-20,`My Dataset of Love': A Preliminary Mixed-Method Exploration of Human-AI Romantic Relationships
2508.13743,2025-08-20,Sycophancy under Pressure: Evaluating and Mitigating Sycophantic Bias via Adversarial Dialogues in Scientific QA
2508.14150,2025-08-27,When Algorithms Infer Gender: Revisiting Computational Phenotyping with Electronic Health Records Data
2508.13804,2025-11-24,Beyond Human Judgment: A Bayesian Evaluation of LLMs' Moral Values Understanding
2508.13978,2025-08-20,Democratizing News Recommenders: Modeling Multiple Perspectives for News Candidate Generation with VQ-VAE
2508.14405,2025-08-21,CTA-Flux: Integrating Chinese Cultural Semantics into High-Quality English Text-to-Image Communities
2508.14933,2025-08-22,Inference Time Debiasing Concepts in Diffusion Models
2508.14683,2025-08-21,Improving Fairness in Graph Neural Networks via Counterfactual Debiasing
2508.14913,2025-10-08,Bridging the Culture Gap: A Framework for LLM-Driven Socio-Cultural Localization of Math Word Problems in Low-Resource Languages
2508.14918,2025-08-22,Disentangling the Drivers of LLM Social Conformity: An Uncertainty-Moderated Dual-Process Mechanism
2508.15798,2025-08-25,Persuasiveness and Bias in LLM: Investigating the Impact of Persuasiveness and Reinforcement of Bias in Language Models
2508.15250,2025-12-19,EMNLP: Educator-role Moral and Normative Large Language Models Profiling
2508.15855,2025-08-25,Counterspeech for Mitigating the Influence of Media Bias: Comparing Human and LLM-Generated Responses
2508.15361,2025-08-22,A Survey on Large Language Model Benchmarks
2508.15370,2025-08-22,"Unveiling Trust in Multimodal Large Language Models: Evaluation, Analysis, and Mitigation"
2508.15875,2025-08-25,NEAT: Concept driven Neuron Attribution in LLMs
2508.15830,2026-01-27,DAIQ: Auditing Demographic Attribute Inference from Question in LLMs
2508.15831,2025-10-23,Who's Asking? Investigating Bias Through the Lens of Disability Framed Queries in LLMs
2508.16439,2025-08-28,PediatricsMQA: a Multi-modal Pediatrics Question Answering Benchmark
2508.16013,2025-08-25,Political Ideology Shifts in Large Language Models
2508.16139,2025-08-25,XLQA: A Benchmark for Locale-Aware Multilingual Open-Domain Question Answering
2508.16065,2025-08-25,Ethical Considerations of Large Language Models in Game Playing
2508.16576,2025-08-25,"Benchmarking Training Paradigms, Dataset Composition, and Model Scaling for Child ASR in ESPnet"
2508.15526,2025-08-22,SafetyFlow: An Agent-Flow System for Automated LLM Safety Benchmarking
2508.16673,2025-08-26,Invisible Filters: Cultural Bias in Hiring Evaluations Using Large Language Models
2508.16748,2025-08-26,FAIRWELL: Fair Multimodal Self-Supervised Learning for Wellbeing Prediction
2508.16752,2025-08-26,A Framework for Benchmarking Fairness-Utility Trade-offs in Text-to-Image Models via Pareto Frontiers
2508.16555,2025-08-25,Transfer Learning via Lexical Relatedness: A Sarcasm and Hate Speech Case Study
2508.16701,2025-08-27,Generative Artificial Intelligence and Agents in Research and Teaching
2508.16607,2025-11-06,"""Accessibility people, you go work on that thing of yours over there"": Addressing Disability Inclusion in AI Product Organizations"
2508.16762,2025-08-26,Toward Socially Aware Vision-Language Models: Evaluating Cultural Competence Through Multimodal Story Generation
2508.17162,2025-08-26,Quantifying Language Disparities in Multilingual Large Language Models
2508.17164,2025-08-26,The Impact of Annotator Personas on LLM Behavior Across the Perspectivism Spectrum
2508.16377,2025-08-25,Applications and Challenges of Fairness APIs in Machine Learning Software
2508.16846,2026-01-28,BASIL: Bayesian Assessment of Sycophancy in LLMs
2508.17465,2025-08-26,Bias Amplification in Stable Diffusion's Representation of Stigma Through Skin Tones and Their Homogeneity
2508.17735,2025-08-26,SMITE: Enhancing Fairness in LLMs through Optimal In-Context Example Selection via Dynamic Validation
2508.17750,2025-08-26,From Global to Local: Social Bias Transfer in CLIP
2508.17753,2025-08-26,Talking to Robots: A Practical Examination of Speech Foundation Models for HRI Applications
2508.16982,2025-08-26,Decoding Alignment: A Critical Survey of LLM Development Initiatives through Value-setting and Data-centric Lens
2508.17944,2026-02-05,Toward Substantive Intersectional Algorithmic Fairness: Desiderata for a Feminist Approach
2508.17948,2025-08-26,Debiasing Multilingual LLMs in Cross-lingual Latent Space
2508.17610,2025-09-16,Less Is More? Examining Fairness in Pruned Large Language Models for Summarising Opinions
2508.17644,2025-08-26,Demographically-Inspired Query Variants Using an LLM
2508.18088,2026-01-16,How Quantization Shapes Bias in Large Language Models
2508.17324,2025-10-02,CultranAI at PalmX 2025: Data Augmentation for Cultural Knowledge Representation
2508.17329,2026-02-05,Risk Assessment and Security Analysis of Large Language Models
2508.18245,2025-08-26,Demographic Biases and Gaps in the Perception of Sexism in Large Language Models
2508.18724,2025-08-27,Bias Mitigation Agent: Optimizing Source Selection for Fair and Balanced Knowledge Retrieval
2508.18288,2025-08-27,Toward Responsible ASR for African American English Speakers: A Scoping Review of Bias and Equity in Speech Technology
2508.18989,2026-01-27,"Ask Me Again Differently: GRAS for Measuring Bias in Vision Language Models on Gender, Race, Age, and Skin Tone"
2508.18886,2025-08-27,Toward Robust Medical Fairness: Debiased Dual-Modal Alignment via Text-Guided Attribute-Disentangled Prompt Learning for Vision-Language Models
2508.17825,2026-01-22,FAIRGAMER: Evaluating Social Biases in LLM-Based Video Game NPCs
2508.18466,2025-08-27,Integrating gender inclusivity into large language models via instruction tuning
2508.19298,2025-08-28,DemoBias: An Empirical Study to Trace Demographic Biases in Vision Foundation Models
2508.19269,2025-08-28,Should LLMs be WEIRD? Exploring WEIRDness and Human Rights in Large Language Models
2508.18600,2025-08-27,Bias-Adjusted LLM Agents for Human-Like Decision-Making via Behavioral Economics
2508.19567,2025-08-28,Counterfactual Reward Model Training for Bias Mitigation in Multimodal Reinforcement Learning
2508.18646,2025-11-19,Beyond Benchmark: LLMs Evaluation with an Anthropomorphic and Value-oriented Roadmap
2508.19492,2025-08-28,Geopolitical Parallax: Beyond Walter Lippmann Just After Large Language Models
2508.19883,2025-08-28,AI-Powered Detection of Inappropriate Language in Medical School Curricula
2508.19919,2026-02-18,Your AI Bosses Are Still Prejudiced: The Emergence of Stereotypes in LLM-Based Multi-Agent Systems
2508.19097,2025-08-27,Reasoning LLMs in the Medical Domain: A Literature Survey
2508.20201,2025-09-08,Social Bias in Multilingual Language Models: A Survey
2508.19163,2025-08-27,MATRIX: Multi-Agent simulaTion fRamework for safe Interactions and conteXtual clinical conversational evaluation
2508.20399,2025-08-29,A Case Study of Balanced Query Recommendation on Wikipedia
2508.20401,2025-09-09,Revealing Potential Biases in LLM-Based Recommender Systems in the Cold Start Setting
2508.20333,2025-08-29,"Poison Once, Refuse Forever: Weaponizing Alignment for Injecting Bias in LLMs"
2508.20511,2025-08-29,Languages Still Left Behind: Toward a Better Multilingual Machine Translation Benchmark
2508.20701,2025-08-29,Transparent Semantic Spaces: A Categorical Approach to Explainable Word Embeddings
2508.21084,2025-09-01,Mapping Toxic Comments Across Demographics: A Dataset from German Public Broadcasting
2508.21083,2025-11-21,CoBA: Counterbias Text Augmentation for Mitigating Various Spurious Correlations via Semantic Triples
2508.21376,2025-09-04,AHELM: A Holistic Evaluation of Audio-Language Models
2508.21179,2025-09-01,Synthetic CVs To Build and Test Fairness-Aware Hiring Tools
2508.20133,2025-09-01,Proactive HIV Care: AI-Based Comorbidity Prediction from Routine EHR Data
2508.21448,2025-11-17,Beyond the Surface: Probing the Ideological Depth of Large Language Models
2508.20881,2025-08-29,Understanding and evaluating computer vision models through the lens of counterfactuals
2508.20893,2025-08-29,The Uneven Impact of Post-Training Quantization in Machine Translation
2508.21512,2025-09-01,Accept or Deny? Evaluating LLM Fairness and Performance in Loan Approval across Table-to-Text Serialization Approaches
2508.20750,2025-08-29,Specializing General-purpose LLM Embeddings for Implicit Hate Speech Detection across Datasets
2508.21164,2025-10-13,Quantifying Label-Induced Bias in Large Language Model Self- and Cross-Evaluations
2509.00192,2025-10-08,Safe-LLaVA: A Privacy-Preserving Vision-Language Dataset and Benchmark for Biometric Safety
2508.21740,2026-01-01,Towards Operational Validation of LLM-Agent Social Simulations: A Replicated Study of a Reddit-like Technology Forum
2508.21648,2025-09-01,Leveraging Imperfection with MEDLEY A Multi-Model Approach Harnessing Bias in Medical AI
2509.00398,2025-10-30,A Study on the Framework for Evaluating the Ethics and Trustworthiness of Generative AI
2508.21704,2025-11-19,T-Retrievability: A Topic-Focused Approach to Measure Fair Document Exposure in Information Retrieval
2508.20015,2025-08-28,Decomposing Behavioral Phase Transitions in LLMs: Order Parameters for Emergent Misalignment
2509.00849,2025-09-03,Prompting Away Stereotypes? Evaluating Bias in Text-to-Image Models for Occupations
2509.00529,2025-10-10,Modeling Motivated Reasoning in Law: Evaluating Strategic Role Conditioning in LLM Summarization
2509.00673,2025-09-03,"Confident, Calibrated, or Complicit: Probing the Trade-offs between Safety Alignment and Ideological Bias in Language Models in Detecting Hate Speech"
2509.00462,2026-02-10,AI Self-preferencing in Algorithmic Hiring: Empirical Evidence and Insights
2509.01301,2025-09-25,Culture is Everywhere: A Call for Intentionally Cultural Evaluation
2509.00109,2025-09-03,Bias Mitigation for AI-Feedback Loops in Recommender Systems: A Systematic Literature Review and Taxonomy
2509.00963,2025-09-03,Who Gets Left Behind? Auditing Disability Inclusivity in Large Language Models
2509.01213,2025-09-03,Mitigating Catastrophic Forgetting in Continual Learning through Model Growth
2509.01035,2025-09-03,We Politely Insist: Your LLM Must Learn the Persian Art of Taarof
2509.01418,2025-11-20,On the Alignment of Large Language Models with Global Human Opinion
2509.02007,2025-09-03,mFARM: Towards Multi-Faceted Fairness Assessment based on HARMs in Clinical Decision Support
2509.02133,2025-09-03,AMBEDKAR-A Multi-level Bias Elimination through a Decoding Approach with Knowledge Augmentation for Robust Constitutional Alignment of Language Models
2509.01379,2025-09-03,WATCHED: A Web AI Agent Tool for Combating Hate Speech by Expanding Data
2509.02398,2025-09-03,TTA-Bench: A Comprehensive Benchmark for Evaluating Text-to-Audio Models
2509.02305,2025-09-04,Hues and Cues: Human vs. CLIP
2509.02464,2025-10-24,SpecEval: Evaluating Model Adherence to Behavior Specifications
2509.02834,2025-09-04,Clustering Discourses: Racial Biases in Short Stories about Women Generated by Large Language Models
2509.03010,2026-01-22,Mitigating Data Imbalance in Automated Speaking Assessment
2509.02550,2025-09-03,PalmX 2025: The First Shared Task on Benchmarking LLMs on Arabic and Islamic Culture
2509.03329,2025-09-04,SESGO: Spanish Evaluation of Stereotypical Generative Outputs
2509.02908,2026-01-21,Advancing Minority Stress Detection with Transformers: Insights from the Social Media Datasets
2509.02611,2025-09-04,Chatbot Deployment Considerations for Application-Agnostic Human-Machine Dialogues
2509.02651,2025-09-04,Quantifying Clinician Bias and its Effects on Schizophrenia Diagnosis in the Emergency Department of the Mount Sinai Health System
2509.03419,2025-11-03,Curse of Knowledge: When Complex Evaluation Context Benefits yet Biases LLM Judges
2509.03672,2025-09-05,SharedRep-RLHF: A Shared Representation Approach to RLHF with Diverse Preferences
2509.03071,2025-09-04,AI-Generated Images for representing Individuals: Navigating the Thin Line Between Care and Bias
2509.03903,2025-09-05,A Generative Foundation Model for Chest Radiography
2509.02926,2025-09-04,Decoding the Rule Book: Extracting Hidden Moderation Criteria from Reddit Communities
2509.04373,2025-09-11,Measuring Bias or Measuring the Task: Understanding the Brittle Nature of LLM Gender Biases
2509.04404,2025-09-10,No Thoughts Just AI: Biased LLM Hiring Recommendations Alter Human Decision Making and Limit Human Autonomy
2509.03871,2025-09-05,A Comprehensive Survey on Trustworthiness in Reasoning with Large Language Models
2509.03728,2025-10-28,PersonaTeaming: Exploring How Introducing Personas Can Improve Automated AI Red-Teaming
2509.04077,2025-09-05,Improving Narrative Classification and Explanation via Fine Tuned Language Models
2509.03827,2026-01-30,What Would an LLM Do? Evaluating Large Language Models for Policymaking to Alleviate Homelessness
2509.04794,2025-09-08,Personality as a Probe for LLM Evaluation: Method Trade-offs and Downstream Effects
2509.04498,2025-11-13,Where Should I Study? Biased Language Models Decide! Evaluating Fairness in LMs for Academic Recommendations
2509.04432,2025-11-13,Can Language Models Handle a Non-Gregorian Calendar? The Case of the Japanese wareki
2509.04515,2025-09-08,Mitigation of Gender and Ethnicity Bias in AI-Generated Stories through Model Explanations
2509.04516,2025-09-30,Artificially Fluent: Swahili AI Performance Benchmarks Between English-Trained and Natively-Trained Datasets
2509.04456,2025-09-08,Mentalic Net: Development of RAG-based Conversational AI and Evaluation Framework for Mental Health Support
2509.05668,2025-09-09,"Llama-GENBA-10B: A Trilingual Large Language Model for German, English and Bavarian"
2509.05486,2025-09-09,The Token Tax: Systematic Bias in Multilingual Tokenization
2509.04111,2025-09-08,MultiWikiQA: A Reading Comprehension Benchmark in 300+ Languages
2509.04128,2025-11-19,Revisiting (Un)Fairness in Recourse by Minimizing Worst-Case Social Burden
2509.05230,2025-09-11,CURE: Controlled Unlearning for Robust Embeddings -- Mitigating Conceptual Shortcuts in Pre-Trained Language Models
2509.06164,2025-09-17,Benchmarking Gender and Political Bias in Large Language Models
2509.06195,2025-09-09,Language Bias in Information Retrieval: The Nature of the Beast and Mitigation Methods
2509.06535,2025-09-09,"On the Reproducibility of ""FairCLIP: Harnessing Fairness in Vision-Language Learning''"
2509.05830,2025-11-07,Finetuning LLMs for Human Behavior Prediction in Social Science Experiments
2509.06337,2025-09-09,Large Language Models as Virtual Survey Respondents: Evaluating Sociodemographic Response Generation
2509.05627,2025-09-09,"Audits Under Resource, Data, and Access Constraints: Scaling Laws For Less Discriminatory Alternatives"
2509.05347,2025-09-09,Validity Verification of the New TOEFL Writing Task Based on Classical Test Theory
2509.06065,2025-09-09,KatotohananQA: Evaluating Truthfulness of Large Language Models in Filipino
2509.06838,2025-09-09,EPT Benchmark: Evaluation of Persian Trustworthiness in Large Language Models
2509.06858,2025-09-09,Disentangling Interaction and Bias Effects in Opinion Dynamics of Large Language Models
2509.05838,2025-09-09,Towards an Automated Framework to Audit Youth Safety on TikTok
2509.07050,2025-09-10,Automated Evaluation of Gender Bias Across 13 Large Multimodal Models
2509.06771,2025-10-31,D-HUMOR: Dark Humor Understanding via Multimodal Open-ended Reasoning -- A Benchmark Dataset and Method
2509.07139,2025-09-10,The ML-SUPERB 2.0 Challenge: Towards Inclusive ASR Benchmarking for All Language Varieties
2509.07188,2025-09-22,DischargeSim: A Simulation Benchmark for Educational Doctor-Patient Communication at Discharge
2509.07190,2025-09-10,Rule-Based Moral Principles for Explaining Uncertainty in Natural Language Generation
2509.06995,2025-09-10,The Protocol Genome A Self Supervised Learning Framework from DICOM Headers
2509.07006,2025-09-10,ArGen: Auto-Regulation of Generative AI via GRPO and Policy-as-Code
2509.07596,2025-10-07,Bias in Gender Bias Benchmarks: How Spurious Features Distort Evaluation
2509.07908,2025-09-10,Biased Tales: Cultural and Topic Bias in Generating Children's Stories
2509.08022,2025-09-17,MVPBench: A Benchmark and Fine-Tuning Framework for Aligning Large Language Models with Diverse Human Values
2509.07768,2025-09-10,"Are LLMs Enough for Hyperpartisan, Fake, Polarized and Harmful Content Detection? Evaluating In-Context Learning vs. Fine-Tuning"
2509.07889,2025-09-10,From Detection to Mitigation: Addressing Gender Bias in Chinese Texts via Efficient Tuning and Voting-Based Rebalancing
2509.08075,2025-09-11,"No for Some, Yes for Others: Persona Prompts and Other Sources of False Refusal in Language Models"
2509.08146,2025-11-20,Bias after Prompting: Persistent Discrimination in Large Language Models
2509.08199,2025-09-11,"Algorithmic Tradeoffs, Applied NLP, and the State-of-the-Art Fallacy"
2509.08217,2025-11-07,Balancing Quality and Variation: Spam Filtering Distorts Data Label Distributions
2509.07462,2025-09-10,Understanding Stigmatizing Language Lexicons: A Comparative Analysis in Clinical Contexts
2509.07054,2025-09-19,Statistical Methods in Generative AI
2509.08484,2025-09-11,"Simulating Identity, Propagating Bias: Abstraction and Stereotypes in LLM-Generated Text"
2509.08004,2025-09-11,Evaluating and comparing gender bias across four text-to-image models
2509.08803,2025-09-11,Scaling Truth: The Confidence Paradox in AI Fact-Checking
2509.08829,2025-09-12,PerFairX: Is There a Balance Between Fairness and Personality in Large Language Model Recommendations?
2509.08997,2025-09-12,YouthSafe: A Youth-Centric Safety Benchmark and Safeguard Model for Large Language Models
2509.08853,2025-09-12,POW: Political Overton Windows of Large Language Models
2509.08910,2025-09-12,"PromptGuard: An Orchestrated Prompting Framework for Principled Synthetic Text Generation for Vulnerable Populations using LLMs with Enhanced Safety, Fairness, and Controllability"
2509.08912,2025-09-12,"Towards Trustworthy AI: Characterizing User-Reported Risks across LLMs ""In the Wild"""
2509.08940,2025-09-12,Discovering Divergent Representations between Text-to-Image Models
2509.09735,2025-09-15,Discrimination by LLMs: Cross-lingual Bias Assessment and Mitigation in Decision-Making and Summarisation
2509.09014,2025-09-12,COCO-Urdu: A Large-Scale Urdu Image-Caption Dataset with Multimodal Quality Estimation
2509.08306,2025-09-11,Who Gets Seen in the Age of AI? Adoption Patterns of Large Language Models in Scholarly Writing and Citation Outcomes
2509.09871,2025-09-22,Emulating Public Opinion: A Proof-of-Concept of AI-Generated Synthetic Survey Responses for the Chilean Case
2509.08777,2025-09-11,Calibrating MLLM-as-a-judge via Multimodal Bayesian Prompt Ensembles
2509.10127,2025-10-07,Population-Aligned Persona Generation for LLM-based Social Simulation
2509.09912,2025-09-15,"When Your Reviewer is an LLM: Biases, Divergence, and Prompt Injection Risks in Peer Review"
2509.10297,2025-09-15,The Morality of Probability: How Implicit Moral Biases in LLMs May Shape the Future of Human-AI Symbiosis
2509.09826,2025-09-15,The Role of Follow Networks and Twitter's Content Recommender on Partisan Skew and Rumor Exposure during the 2022 U.S. Midterm Election
2509.09956,2025-09-15,Request a Note: How the Request Function Shapes X's Community Notes System
2509.10248,2025-09-26,Prompt Injection Attacks on LLM Generated Reviews of Scientific Publications
2509.10980,2025-09-16,TrueSkin: Towards Fair and Accurate Skin Tone Recognition and Generation
2509.10685,2025-09-19,Pluralistic Alignment for Healthcare: A Role-Driven Framework
2509.10886,2025-09-16,CultureSynth: A Hierarchical Taxonomy-Guided and Retrieval-Augmented Framework for Cultural Question-Answer Synthesis
2509.10637,2026-01-23,LLMs Homogenize Values in Constructive Arguments on Value-Laden Topics
2509.10655,2025-09-29,Safety and Security Analysis of Large Language Models: Benchmarking Risk Profile and Harm Potential
2509.10780,2025-09-16,Bridging Cultural Distance Between Models Default and Local Classroom Demands: How Global Teachers Adopt GenAI to Support Everyday Teaching Practices
2509.10809,2025-12-08,Rethinking Sparse Autoencoders: Select-and-Project for Fairness and Control from Encoder Features Alone
2509.10707,2025-09-22,Understanding AI Evaluation Patterns: How Different GPT Models Assess Vision-Language Descriptions
2509.11303,2025-09-30,Ko-PIQA: A Korean Physical Commonsense Reasoning Dataset with Cultural Context
2509.11311,2026-01-30,Prompts to Proxies: Emulating Human Preferences via a Compact LLM Ensemble
2509.11620,2025-09-16,AesBiasBench: Evaluating Bias and Alignment in Multimodal Language Models for Personalized Image Aesthetic Assessment
2509.11648,2025-09-16,EthicsMH: A Pilot Benchmark for Ethical Reasoning in Mental Health AI
2509.11487,2025-11-21,Collective Recourse for Generative Urban Visualizations
2509.11921,2025-12-18,Designing LLMs for cultural sensitivity: Evidence from English-Japanese translation
2509.11967,2025-09-17,MillStone: How Open-Minded Are LLMs?
2509.12104,2025-09-16,JustEva: A Toolkit to Evaluate LLM Fairness in Legal Knowledge Inference
2509.12415,2025-09-17,Prompt Commons: Collective Prompting as Governance for Urban AI
2509.12171,2025-10-17,Preservation of Language Understanding Capabilities in Speech-aware Large Language Models
2509.12672,2025-09-17,Towards Inclusive Toxic Content Moderation: Addressing Vulnerabilities to Adversarial Attacks in Toxicity Classifiers Tackling LLM-generated Content
2509.12652,2025-09-17,Don't Change My View: Ideological Bias Auditing in Large Language Models
2509.11136,2025-09-16,Agentic Username Suggestion and Multimodal Gender Detection in Online Platforms: Introducing the PNGT-26K Dataset
2509.11141,2025-09-16,When Smiley Turns Hostile: Interpreting How Emojis Trigger LLMs' Toxicity
2509.12152,2025-09-16,Beyond PII: How Users Attempt to Estimate and Mitigate Implicit LLM Inference
2509.12378,2025-09-17,Platoon-Centric Green Light Optimal Speed Advisory Using Safe Reinforcement Learning
2509.12379,2025-09-17,Geometric Red-Teaming for Robotic Manipulation
2509.12380,2025-09-17,GhostNetV3-Small: A Tailored Architecture and Comparative Study of Distillation Strategies for Tiny Images
2509.12381,2025-09-17,GPU-Accelerated MATLAB Software for Atom-Ion Dynamics
2509.12382,2025-12-30,LLM-as-a-Judge: Rapid Evaluation of Legal Document Recommendation for Retrieval-Augmented Generation
2509.12383,2025-09-17,Data selves and identity theft in the age of AI
2509.12384,2025-10-17,Exploring Distributed Vector Databases Performance on HPC Platforms: A Study with Qdrant
2509.12385,2025-09-22,SENTRA: Selected-Next-Token Transformer for LLM Text Detection
2509.12386,2025-11-10,Amulet: a Python Library for Assessing Interactions Among ML Defenses and Risks
2509.12387,2025-09-17,Causal-Symbolic Meta-Learning (CSML): Inducing Causal World Models for Few-Shot Generalization
2509.12389,2025-11-04,"Closing a catenary loop: the lariat chain, the string shooter, and the heavy elastica"
2509.12390,2025-09-17,Distributed Event-Triggered Distance-Based Formation Control for Multi-Agent Systems
2509.12392,2025-09-17,Evaluating the printability of stl files with ML
2509.12393,2025-09-17,Data-driven balanced truncation for linear systems with quadratic outputs
2509.12394,2026-01-26,Adaptive Spatial Goodness Encoding: Advancing and Scaling Forward-Forward Learning Without Backpropagation
2509.12395,2025-09-17,Evaluating Large Language Models for Functional and Maintainable Code in Industrial Settings: A Case Study at ASML
2509.12396,2026-02-02,Information Loss and Disparate Effects in Network Embeddings
2509.12397,2025-09-17,Shock wave bending around a dusty plasma void
2509.12398,2025-09-17,MinJointTracker: Real-time inertial kinematic chain tracking with joint position estimation and minimal state size
2509.12400,2025-09-17,From Orthomosaics to Raw UAV Imagery: Enhancing Palm Detection and Crown-Center Localization
2509.12403,2025-09-17,Privacy-Driven Network Data for Smart Cities
2509.12405,2025-09-17,MORQA: Benchmarking Evaluation Metrics for Medical Open-Ended Question Answering
2509.12406,2025-09-17,Bayesian Parametric Matrix Models: Principled Uncertainty Quantification for Spectral Learning
2509.12408,2025-09-26,Scaffolding Flexible Ideation Workflows with AI in Creative Problem-Solving
2509.12412,2025-09-17,Vibrational corrections to molecular properties including relativistic corrections at the level of the Zeroth-Order Regular Approximation
2509.11362,2026-02-11,PersonaX: Multimodal Datasets with LLM-Inferred Behavior Traits
2509.11365,2025-09-16,!MSA at AraHealthQA 2025 Shared Task: Enhancing LLM Performance for Arabic Clinical Question Answering through Prompt Engineering and Ensemble Learning
2509.13324,2025-10-02,Designing Psychometric Bias Measures for ChatBots: An Application to Racial Bias Measurement
2509.13332,2025-09-18,"Explicit Reasoning Makes Better Judges: A Systematic Study on Accuracy, Efficiency, and Robustness"
2509.11353,2025-09-16,Do Large Language Models Favor Recent Content? A Study on Recency Bias in LLM-Based Reranking
2509.13569,2025-09-18,"Overview of Dialog System Evaluation Track: Dimensionality, Language, Culture and Safety at DSTC 12"
2509.13450,2025-10-17,SteeringSafety: A Systematic Safety Evaluation Framework of Representation Steering in LLMs
2509.13400,2025-12-05,Justice in Judgment: Unveiling (Hidden) Bias in LLM-assisted Peer Reviews
2509.12517,2026-02-04,Interaction Context Often Increases Sycophancy in LLMs
2509.13480,2025-09-18,"Gender-Neutral Rewriting in Italian: Models, Approaches, and Trade-offs"
2509.13496,2025-09-18,BiasMap: Leveraging Cross-Attentions to Discover and Mitigate Hidden Social Biases in Text-to-Image Generation
2509.13803,2025-09-18,Measuring Gender Bias in Job Title Matching for Grammatical Gender Languages
2509.13835,2025-09-18,Large Language Models Discriminate Against Speakers of German Dialects
2509.13651,2025-09-18,Controllable Pareto Trade-off between Fairness and Accuracy
2509.13869,2025-09-18,Do LLMs Align Human Values Regarding Social Biases? Judging and Explaining Social Biases with LLMs
2509.12961,2025-09-17,Do LLMs Understand Wine Descriptors Across Cultures? A Benchmark for Cultural Adaptations of Wine Reviews
2509.13679,2025-09-18,From Prompts to Reflection: Designing Reflective Play for GenAI Literacy
2509.13608,2025-09-18,Is GPT-4o mini Blinded by its Own Safety Filters? Exposing the Multimodal-to-Unimodal Bottleneck in Hate Speech Detection
2509.14438,2025-09-19,Simulating a Bias Mitigation Scenario in Large Language Models
2509.14264,2025-09-19,"Defining, Understanding, and Detecting Online Toxicity: Challenges and Machine Learning Approaches"
2509.14266,2025-09-19,Efficient Hate Speech Detection: Evaluating 38 Models from Traditional Methods to Transformers
2509.13930,2025-10-03,Linguistic Nepotism: Trading-off Quality for Language Preference in Multilingual RAG
2509.15335,2025-09-24,PolBiX: Detecting LLMs' Political Bias in Fact-Checking through X-phemisms
2509.15122,2025-09-19,Prestige over merit: An adapted audit of LLM bias in peer review
2509.15174,2025-10-09,SMARTER: A Data-efficient Framework to Improve Toxicity Detection with Explanation via Self-augmenting Large Language Models
2509.15206,2026-02-03,Fair-GPTQ: Bias-Aware Quantization for Large Language Models
2509.15216,2025-11-25,Assessing Historical Structural Oppression Worldwide via Rule-Guided Prompting of Large Language Models
2509.14477,2025-09-19,Ticket-Bench: A Kickoff for Multilingual and Regionalized Agent Evaluation
2509.15662,2025-09-22,Jamendo-QA: A Large-Scale Music Question Answering Dataset
2509.15759,2025-10-27,On Optimal Steering to Achieve Exact Fairness
2509.15257,2025-10-09,RespoDiff: Dual-Module Bottleneck Transformation for Responsible & Faithful T2I Generation
2509.15260,2025-09-24,Toxicity Red-Teaming: Benchmarking LLM Safety in Singapore's Low-Resource Languages
2509.15723,2025-09-22,REFER: Mitigating Bias in Opinion Summarisation via Frequency Framed Prompting
2509.14189,2025-09-19,AI and the Future of Academic Peer Review
2509.14197,2025-09-18,Framing Migration: A Computational Analysis of UK Parliamentary Discourse
2509.15478,2025-11-25,Red Teaming Multimodal Language Models: Evaluating Harm Across Prompt Modalities and Models
2509.15366,2025-09-22,Diagnostics of cognitive failures in multi-agent expert systems using dynamic evaluation protocols and subsequent mutation of the processing context
2509.16462,2025-09-23,Intrinsic Meets Extrinsic Fairness: Assessing the Downstream Impact of Bias Mitigation in Large Language Models
2509.16475,2025-09-23,Towards Universal Debiasing for Language Models-based Tabular Data Generation
2509.16264,2025-12-03,ParlAI Vote: A Web Platform for Analyzing Gender and Political Bias in Large Language Models
2509.16400,2025-09-23,"'Rich Dad, Poor Lad': How do Large Language Models Contextualize Socioeconomic Factors in College Admission ?"
2509.15803,2025-09-22,CIDER: A Causal Cure for Brand-Obsessed Text-to-Image Models
2509.16347,2025-09-23,QUINTA: Reflexive Sensibility For Responsible AI Research and Data-Driven Processes
2509.16188,2025-09-22,CultureScope: A Dimensional Lens for Probing Cultural Understanding in LLMs
2509.16660,2025-09-23,Redefining Experts: Interpretable Decomposition of Language Models for Toxicity Mitigation
2509.16666,2025-09-23,Robust Native Language Identification through Agentic Decomposition
2509.16332,2025-09-23,Psychometric Personality Shaping Modulates Capabilities and Safety in Language Models
2509.16517,2025-09-23,Seeing Culture: A Benchmark for Visual Reasoning and Grounding
2509.16060,2025-09-22,SABER: Uncovering Vulnerabilities in Safety Alignment via Cross-Layer Residual Connection
2509.16765,2025-10-09,The Sound of Syntax: Finetuning and Comprehensive Evaluation of Language Models for Speech Pathology
2509.17091,2025-09-30,SVeritas: Benchmark for Robust Speaker Verification under Diverse Conditions
2509.17449,2025-09-23,SLAyiNG: Towards Queer Language Processing
2509.17701,2025-12-04,"Investigating Bias: A Multilingual Pipeline for Generating, Solving, and Evaluating Math Problems with LLMs"
2509.17665,2025-09-23,"Mechanistic Interpretability with SAEs: Probing Religion, Violence, and Geography in Large Language Models"
2509.17399,2025-12-17,DIWALI: Diversity and Inclusivity aWare cuLture specific Items for India: Dataset and Assessment of LLMs for Cultural Text Adaptation in Indian Context
2509.16530,2025-09-23,AIPsychoBench: Understanding the Psychometric Differences between LLMs and Humans
2509.16533,2025-09-23,Challenging the Evaluator: LLM Sycophancy Under User Rebuttal
2509.16718,2025-09-23,Idiosyncratic Versus Normative Modeling of Atypical Speech Recognition: Dysarthric Case Studies
2509.16742,2025-09-23,Sycophancy Mitigation Through Reinforcement Learning with Uncertainty-Aware Adaptive Reasoning Trajectories
2509.17259,2025-09-23,Mind the Gap: Comparing Model- vs Agentic-Level Red Teaming with Action-Graph Observability on GPT-OSS-20B
2509.18446,2025-09-24,"Large-Scale, Longitudinal Study of Large Language Models During the 2024 US Election Season"
2509.17807,2025-09-30,Everyday Physics in Korean Contexts: A Culturally Grounded Physical Reasoning Benchmark
2509.17878,2025-09-23,"AI, Digital Platforms, and the New Systemic Risk"
2509.18394,2025-09-24,An Artificial Intelligence Value at Risk Approach: Metrics and Models
2509.18395,2025-09-24,NormGenesis: Multicultural Dialogue Generation via Exemplar-Guided Social Norm Modeling and Violation Recovery
2509.18293,2025-11-06,Evaluating Large Language Models for Detecting Antisemitism
2509.17855,2025-09-23,Make Every Letter Count: Building Dialect Variation Dictionaries from Monolingual Corpora
2509.18562,2025-09-25,CPCLDETECTOR: Knowledge Enhancement and Alignment Selection for Chinese Patronizing and Condescending Language Detection
2509.17999,2025-10-22,The Narcissus Hypothesis: Descending to the Rung of Illusion
2509.18127,2025-09-26,Safe-SAIL: Towards a Fine-grained Safety Landscape of Large Language Models via Sparse Autoencoder Interpretation Framework
2509.18638,2025-12-17,Learning neuroimaging models from health system-scale data
2509.19088,2026-01-06,Digital Twins as Funhouse Mirrors: Five Key Distortions
2509.19265,2025-09-24,Cross-Cultural Transfer of Commonsense Reasoning in LLMs: Evidence from the Arab World
2509.19274,2025-09-24,DRISHTIKON: A Multimodal Multilingual Benchmark for Testing Language Models' Understanding on Indian Culture
2509.18836,2025-09-24,Bounded PCTL Model Checking of Large Language Model Outputs
2509.19659,2025-11-25,Bias in the Picture: Benchmarking VLMs with Social-Cue News Images and LLM-as-Judge Assessment
2509.19314,2025-09-25,Automated Item Neutralization for Non-Cognitive Scales: A Large Language Model Approach to Reducing Social-Desirability Bias
2509.19890,2025-09-25,"DSA, AIA, and LLMs: Approaches to conceptualizing and auditing moderation in LLM-based chatbots across languages and interfaces in the electoral contexts"
2509.20146,2025-09-25,EchoBench: Benchmarking Sycophancy in Medical Large Vision-Language Models
2509.20045,2025-09-25,Tokenization and Representation Biases in Multilingual Models on Dialectal NLP Tasks
2509.20153,2025-09-26,"Affective Computing and Emotional Data: Challenges and Implications in Privacy Regulations, The AI Act, and Ethics in Large Language Models"
2509.20168,2025-09-25,Probing Gender Bias in Multilingual LLMs: A Case Study of Stereotypes in Persian
2509.20097,2025-10-02,Integrated Framework for LLM Evaluation with Answer Generation
2509.21075,2025-09-26,Communication Bias in Large Language Models: A Regulatory Perspective
2509.21080,2025-09-26,Which Cultural Lens Do Models Adopt? On Cultural Positioning Bias and Agentic Mitigation in LLMs
2509.21108,2025-09-26,VoiceBBQ: Investigating Effect of Content and Acoustics in Social Bias of Spoken Language Model
2509.21125,2025-09-26,Acoustic-based Gender Differentiation in Speech-aware Language Models
2509.20245,2025-09-25,Into the Void: Understanding Online Health Information in Low-Web Data Languages
2509.20278,2026-01-08,Quantifying LLM Biases Across Instruction Boundary in Mixed Question Forms
2509.21528,2025-09-29,Preemptive Detection and Steering of LLM Misalignment via Latent Reachability
2509.20396,2025-09-26,Data-Efficient ASR Personalization for Non-Normative Speech Using an Uncertainty-Based Phoneme Difficulty Score for Guided Sampling
2509.20397,2025-09-26,Variational Low-Rank Adaptation for Personalized Impaired Speech Recognition
2509.21456,2025-11-21,Diagnosing the Performance Trade-off in Moral Alignment: A Case Study on Gender Stereotypes
2509.21466,2025-09-29,Gender Stereotypes in Professional Roles Among Saudis: An Analytical Study of AI-Generated Images Using Language Models
2509.21443,2025-09-29,"One Model, Many Morals: Uncovering Cross-Linguistic Misalignments in Computational Moral Reasoning"
2509.21305,2025-09-29,Sycophancy Is Not One Thing: Causal Separation of Sycophantic Behaviors in LLMs
2509.21577,2025-10-08,"""Be My Cheese?"": Assessing Cultural Nuance in Multilingual LLM Translations"
2509.21946,2025-09-29,Debiasing Large Language Models in Thai Political Stance Detection via Counterfactual Calibration
2509.21787,2025-10-13,DeHate: A Stable Diffusion-based Multimodal Approach to Mitigate Hate Speech in Images
2509.21798,2025-10-27,Evaluating and Improving Cultural Awareness of Reward Models for LLM Alignment
2509.22061,2025-09-29,Speak Your Mind: The Speech Continuation Task as a Probe of Voice-Based Model Bias
2509.22291,2026-02-12,Bridging Fairness and Explainability: Can Input-Based Explanations Promote Fairness in Hate Speech Detection?
2509.21254,2025-09-26,humancompatible.train: Implementing Optimization Algorithms for Stochastically-Constrained Stochastic Optimization Problems
2509.21257,2025-11-11,Hallucination as an Upper Bound: A New Perspective on Text-to-Image Evaluation
2509.21262,2025-09-30,Un-Doubling Diffusion: LLM-guided Disambiguation of Homonym Duplication
2509.22589,2025-09-29,ArabJobs: A Multinational Corpus of Arabic Job Ads
2509.21972,2025-11-04,From Superficial Outputs to Superficial Learning: Risks of Large Language Models in Education
2509.22560,2025-09-29,LLM-Augmented and Fair Machine Learning Framework for University Admission Prediction
2509.22699,2026-01-08,Are you sure? Measuring models bias in content moderation through uncertainty
2509.22123,2025-09-29,"Multilingual Vision-Language Models, A Survey"
2509.22703,2025-09-30,AccessEval: Benchmarking Disability Bias in Large Language Models
2509.22711,2025-09-30,Beyond Western Politics: Cross-Cultural Benchmarks for Evaluating Partisan Associations in LLMs
2509.22486,2025-09-29,Your RAG is Unfair: Exposing Fairness Vulnerabilities in Retrieval-Augmented Generation via Backdoor Attacks
2509.22516,2025-09-29,TrueGradeAI: Retrieval-Augmented and Bias-Resistant AI for Transparent and Explainable Digital Assessments
2509.22345,2025-09-29,The InviTE Corpus: Annotating Invectives in Tudor English Texts for Computational Modeling
2509.22360,2025-09-29,CHRONOBERG: Capturing Language Evolution and Temporal Awareness in Foundation Models
2509.22367,2025-09-29,What Is The Political Content in LLMs' Pre- and Post-Training Data?
2509.22739,2025-10-01,"Painless Activation Steering: An Automated, Lightweight Approach for Post-Training Large Language Models"
2509.22856,2025-09-30,The Bias is in the Details: An Assessment of Cognitive Bias in LLMs
2509.23023,2026-02-09,"Deceive, Detect, and Disclose: Large Language Models Play Mini-Mafia"
2509.23311,2026-01-15,"Seeing Symbols, Missing Cultures: Probing Vision-Language Models' Reasoning on Fire Imagery and Cultural Meaning"
2509.23055,2025-09-30,Peacemaker or Troublemaker: How Sycophancy Shapes Multi-Agent Debate
2509.23434,2025-09-30,NeuroBridge: Using Generative AI to Bridge Cross-neurotype Communication Differences through Neurotypical Perspective-taking
2509.23441,2025-10-15,Cognition-of-Thought Elicits Social-Aligned Reasoning in Large Language Models
2509.23482,2025-09-30,GeoBS: Information-Theoretic Quantification of Geographic Bias in AI Models
2509.23627,2026-01-21,MASH: A Multiplatform and Multimodal Annotated Dataset for Societal Impact of Hurricane
2509.23639,2025-09-30,LightFair: Towards an Efficient Alternative for Fair T2I Diffusion via Debiasing Pre-trained Text Encoders
2509.23805,2025-09-30,Open-DeBias: Toward Mitigating Open-Set Bias in Language Models
2509.22907,2025-09-30,FedCF: Fair Federated Conformal Prediction
2509.23781,2025-09-30,GroupCoOp: Group-robust Fine-tuning via Group Prompt Learning
2509.23783,2025-09-30,Falcon: A Cross-Modal Evaluation Dataset for Comprehensive Safety Perception
2509.23886,2025-09-30,Towards Understanding Subliminal Learning: When and How Hidden Biases Transfer
2509.24101,2025-10-16,BTC-SAM: Leveraging LLMs for Generation of Bias Test Cases for Sentiment Analysis Models
2509.24468,2025-09-30,Bias Mitigation or Cultural Commonsense? Evaluating LLMs with a Japanese Dataset
2509.24482,2025-09-30,Beyond Genre: Diagnosing Bias in Music Embeddings Using Concept Activation Vectors
2509.24506,2025-09-30,Building Benchmarks from the Ground Up: Community-Centered Evaluation of LLMs in Healthcare Chatbot Settings
2509.25138,2025-09-30,Investigating Language and Retrieval Bias in Multilingual Previously Fact-Checked Claim Detection
2509.25154,2025-09-30,Who's Your Judge? On the Detectability of LLM-Generated Judgments
2509.24077,2025-09-30,Demographic-Agnostic Fairness without Harm
2509.24340,2026-01-21,humancompatible.detect: a Python Toolkit for Detecting Bias in AI Models
2509.25286,2025-10-07,Artificial Authority: From Machine Minds to Political Alignments. An Experimental Analysis of Democratic and Autocratic Biases in Large-Language Models
2509.24877,2025-10-28,The Emergence of Social Science of Large Language Models
2509.25435,2025-10-01,"GESA: Graph-Enhanced Semantic Allocation for Generalized, Fair, and Explainable Candidate-Role Matching"
2509.25086,2025-09-30,Towards Trustworthy Lexical Simplification: Exploring Safety and Efficiency with Small LLMs
2509.25283,2025-10-01,Effectiveness of Large Language Models in Simulating Regional Psychological Structures: An Empirical Examination of Personality and Subjective Well-being
2509.25795,2026-01-28,Assessing Algorithmic Bias in Language-Based Depression Detection: A Comparison of DNN and LLM Approaches
2509.25673,2025-10-01,Mitigating Biases in Language Models via Bias Unlearning
2509.25897,2025-10-01,RoleConflictBench: A Benchmark of Role Conflict Scenarios for Evaluating LLMs' Contextual Sensitivity
2509.25609,2025-10-01,A Framework for Studying AI Agent Behavior: Evidence from Consumer Choice Experiments
2509.25369,2025-10-01,Generative Value Conflicts Reveal LLM Priorities
2509.25516,2025-10-01,Beyond WER: Probing Whisper's Sub-token Decoder Across Diverse Language Resource Levels
2509.25539,2025-10-01,"Toxicity in Online Platforms and AI Systems: A Survey of Needs, Challenges, Mitigations, and Future Directions"
2509.26329,2025-10-01,TAU: A Benchmark for Cultural Sound Understanding Beyond Semantics
2509.25620,2025-10-01,LMOD+: A Comprehensive Multimodal Dataset and Benchmark for Developing and Evaluating Multimodal Large Language Models in Ophthalmology
2509.26584,2025-10-01,Fairness Testing in Retrieval-Augmented Generation: How Small Perturbations Reveal Bias in Small Language Models
2510.00055,2025-10-08,Adapting Large Language Models to Mitigate Skin Tone Biases in Clinical Dermatology Tasks: A Mixed-Methods Study
2509.26464,2025-10-01,Extreme Self-Preference in Language Models
2510.00041,2025-10-02,Culture In a Frame: C$^3$B as a Comic-Based Benchmark for Multimodal Culturally Awareness
2510.00045,2025-10-02,"Beyond the Prompt: Gender Bias in Text-to-Image Models, with a Case Study on Hospital Professions"
2510.00232,2026-02-17,BiasFreeBench: a Benchmark for Mitigating Bias in Large Language Model Responses
2510.00088,2025-10-02,Judging by Appearances? Auditing and Intervening Vision-Language Models for Bail Prediction
2509.26167,2025-10-01,'Too much alignment; not enough culture': Re-balancing cultural alignment practices in LLMs
2509.26543,2025-10-01,The Unheard Alternative: Contrastive Explanations for Speech-to-Text Models
2509.26238,2025-10-17,Beyond Linear Probes: Dynamic Safety Monitoring for Language Models
2509.26241,2025-10-01,From Fragile to Certified: Wasserstein Audits of Group Fairness Under Distribution Shift
2510.00962,2025-10-02,Analyzing Dialectical Biases in LLMs for Knowledge and Reasoning Benchmarks
2510.00691,2025-10-02,Inclusive Easy-to-Read Generation for Individuals with Cognitive Impairments
2510.00857,2025-10-02,ManagerBench: Evaluating the Safety-Pragmatism Trade-off in Autonomous LLMs
2510.01164,2025-10-02,Social Welfare Function Leaderboard: When LLM Agents Allocate Social Welfare
2509.26276,2025-10-01,Optimizing Speech Language Models for Acoustic Consistency
2509.26305,2025-10-01,Feedback Forensics: A Toolkit to Measure AI Personality
2510.00307,2025-10-02,BiasBusters: Uncovering and Mitigating Tool Selection Bias in Large Language Models
2510.01266,2025-10-03,OpenAI's GPT-OSS-20B Model and Safety Alignment Issues in a Low-Resource Language
2510.01281,2025-10-03,An Analysis of the New EU AI Act and A Proposed Standardization Framework for Machine Learning Fairness
2510.01238,2025-10-07,"Silent Tokens, Loud Effects: Padding in LLMs"
2510.01252,2025-11-14,GPT and Prejudice: A Sparse Approach to Understanding Learned Representations in Large Language Models
2510.01254,2026-02-03,Do Bias Benchmarks Generalise? Evidence from Voice-based Evaluation of Gender Bias in SpeechLLMs
2510.01255,2025-10-03,Longitudinal Monitoring of LLM Content Moderation of Social Issues
2510.01258,2025-11-04,Measuring Algorithmic Partisanship via Zero-Shot Classification and Its Implications on Political Discourse
2510.01639,2025-10-03,Understanding the Geospatial Reasoning Capabilities of LLMs: A Trajectory Recovery Perspective
2510.01622,2025-10-03,LLM4Rec: Large Language Models for Multimodal Generative Recommendation with Causal Debiasing
2510.01447,2025-10-08,SoftAdaClip: A Smooth Clipping Strategy for Fair and Private Model Training
2510.01219,2025-11-27,Uncovering Implicit Bias in Large Language Models with Concept Learning Dataset
2510.01924,2025-10-03,To Mask or to Mirror: Human-AI Alignment in Collective Reasoning
2510.01395,2025-10-03,Sycophantic AI Decreases Prosocial Intentions and Promotes Dependence
2510.02398,2025-10-06,When Voice Matters: Evidence of Gender Disparity in Positional Bias of SpeechLLMs
2510.02128,2025-10-03,The Disparate Impacts of Speculative Decoding
2510.02742,2025-10-06,IndiCASA: A Dataset and Bias Evaluation Framework in LLMs Using Contrastive Embedding Similarity in the Indian Context
2510.02637,2025-10-06,Homophily-induced Emergence of Biased Structures in LLM-based Multi-Agent AI Systems
2510.02334,2025-10-06,Where Did It Go Wrong? Attributing Undesirable LLM Behaviors via Representation Gradient Tracing
2510.02351,2025-10-06,"Language, Culture, and Ideology: Personalizing Offensiveness Detection in Political Tweets with Reasoning LLMs"
2510.02352,2025-10-06,Evaluating Bias in Spoken Dialogue LLMs for Real-World Decisions and Recommendations
2510.02362,2025-10-06,A Cross-Lingual Analysis of Bias in Large Language Models Using Romanian History
2510.01976,2025-10-03,"Taking a SEAT: Predicting Value Interpretations from Sentiment, Emotion, Argument, and Topic Annotations"
2510.01995,2025-10-03,"LLM-Based Multi-Task Bangla Hate Speech Detection: Type, Severity, and Target"
2510.02677,2025-10-06,ARMs: Adaptive Red-Teaming Agent against Multimodal Models with Plug-and-Play Attacks
2510.03136,2025-10-06,Beyond the Final Layer: Intermediate Representations for Better Multilingual Calibration in Large Language Models
2510.02036,2025-10-03,The Current State of AI Bias Bounties: An Overview of Existing Programmes and Research
2510.02181,2025-10-03,EvolveCaptions: Empowering DHH Users Through Real-Time Collaborative Captioning
2510.03384,2025-10-07,Implicit Values Embedded in How Humans and LLMs Complete Subjective Everyday Tasks
2510.02811,2025-10-06,A Computational Framework for Interpretable Text-Based Personality Assessment from Social Media
2510.02830,2025-10-06,Evaluating Large Language Models for IUCN Red List Species Information
2510.03553,2025-11-14,CCD-Bench: Probing Cultural Conflict in Large Language Model Decision-Making
2510.03514,2025-10-07,"Red Lines and Grey Zones in the Fog of War: Benchmarking Legal Risk, Moral Harm, and Regional Bias in Large Language Model Military Decision-Making"
2510.03898,2025-11-18,Read Between the Lines: A Benchmark for Uncovering Political Bias in Bangla News Articles
2510.03905,2025-10-07,Quantifying Gender Stereotypes in Japan between 1900 and 1999 with Word Embeddings
2510.03721,2025-10-07,Person-Centric Annotations of LAION-400M: Auditing Bias and Its Transfer to Models
2510.02554,2025-10-06,ToolTweak: An Attack on Tool Selection in LLM-based Agents
2510.03997,2025-10-07,Mapping Patient-Perceived Physician Traits from Nationwide Online Reviews with LLMs
2510.04226,2026-01-29,Epistemic Diversity and Knowledge Collapse in Large Language Models
2510.04303,2025-10-21,Audit the Whisper: Detecting Steganographic Collusion in Multi-Agent LLMs
2510.03667,2026-02-12,Invisible Saboteurs: Sycophantic LLMs Mislead Novices in Problem-Solving Tasks
2510.04528,2025-10-07,"Unified Threat Detection and Mitigation Framework (UTDMF): Combating Prompt Injection, Deception, and Bias in Enterprise-Scale Transformers"
2510.04045,2025-10-07,Exploring Chain-of-Thought Reasoning for Steerable Pluralistic Alignment
2510.04641,2025-10-14,Evaluating LLMs for Demographic-Targeted Social Bias Detection: A Comprehensive Benchmark Study
2510.04748,2025-10-08,Social bias is prevalent in user reports of hate and abuse online
2510.04484,2025-10-07,Psychological Steering in LLMs: An Evaluation of Effectiveness and Trustworthiness
2510.04891,2025-10-07,SocialHarmBench: Revealing LLM Vulnerabilities to Socially Harmful Requests
2510.04317,2025-10-07,FairAgent: Democratizing Fairness-Aware Machine Learning with LLM-Powered Agents
2510.05154,2025-12-10,Can AI Truly Represent Your Voice in Deliberations? A Comprehensive Study of Large-Scale Opinion Aggregation with LLMs
2510.05519,2025-10-08,Assessing Human Rights Risks in AI: A Framework for Model Evaluation
2510.05742,2026-02-04,Vipera: Blending Visual and LLM-Driven Guidance for Systematic Auditing of Text-to-Image Generative AI
2510.04721,2025-10-07,BrokenMath: A Benchmark for Sycophancy in Theorem Proving with LLMs
2510.05291,2025-10-08,Camellia: Benchmarking Cultural Biases in LLMs for Asian Languages
2510.05292,2025-10-08,Disclosure and Evaluation as Fairness Interventions for General-Purpose AI
2510.05864,2025-10-08,Evaluating the Sensitivity of LLMs to Harmful Contents in Long Input
2510.05869,2025-10-08,"The fragility of ""cultural tendencies"" in LLMs"
2510.05702,2025-11-04,Uncovering Representation Bias for Investment Decisions in Open-Source Large Language Models
2510.06354,2025-10-09,LLM Bias Detection and Mitigation through the Lens of Desired Distributions
2510.06370,2025-10-13,EVALUESTEER: Measuring Reward Model Steerability Towards Values and Preferences
2510.06371,2025-10-09,EverydayMMQA: A Multilingual and Multimodal Framework for Culturally Grounded Spoken Visual QA
2510.05484,2026-01-21,Evaluating LLM Safety Across Child Development Stages: A Simulated Agent Approach
2510.06391,2025-10-09,Reward Model Perspectives: Whose Opinions Do Reward Models Reward?
2510.06280,2025-10-09,Surgeons Are Indian Males and Speech Therapists Are White Females: Auditing Biases in Vision-Language Models for Healthcare Professionals
2510.05931,2025-10-23,Hire Your Anthropologist! Rethinking Culture Benchmarks Through an Anthropological Lens
2510.05942,2025-10-09,EvalMORAAL: Interpretable Chain-of-Thought and LLM-as-Judge Evaluation for Moral Alignment in Large Language Models
2510.06306,2025-10-09,"""Grillz on a hijabi"": Intersectional Identities in Fostering Critical AI Literacy"
2510.07156,2025-10-09,AI for Abolition? A Participatory Design Approach
2510.06841,2025-10-09,GAMBIT+: A Challenge Set for Evaluating Gender Bias in Machine Translation Quality Estimation Metrics
2510.06974,2025-10-09,Probing Social Identity Bias in Chinese LLMs with Gendered Pronouns and Social Groups
2510.06222,2025-10-09,Inducing State Anxiety in LLM Agents Reproduces Human-Like Biases in Consumer Decision-Making
2510.07064,2025-10-09,Prompt Optimization Across Multiple Agents for Representing Diverse Human Populations
2510.06924,2026-01-27,Ethical AI prompt recommendations in large language models using collaborative filtering
2510.07037,2026-01-09,Beyond Monolingual Assumptions: A Survey of Code-Switched NLP in the Era of Large Language Models across Modalities
2510.06700,2026-01-27,How Language Models Conflate Logical Validity with Plausibility: A Representational Analysis of Content Effects
2510.06871,2025-10-10,SaFeR-VLM: Toward Safety-aware Fine-grained Reasoning in Multimodal Models
2510.07662,2026-01-16,Textual Entailment is not a Better Bias Metric than Token Probability
2510.07968,2026-01-21,From Defender to Devil? Unintended Risk Interactions Induced by LLM Defenses
2510.07877,2025-11-03,"Ready to Translate, Not to Represent? Bias and Performance Gaps in Multilingual LLMs Across Language Families and Domains"
2510.07793,2025-11-25,LLM4Cell: A Survey of Large Language and Agentic Models for Single-Cell Biology
2510.07105,2025-10-09,Opt-ICL at LeWiDi-2025: Maximizing In-Context Signal from Rater Examples via Meta-Learning
2510.08114,2025-10-10,Can Risk-taking AI-Assistants suitably represent entities
2510.08120,2025-10-10,Interpreting LLM-as-a-Judge Policies via Verifiable Global Explanations
2510.07517,2026-01-08,When Identity Skews Debate: Anonymization for Bias-Reduced Multi-Agent Reasoning
2510.08236,2025-10-17,The Hidden Bias: A Study on Explicit and Implicit Political Stereotypes in Large Language Models
2510.08284,2025-10-10,Neuron-Level Analysis of Cultural Understanding in Large Language Models
2510.07488,2025-10-13,"Can Lessons From Human Teams Be Applied to Multi-Agent Systems? The Role of Structure, Diversity, and Interaction Dynamics"
2510.07290,2025-10-28,On the Convergence of Moral Self-Correction in Large Language Models
2510.07299,2025-10-09,Comparison of Speech Tasks in Human Expert and Machine Detection of Parkinson's Disease
2510.07321,2025-10-10,"How human is the machine? Evidence from 66,000 Conversations with Large Language Models"
2510.07328,2025-10-10,MultiFair: Multimodal Balanced Fairness-Aware Medical Classification with Dual-Level Gradient Modulation
2510.08524,2025-10-10,Efficient Prompt Optimisation for Legal Text Classification with Proxy Prompt Evaluator
2510.08543,2025-10-10,VideoNorms: Benchmarking Cultural Awareness of Video Language Models
2510.07686,2025-10-24,Stress-Testing Model Specs Reveals Character Differences among Language Models
2510.08608,2025-10-13,MMA-ASIA: A Multilingual and Multimodal Alignment Framework for Culturally-Grounded Evaluation
2510.08776,2025-10-13,Measuring Moral LLM Responses in Multilingual Capacities
2510.08915,2025-10-13,Artificial Impressions: Evaluating Large Language Model Behavior Through the Lens of Trait Impressions
2510.08614,2025-10-13,Gender Bias in Large Language Models for Healthcare: Assignment Consistency and Clinical Implications
2510.08047,2025-10-10,Pseudo2Real: Task Arithmetic for Pseudo-Label Correction in Automatic Speech Recognition
2510.08058,2025-10-10,FedDTRE: Federated Dialogue Generation Models Powered by Trustworthiness Evaluation
2510.08329,2025-10-10,AutoRed: A Free-form Adversarial Prompt Generation Framework for Automated Red Teaming
2510.09162,2025-10-20,Dr. Bias: Social Disparities in AI-Powered Medical Guidance
2510.09031,2025-10-13,"Web Crawler Restrictions, AI Training Datasets \&amp; Political Biases"
2510.08831,2025-10-13,"Everyone prefers human writers, including AI"
2510.09636,2025-10-14,Bias-Aware AI Chatbot for Engineering Advising at the University of Maryland A. James Clark School of Engineering
2510.09905,2025-10-14,The Personalization Trap: How User Memory Alters Emotional Reasoning in LLMs
2510.09528,2025-10-13,Accent-Invariant Automatic Speech Recognition via Saliency-Driven Spectrogram Masking
2510.09871,2025-10-14,CoBia: Constructed Conversations Can Trigger Otherwise Concealed Societal Biases in LLMs
2510.10142,2025-11-04,Debiasing LLMs by Masking Unfairness-Driving Attention Heads
2510.09947,2025-10-28,Beyond Fertility: Analyzing STRR as a Metric for Multilingual Tokenization Evaluation
2510.10077,2026-01-29,A-IPO: Adaptive Intent-driven Preference Optimization
2510.09116,2025-10-14,DITING: A Multi-Agent Evaluation Framework for Benchmarking Web Novel Translation
2510.09771,2025-11-19,PromptGuard at BLP-2025 Task 1: A Few-Shot Classification Framework Using Majority Voting and Keyword Similarity for Bengali Hate Speech Detection
2510.10002,2025-10-14,Deliberative Dynamics and Value Alignment in LLM Debates
2510.09344,2025-10-13,WildElder: A Chinese Elderly Speech Dataset from the Wild with Fine-Grained Manual Annotations
2510.09935,2025-10-14,Unpacking Hateful Memes: Presupposed Context and False Claims
2510.09694,2025-10-14,Kelp: A Streaming Safeguard for Large Models via Latent Dynamics-Guided Risk Detection
2510.10738,2025-10-14,Proficiency-Aware Adaptation and Data Augmentation for Robust L2 ASR
2510.10328,2025-10-28,Are LLMs Empathetic to All? Investigating the Influence of Multi-Demographic Personas on a Model's Empathy
2510.11064,2025-10-14,Detecting Gender Stereotypes in Scratch Programming Tutorials
2510.10998,2025-10-14,ABLEIST: Intersectional Disability Bias in LLM-Generated Hiring Scenarios
2510.11167,2025-10-14,Bridging Gaps in Hate Speech Detection: Meta-Collections and Benchmarks for Low-Resource Iberian Languages
2510.11178,2026-01-27,BLEnD-Vis: Benchmarking Multimodal Cultural Understanding in Vision Language Models
2510.11131,2025-10-14,SocioBench: Modeling Human Behavior in Sociological Surveys with Large Language Models
2510.11222,2025-10-14,Fairness Metric Design Exploration in Multi-Domain Moral Sentiment Classification using Transformer-Based Models
2510.11254,2026-01-28,"Do Psychometric Tests Work for Large Language Models? Evaluation of Tests on Sexism, Racism, and Morality"
2510.10880,2025-10-14,Where on Earth? A Vision-Language Benchmark for Probing Model Geolocation Skills Across Scales
2510.10971,2025-10-14,RV-HATE: Reinforced Multi-Module Voting for Implicit Hate Speech Detection
2510.10978,2026-01-27,Does LLM Focus on the Right Words? Mitigating Context Bias in LLM-based Recommenders
2510.10943,2025-10-14,"The Social Cost of Intelligence: Emergence, Propagation, and Amplification of Stereotypical Bias in Multi-Agent Systems"
2510.11434,2025-10-14,"Who are you, ChatGPT? Personality and Demographic Style in LLM-Generated Content"
2510.11557,2026-01-01,Invisible Languages of the LLM Universe
2510.11563,2025-10-14,Culturally-Aware Conversations: A Framework & Benchmark for LLMs
2510.11742,2025-10-15,The Ethics Engine: A Modular Pipeline for Accessible Psychometric Assessment of Large Language Models
2510.12036,2026-02-04,On the Interplay between Human Label Variation and Model Fairness
2510.11928,2025-10-15,Discrepancy Detection at the Data Level: Toward Consistent Multilingual Question Answering
2510.12217,2025-10-17,HALF: Harm-Aware LLM Fairness Evaluation Aligned with Deployment
2510.12229,2025-12-08,Analysing Moral Bias in Finetuned LLMs through Mechanistic Interpretability
2510.11586,2025-10-14,Survey Response Generation: Generating Closed-Ended Survey Responses In-Silico with Large Language Models
2510.12367,2025-10-15,LLM-REVal: Can We Trust LLM Reviewers Yet?
2510.12389,2025-10-15,Tokenization Disparities as Infrastructure Bias: How Subword Systems Create Inequities in LLM Access and Efficiency
2510.12689,2025-11-18,From Delegates to Trustees: How Optimizing for Long-Term Interests Shapes Bias and Alignment in LLM
2510.12462,2025-10-15,Evaluating and Mitigating LLM-as-a-judge Bias in Communication Systems
2510.12423,2025-10-15,MTOS: A LLM-Driven Multi-topic Opinion Simulation Framework for Exploring Echo Chamber Dynamics
2510.12925,2025-10-16,Who's Asking? Evaluating LLM Robustness to Inquiry Personas in Factual Question Answering
2510.12943,2025-10-21,The Curious Case of Curiosity across Human Cultures and LLMs
2510.12133,2025-10-15,SafeMT: Multi-turn Safety for Multimodal Language Models
2510.12818,2025-10-16,MEDEQUALQA: Evaluating Biases in LLMs with Counterfactual Reasoning
2510.12836,2025-10-16,"BanglaMATH : A Bangla benchmark dataset for testing LLM mathematical reasoning at grades 6, 7, and 8"
2510.13091,2025-10-17,Unmasking Hiring Bias: Platform Data Analysis and Controlled Experiments on Bias in Online Freelance Marketplaces via RAG-LLM Generated Contents
2510.12516,2025-10-15,BoN Appetit Team at LeWiDi-2025: Best-of-N Test-time Scaling Can Not Stomach Annotation Disagreements (Yet)
2510.13202,2025-10-16,LLM-Guided Synthetic Augmentation (LGSA) for Mitigating Bias in AI Systems
2510.13154,2025-10-16,"I Am Aligned, But With Whom? MENA Values Benchmark for Evaluating Cultural Alignment and Multilingual Bias in LLMs"
2510.13183,2025-10-16,DSCD: Large Language Model Detoxification with Self-Constrained Decoding
2510.13351,2025-10-16,Protect: Towards Robust Guardrailing Stack for Trustworthy Enterprise LLM Systems
2510.12993,2025-10-30,"A Multilingual, Large-Scale Study of the Interplay between LLM Safeguards, Personalisation, and Disinformation"
2510.12316,2025-10-15,Beating Harmful Stereotypes Through Facts: RAG-based Counter-speech Generation
2510.13259,2025-10-16,Hypernetworks for Perspectivist Adaptation
2510.12857,2025-10-16,Adaptive Generation of Bias-Eliciting Questions for LLMs
2510.13852,2025-10-30,ConsistencyAI: A Benchmark to Assess LLMs' Factual Consistency When Responding to Different Demographic Groups
2510.13837,2025-10-17,Seeing Hate Differently: Hate Subspace Modeling for Culture-Aware Hate Speech Detection
2510.14014,2025-10-17,CRaFT: An Explanation-Based Framework for Evaluating Cultural Reasoning in Multilingual Language Models
2510.14030,2025-10-17,"Think Globally, Group Locally: Evaluating LLMs Using Multi-Lingual Word Grouping Games"
2510.14106,2025-10-17,Generating Fair Consensus Statements with Social Choice on Token-Level MDPs
2510.13902,2025-10-17,Investigating Political and Demographic Associations in Large Language Models Through Moral Foundations Theory
2510.13914,2025-10-17,A11YN: aligning LLMs for accessible web UI code generation
2510.13931,2025-10-17,Robust or Suggestible? Exploring Non-Clinical Induction in LLM Drug-Safety Decisions
2510.14207,2025-10-22,Echoes of Human Malice in Agents: Benchmarking LLMs for Multi-Turn Online Harassment Attacks
2510.13580,2026-02-05,Sparse Subnetwork Enhancement for Underrepresented Languages in Large Language Models
2510.13465,2025-10-16,"Discrimination, artificial intelligence, and algorithmic decision-making"
2510.14565,2025-10-17,Assessing Socio-Cultural Alignment and Technical Safety of Sovereign LLMs
2510.13106,2025-10-16,TRUSTVIS: A Multi-Dimensional Trustworthiness Evaluation Framework for Large Language Models
2510.14949,2026-02-02,DialectGen: Benchmarking and Improving Dialect Robustness in Multimodal Generation
2510.15007,2025-10-20,Rethinking Toxicity Evaluation in Large Language Models: A Multi-Label Perspective
2510.15009,2025-10-20,"Can generative AI figure out figurative language? The influence of idioms on essay scoring by ChatGPT, Gemini, and Deepseek"
2510.15232,2025-10-20,FinTrust: A Comprehensive Benchmark of Trustworthiness Evaluation in Finance Domain
2510.15240,2025-10-20,The Face of Persuasion: Analyzing Bias and Generating Culture-Aware Ads
2510.14369,2025-10-17,From Binary to Bilingual: How the National Weather Service is Using Artificial Intelligence to Develop a Comprehensive Translation Program
2510.14276,2025-10-17,Qwen3Guard Technical Report
2510.15406,2025-10-20,VocalBench-DF: A Benchmark for Evaluating Speech LLM Robustness to Disfluency
2510.15716,2025-10-20,Direct Preference Optimization with Unobserved Preference Heterogeneity: The Necessity of Ternary Preferences
2510.15685,2025-10-20,Leveraging LLMs for Context-Aware Implicit Textual and Multimodal Hate Speech Detection
2510.15752,2025-10-20,NDM: A Noise-driven Detection and Mitigation Framework against Implicit Sexual Intentions in Text-to-Image Generation
2510.15313,2025-10-20,Capabilities and Evaluation Biases of Large Language Models in Classical Chinese Poetry Generation: A Case Study on Tang Poetry
2510.15217,2025-11-05,"Reflections from Research Roundtables at the Conference on Health, Inference, and Learning (CHIL) 2025"
2510.16128,2025-10-21,Prompt injections as a tool for preserving identity in GAI image descriptions
2510.16257,2025-10-21,Towards Low-Resource Alignment to Diverse Perspectives with Sparse Feedback
2510.16555,2025-10-21,Urban-R1: Reinforced MLLMs Mitigate Geospatial Biases for Urban General Intelligence
2510.15951,2025-10-21,Attention to Non-Adopters
2510.16056,2025-10-21,Algorithmic Fairness in AI Surrogates for End-of-Life Decision-Making
2510.16829,2025-10-21,Who's Asking? Simulating Role-Based Questions for Conversational AI Evaluation
2510.16198,2025-10-21,EgMM-Corpus: A Multimodal Vision-Language Dataset for Egyptian Culture
2510.17247,2026-02-12,From Preferences to Prejudice: The Role of Alignment Tuning in Shaping Social Bias in Video Diffusion Models
2510.17173,2025-10-22,Offline Policy Evaluation of Multi-Turn LLM Health Coaching with Real Users
2510.16380,2025-10-21,"MoReBench: Evaluating Procedural and Pluralistic Moral Reasoning in Language Models, More than Outcomes"
2510.17062,2025-10-21,Investigating Thinking Behaviours of Reasoning-Based Language Models for Social Bias Mitigation
2510.17476,2025-10-21,Disparities in Multilingual LLM-Based Healthcare Q&A
2510.16712,2025-10-28,The Chameleon Nature of LLMs: Quantifying Multi-Turn Stance Instability in Search-Enabled Language Models
2510.16727,2025-10-21,Beacon: Single-Turn Diagnosis and Mitigation of Latent Sycophancy in Large Language Models
2510.17516,2025-10-28,SimBench: Benchmarking the Ability of Large Language Models to Simulate Human Behaviors
2510.17252,2025-10-21,How News Feels: Understanding Affective Bias in Multilingual Headlines for Human-Centered Media Design
2510.18374,2026-01-27,Towards Fair ASR For Second Language Speakers Using Fairness Prompted Finetuning
2510.18454,2025-10-22,Engagement Undermines Safety: How Stereotypes and Toxicity Shape Humor in Language Models
2510.18473,2025-10-22,Benchmarking Fairness-aware Graph Neural Networks in Knowledge Graphs
2510.17880,2025-10-22,Outraged AI: Large language models prioritise emotion over cost in fairness enforcement
2510.18019,2025-10-22,Is Multilingual LLM Watermarking Truly Multilingual? A Simple Back-Translation Solution
2510.18131,2025-10-22,BlueCodeAgent: A Blue Teaming Agent Enabled by Automated Red Teaming for CodeGen AI
2510.18158,2025-10-22,Design and Challenges of Mental Health Assessment Tools Based on Natural Language Interaction
2510.17652,2026-01-09,Qomhra: A Bilingual Irish and English Large Language Model
2510.17942,2025-10-22,Trust in foundation models and GenAI: A geographic perspective
2510.18510,2025-10-22,Identity-Aware Large Language Models require Cultural Reasoning
2510.18526,2025-12-08,Counterfactual Reasoning for Steerable Pluralistic Value Alignment of Large Language Models
2510.18902,2026-02-02,Evaluating LLMs for Career Guidance: Comparative Analysis of Computing Competency Recommendations Across Ten African Countries
2510.18914,2026-02-02,Context-aware Fairness Evaluation and Mitigation in LLMs
2510.18582,2025-10-22,Beyond the Explicit: A Bilingual Dataset for Dehumanization Detection in Social Media
2510.18556,2025-10-22,Building Trust in Clinical LLMs: Bias Analysis and Dataset Transparency
2510.19331,2025-10-23,Algorithmic Fairness in NLP: Persona-Infused LLMs for Human-Centric Hate Speech Detection
2510.19616,2025-10-23,PBBQ: A Persian Bias Benchmark Dataset Curated with Human-AI Collaboration for Large Language Models
2510.18214,2025-12-04,VLSU: Mapping the Limits of Joint Multimodal Understanding for AI Safety
2510.19196,2025-10-23,"Integration of AI in STEM Education, Addressing Ethical Challenges in K-12 Settings"
2510.18803,2025-10-22,Decoding Funded Research: Comparative Analysis of Topic Models and Uncovering the Effect of Gender and Geographic Location
2510.18806,2025-10-22,Integrating Large Language Models and Evaluating Student Outcomes in an Introductory Computer Science Course
2510.19008,2025-10-23,"Plural Voices, Single Agent: Towards Inclusive AI in Multi-User Domestic Spaces"
2510.19028,2025-10-28,Are they lovers or friends? Evaluating LLMs' Social Reasoning in English and Korean Dialogues
2510.19033,2025-10-23,"""Over-the-Hood"" AI Inclusivity Bugs and How 3 AI Product Teams Found and Fixed Them"
2510.19952,2025-10-24,Synthetic social data: trials and tribulations
2510.19421,2025-10-23,FairNet: Dynamic Fairness Correction without Performance Loss via Contrastive Conditional LoRA
2510.18932,2025-10-23,Evaluating LLM Story Generation through Large-scale Network Analysis of Social Structures
2510.19893,2025-10-24,FairGRPO: Fair Reinforcement Learning for Equitable Clinical Reasoning
2510.20042,2025-10-24,Exposing Blindspots: Cultural Bias Evaluation in Generative Image Models
2510.20043,2025-10-24,From Facts to Folklore: Evaluating Large Language Models on Bengali Cultural Knowledge
2510.20061,2025-10-24,Ask What Your Country Can Do For You: Towards a Public Red Teaming Model
2510.20154,2025-10-24,Are Stereotypes Leading LLMs' Zero-Shot Stance Detection ?
2510.19708,2025-10-23,Unfair Mistakes on Social Media: How Demographic Characteristics influence Authorship Attribution
2510.20428,2025-10-24,An Empirical Study of Sample Selection Strategies for Large Language Model Repair
2510.20782,2025-10-24,A Use-Case Specific Dataset for Measuring Dimensions of Responsible Performance in LLM-generated Text
2510.20508,2025-10-24,Assessing the Political Fairness of Multilingual LLMs: A Case Study based on a 21-way Multiparallel EuroParl Dataset
2510.20584,2025-10-24,Can ChatGPT Code Communication Data Fairly?: Empirical Evidence from Multiple Collaborative Tasks
2510.19973,2025-11-05,A Tutorial on Cognitive Biases in Agentic AI-Driven 6G Autonomous Networks
2510.21180,2025-10-27,Social Simulations with Large Language Model Risk Utopian Illusion
2510.21011,2025-10-27,Race and Gender in LLM-Generated Personas: A Large-Scale Audit of 41 Occupations
2510.21363,2025-10-27,FairImagen: Post-Processing for Bias Mitigation in Text-to-Image Models
2510.21192,2025-10-27,Gen-Review: A Large-scale Dataset of AI-Generated (and Human-written) Peer Reviews
2510.20621,2025-11-03,Towards the Formalization of a Trustworthy AI for Mining Interpretable Models explOiting Sophisticated Algorithms
2510.21293,2025-10-29,Understanding AI Trustworthiness: A Scoping Review of AIES & FAccT Articles
2510.21120,2025-10-27,SafetyPairs: Isolating Safety Critical Image Features with Counterfactual Image Generation
2510.21821,2025-10-28,Prompt fidelity of ChatGPT4o / Dall-E3 text-to-image visualisations
2510.22084,2025-10-28,"Compositional Bias Control in Large Language Models: Preference Learning Fails, Supervision Succeeds"
2510.21524,2025-10-27,EU-Agent-Bench: Measuring Illegal Behavior of LLM Agents Under EU Law
2510.21909,2025-10-28,Explaining and Mitigating Crosslingual Tokenizer Inequities
2510.21091,2026-01-28,Doubly-Regressing Approach for Subgroup Fairness
2510.22170,2025-10-28,Measure what Matters: Psychometric Evaluation of AI with Situational Judgment Tests
2510.22286,2025-10-28,"Hybrid Instructor Ai Assessment In Academic Projects: Efficiency, Equity, And Methodological Lessons"
2510.22300,2025-11-24,"T2I-RiskyPrompt: A Benchmark for Safety Evaluation, Attack, and Defense on Text-to-Image Model"
2510.22729,2025-10-28,Critical Insights into Leading Conversational AI Models
2510.22823,2025-10-28,Cross-Lingual Stability and Bias in Instruction-Tuned Language Models for Humanitarian NLP
2510.22827,2025-11-20,FairJudge: MLLM Judging for Social Attributes and Prompt Image Alignment
2510.22475,2025-10-28,CHOIR: Collaborative Harmonization fOr Inference Robustness
2510.22495,2025-10-28,A Sociophonetic Analysis of Racial Bias in Commercial ASR Systems Using the Pacific Northwest English Corpus
2510.22960,2025-10-28,FAME: Fairness-aware Attention-modulated Video Editing
2510.22057,2025-10-28,Automatic Assessment of Students' Classroom Engagement with Bias Mitigated Multi-task Model
2510.22422,2025-10-28,Group size effects and collective misalignment in LLM multi-agent systems
2510.22426,2025-10-28,Can ChatGPT be a good follower of academic paradigms? Research quality evaluations in conflicting areas of sociology
2510.23650,2025-10-29,Beyond Hidden-Layer Manipulation: Semantically-Aware Logit Interventions for Debiasing LLMs
2510.23693,2025-10-29,On the Societal Impact of Machine Learning
2510.22747,2026-02-16,Low-Resource Dialect Adaptation of Large Language Models: A French Dialect Case-Study
2510.23751,2025-10-29,Debiasing Reward Models by Representation Learning with Guarantees
2510.23319,2025-10-28,Arabic Little STT: Arabic Children Speech Recognition Dataset
2510.23523,2025-10-28,From Perceived Effectiveness to Measured Impact: Identity-Aware Evaluation of Automated Counter-Stereotypes
2510.23921,2025-10-29,Breaking the Benchmark: Revealing LLM Bias via Minimal Contextual Augmentation
2510.22904,2025-10-28,Modeling Political Discourse with Sentence-BERT and BERTopic
2510.24081,2025-10-29,Global PIQA: Evaluating Physical Commonsense Reasoning Across 100+ Languages and Cultures
2510.24328,2025-10-29,Beyond MCQ: An Open-Ended Arabic Cultural QA Benchmark with Dialect Variants
2510.24236,2025-11-04,Towards Transparent Reasoning: What Drives Faithfulness in Large Language Models?
2510.24488,2025-10-29,A word association network methodology for evaluating implicit biases in LLMs compared to humans
2510.23628,2025-11-11,Matchings Under Biased and Correlated Evaluations
2510.24958,2026-01-07,Adaptive Data Collection for Latin-American Community-sourced Evaluation of Stereotypes (LACES)
2510.24582,2025-10-29,Politically Speaking: LLMs on Changing International Affairs
2510.24626,2026-01-16,Relative Scaling Laws for LLMs
2510.24942,2025-10-30,Finding Culture-Sensitive Neurons in Vision-Language Models
2510.23828,2025-10-29,Beyond Understanding: Evaluating the Pragmatic Gap in LLMs' Cultural Processing of Figurative Language
2510.24823,2025-10-30,Do Chatbots Walk the Talk of Responsible AI?
2510.24438,2025-10-29,Can LLMs Write Faithfully? An Agent-Based Evaluation of LLM-generated Islamic Content
2510.25167,2025-10-30,Scaling Cultural Resources for Improving Generative Models
2510.23935,2026-02-10,Understanding Fairness and Prediction Error through Subspace Decomposition and Influence Analysis
2510.23965,2025-10-30,The Sign Estimator: LLM Alignment in the Face of Choice Heterogeneity
2510.25805,2025-10-31,Ideology-Based LLMs for Content Moderation
2510.25110,2026-02-06,DEBATE: A Large-Scale Benchmark for Evaluating Opinion Dynamics in Role-Playing LLM Agents
2510.25187,2025-10-30,Testing Cross-Lingual Text Comprehension In LLMs Using Next Sentence Prediction
2510.25967,2025-10-31,Semantic Label Drift in Cross-Cultural Translation
2510.25908,2025-10-31,SciTrust 2.0: A Comprehensive Framework for Evaluating Trustworthiness of Large Language Models in Scientific Applications
2510.25409,2025-10-31,BhashaBench V1: A Comprehensive Benchmark for the Quadrant of Indic Domains
2510.26024,2025-10-31,Rethinking Cross-lingual Alignment: Balancing Transfer and Cultural Erasure in Multilingual LLMs
2510.26038,2025-10-31,Do Students Debias Like Teachers? On the Distillability of Bias Mitigation Methods
2510.26899,2026-02-03,How Similar Are Grokipedia and Wikipedia? A Multi-Dimensional Textual and Structural Comparison
2510.27038,2025-11-03,Dataset Creation and Baseline Models for Sexism Detection in Hausa
2510.27087,2025-11-03,Characterizing Selective Refusal Bias in Large Language Models
2510.26861,2026-01-27,Evaluating Perspectival Biases in Cross-Modal Retrieval
2510.27489,2025-11-03,Auditing LLM Editorial Bias in News Media Exposure
2510.26254,2025-10-31,Language Models Are Borrowing-Blind: A Multilingual Evaluation of Loanword Identification across 10 Languages
2510.26707,2025-10-31,Value Drifts: Tracing Value Alignment During LLM Post-Training
2510.27543,2025-11-03,DialectalArabicMMLU: Benchmarking Dialectal Capabilities in Arabic and Multilingual Language Models
2511.00177,2025-11-04,Can SAEs reveal and mitigate racial biases of LLMs in healthcare?
2510.27248,2025-11-03,The Role of Search Engines in the Amplification and Suppression of LGBTIQ+ Polarization
2510.27269,2026-01-05,Why Do Multilingual Reasoning Gaps Emerge in Reasoning Language Models?
2510.27361,2025-11-03,Back to the Communities: A Mixed-Methods and Community-Driven Evaluation of Cultural Sensitivity in Text-to-Image Models
2510.27401,2025-11-03,"""Koyi Sawaal Nahi Hai"": Reimagining Maternal Health Chatbots for Collective, Culturally Grounded Care"
2510.27672,2025-11-03,Culture Cartography: Mapping the Landscape of Cultural Knowledge
2511.00657,2025-11-04,Do You Know About My Nation? Investigating Multilingual Language Models' Cultural Literacy Through Factual Knowledge
2511.00749,2025-11-06,Erasing 'Ugly' from the Internet: Propagation of the Beauty Myth in Text-Image Models
2511.00476,2026-02-06,Remembering Unequally: Global and Disciplinary Bias in LLM Reconstruction of Scholarly Coauthor Lists
2511.00379,2025-11-04,Diverse Human Value Alignment for Large Language Models via Ethical Reasoning
2511.00382,2025-11-04,Efficiency vs. Alignment: Investigating Safety and Fairness Risks in Parameter-Efficient Fine-Tuning of LLMs
2511.00924,2025-11-04,The Biased Oracle: Assessing LLMs' Understandability and Empathy in Medical Diagnoses
2511.00854,2025-11-04,TriCon-Fair: Triplet Contrastive Learning for Mitigating Social Bias in Pre-trained Language Models
2511.00875,2025-11-04,Controlling Gender Bias in Retrieval via a Backpack Architecture
2511.00519,2025-11-04,Exploring and Mitigating Gender Bias in Encoder-Based Transformer Models
2511.00230,2025-11-25,Neural Transparency: Mechanistic Interpretability Interfaces for Anticipating Model Behaviors for Personalized AI
2510.26937,2025-11-03,MM-OPERA: Benchmarking Open-ended Association Reasoning for Large Vision-Language Models
2511.01054,2025-11-04,MedEqualizer: A Framework Investigating Bias in Synthetic Medical Data and Mitigation via Augmentation
2511.00689,2025-11-05,Do Methods to Jailbreak and Defend LLMs Generalize Across Languages?
2511.01187,2026-02-03,"Surfacing Subtle Stereotypes: A Multilingual, Debate-Oriented Evaluation of Modern LLMs"
2511.01512,2025-11-04,BanglaNirTox: A Large-scale Parallel Corpus for Explainable AI in Bengali Text Detoxification
2511.00960,2025-11-05,The Riddle of Reflection: Evaluating Reasoning and Self-Awareness in Multilingual LLMs using Indian Riddles
2511.01840,2025-11-04,A Detailed Study on LLM Biases Concerning Corporate Social Responsibility and Green Supply Chains
2511.01864,2025-11-05,Missing the Margins: A Systematic Literature Review on the Demographic Representativeness of LLMs
2511.02246,2025-11-05,Demo: Statistically Significant Results On Biases and Errors of LLMs Do Not Guarantee Generalizable Results
2511.01069,2025-11-04,Happiness as a Measure of Fairness
2511.01086,2025-11-04,Do Employee Verification Mechanisms Alter Cultural Signals in Employer Reviews?
2511.01805,2025-11-05,Accumulating Context Changes the Beliefs of Language Models
2511.02109,2026-01-13,Deep Value Benchmark: Measuring Whether Models Generalize Deep Values or Shallow Preferences
2511.02366,2025-12-23,LiveSecBench: A Dynamic and Event-Driven Safety Benchmark for Chinese Language Model Applications
2511.02600,2025-11-05,On The Dangers of Poisoned LLMs In Security Automation
2511.03369,2026-01-27,Silenced Biases: The Dark Side LLMs Learned to Refuse
2511.03180,2025-11-06,BengaliMoralBench: A Benchmark for Auditing Moral Reasoning in Large Language Models within Bengali Language and Culture
2511.03198,2025-11-06,Large Language Models as Information Sources: Distinctive Characteristics and Types of Low-Quality Information
2511.02752,2025-11-05,AI Diffusion in Low Resource Language Countries
2511.03699,2025-11-06,Do Androids Dream of Unseen Puppeteers? Probing for a Conspiracy Mindset in Large Language Models
2511.02615,2025-11-05,Community Notes are Vulnerable to Rater Bias and Manipulation
2511.03375,2025-11-06,"I Prompt, it Generates, we Negotiate. Exploring Text-Image Intertextuality in Human-AI Co-Creation of Visual Narratives with VLMs"
2511.03880,2025-11-07,Evaluating Machine Translation Datasets for Low-Web Data Languages: A Gendered Lens
2511.04157,2025-11-07,Are We Aligned? A Preliminary Investigation of the Alignment of Responsible AI Values between LLMs and Human Judgment
2511.03939,2025-11-07,"RLHF: A comprehensive Survey for Cultural, Multimodal and Low Latency Alignment Methods"
2511.03980,2025-11-07,LLMs and Cultural Values: the Impact of Prompt Language and Explicit Cultural Framing
2511.04090,2025-11-07,Advancing Equitable AI: Evaluating Cultural Expressiveness in LLMs for Latin American Contexts
2511.03304,2025-11-06,Extending Fair Null-Space Projections for Continuous Attributes to Kernel Methods
2511.02802,2025-12-03,TabTune: A Unified Library for Inference and Fine-Tuning Tabular Foundation Models
2511.04588,2025-11-07,Question the Questions: Auditing Representation in Online Deliberative Processes
2511.04706,2025-11-10,Prioritize Economy or Climate Action? Investigating ChatGPT Response Differences Based on Inferred Political Orientation
2511.04727,2025-11-10,IndicVisionBench: Benchmarking Cultural and Multilingual Understanding in VLMs
2511.04401,2025-11-07,Spurious Correlation-Aware Embedding Regularization for Worst-Group Robustness
2511.04703,2025-11-10,Measuring what Matters: Construct Validity in Large Language Model Benchmarks
2511.05018,2025-11-10,Pluralistic Behavior Suite: Stress-Testing Multi-Turn Adherence to Custom Behavioral Policies
2511.05681,2025-11-11,Culture in Action: Evaluating Text-to-Image Models through Social Activities
2511.05682,2025-11-11,VMDT: Decoding the Trustworthiness of Video Foundation Models
2511.06000,2025-12-22,LLMs Do Not See Age: Assessing Demographic Bias in Automated Systematic Review Synthesis
2511.05162,2025-11-10,Mind the Gap... or Not? How Translation Errors and Evaluation Details Skew Multilingual Results
2511.06005,2025-11-11,How Reasoning Influences Intersectional Biases in Vision Language Models
2511.06023,2025-11-11,Multi-Reward GRPO Fine-Tuning for De-biasing Large Language Models: A Study Based on Chinese-Context Discrimination Data
2511.05613,2025-11-11,Who Evaluates AI's Social Impacts? Mapping Coverage and Gaps in First and Third Party Evaluations
2511.05766,2025-11-11,Anchors in the Machine: Behavioral and Attributional Evidence of Anchoring Bias in LLMs
2511.05407,2025-11-10,Minority-Aware Satisfaction Estimation in Dialogue Systems via Preference-Adaptive Reinforcement Learning
2511.06148,2026-01-13,Large Language Models Develop Novel Social Biases Through Adaptive Exploration
2511.06160,2025-11-11,Evaluating Implicit Biases in LLM Reasoning through Logic Grid Puzzles
2511.05269,2025-11-10,TAMAS: Benchmarking Adversarial Risks in Multi-Agent LLM Systems
2511.05729,2025-11-14,Food as Soft Power: Taiwanese Gastrodiplomacy on Social Media and Algorithmic Suppression
2511.06592,2025-11-11,MedVoiceBias: A Controlled Study of Audio LLM Behavior in Clinical Decision-Making
2511.06391,2025-11-11,HatePrototypes: Interpretable and Transferable Representations for Implicit and Explicit Hate Speech Detection
2511.06700,2025-11-11,Place Matters: Comparing LLM Hallucination Rates for Place-Based Legal Queries
2511.06676,2025-11-11,How AI Fails: An Interactive Pedagogical Tool for Demonstrating Dialectal Bias in Automated Toxicity Models
2511.06531,2025-11-11,Ibom NLP: A Step Toward Inclusive Natural Language Processing for Nigeria's Minority Languages
2511.07065,2025-11-11,Aligning Attention with Human Rationales for Self-Explaining Hate Speech Detection
2511.07091,2025-11-11,How Bias Binds: Measuring Hidden Associations for Bias Control in Text-to-Image Compositions
2511.07277,2026-02-12,Designing Beyond Language: Sociotechnical Barriers in AI Health Technologies for Limited English Proficiency
2511.06051,2025-11-11,Efficient Hate Speech Detection: A Three-Layer LoRA-Tuned BERTweet Framework
2511.06078,2025-11-11,"Simulating Students with Large Language Models: A Review of Architecture, Mechanisms, and Role Modelling in Education with Generative AI"
2511.07318,2025-11-24,When Bias Pretends to Be Truth: How Spurious Correlations Undermine Hallucination Detection in LLMs
2511.07204,2025-11-11,Evaluating Online Moderation Via LLM-Powered Counterfactual Simulations
2511.06954,2025-11-11,Personalizing Emotion-aware Conversational Agents? Exploring User Traits-driven Conversational Strategies for Enhanced Interaction
2511.07871,2025-11-14,AlignSurvey: A Comprehensive Benchmark for Human Preferences Alignment in Social Surveys
2511.07338,2025-12-02,DeepPersona: A Generative Engine for Scaling Deep Synthetic Personas
2511.08132,2025-11-14,National Institute on Aging PREPARE Challenge: Early Detection of Cognitive Impairment Using Speech -- The SpeechCARE Solution
2511.07729,2025-11-12,"Designing Mental-Health Chatbots for Indian Adolescents: Mixed-Methods Evidence, a Boundary-Object Lens, and a Design-Tensions Framework"
2511.08225,2025-11-12,Benchmarking Educational LLMs with Analytics: A Case Study on Gender Bias in Feedback
2511.07722,2025-11-12,Critical Confabulation: Can LLMs Hallucinate for Social Good?
2511.08594,2025-11-13,Diverse Preference Learning for Capabilities and Alignment
2511.08247,2025-11-12,ParliaBench: An Evaluation and Benchmarking Framework for LLM-Generated Parliamentary Speech
2511.08484,2025-11-12,Patching LLM Like Software: A Lightweight Method for Improving Safety Policy in Large Language Models
2511.08654,2025-11-13,AI-generated podcasts: Synthetic Intimacy and Cultural Translation in NotebookLM's Audio Overviews
2511.08565,2025-11-12,Moral Susceptibility and Robustness under Persona Role-Play in Large Language Models
2511.08917,2025-11-25,"""It's trained by non-disabled people"": Evaluating How Image Quality Affects Product Captioning with VLMs"
2511.08721,2025-11-13,Benevolent Dictators? On LLM Agent Behavior in Dictator Games
2511.07485,2025-11-12,"When Are Learning Biases Equivalent? A Unifying Framework for Fairness, Robustness, and Distribution Shift"
2511.08880,2025-11-13,"Simulating Psychological Risks in Human-AI Interactions: Real-Case Informed Modeling of AI-Induced Addiction, Anorexia, Depression, Homicide, Psychosis, and Suicide"
2511.09663,2025-11-14,Alignment Debt: The Hidden Work of Making AI Usable
2511.09039,2025-11-13,Fairness-Aware Few-Shot Learning for Audio-Visual Stress Detection
2511.09058,2025-11-13,VietMEAgent: Culturally-Aware Few-Shot Multimodal Explanation for Vietnamese Visual Question Answering
2511.10089,2025-11-18,T2IBias: Uncovering Societal Bias Encoded in the Latent Space of Text-to-Image Generative Models
2511.09294,2025-11-13,GuardFed: A Trustworthy Federated Learning Framework Against Dual-Facet Attacks
2511.10287,2025-12-12,OutSafe-Bench: A Benchmark for Multimodal Offensive Content Detection in Large Language Models
2511.10689,2025-11-17,Equilibrium Dynamics and Mitigation of Gender Bias in Synthetically Generated Data
2511.10695,2025-12-02,"""As Eastern Powers, I will veto."" : An Investigation of Nation-level Bias of Large Language Models in International Relations"
2511.10752,2025-11-17,An External Fairness Evaluation of LinkedIn Talent Search
2511.10459,2025-11-19,LocalBench: Benchmarking LLMs on County-Level Local Knowledge and Reasoning
2511.10262,2026-02-10,MTR-DuplexBench: Towards a Comprehensive Evaluation of Multi-Round Conversations for Full-Duplex Speech Language Models
2511.10615,2025-11-14,Towards Blind and Low-Vision Accessibility of Lightweight VLMs and Custom LLM-Evals
2511.10846,2025-11-17,Reinforcing Stereotypes of Anger: Emotion AI on African American Vernacular English
2511.10384,2025-12-10,Simulating Misinformation Propagation in Social Networks using Large Language Models
2511.11104,2026-02-18,CLARITY: Contextual Linguistic Adaptation and Accent Retrieval for Dual-Bias Mitigation in Text-to-Speech Generation
2511.10546,2025-11-14,Computing the Formal and Institutional Boundaries of Contemporary Genre and Literary Fiction
2511.11141,2025-11-17,PRSM: A Measure to Evaluate CLIP's Robustness Against Paraphrases
2511.11772,2025-12-01,Scaling Equitable Reflection Assessment in Education via Large Language Models and Role-Based Feedback Agents
2511.11789,2025-11-18,From Single to Societal: Analyzing Persona-Induced Bias in Multi-Agent Interactions
2511.11790,2025-11-18,Differences in the Moral Foundations of Large Language Models
2511.11823,2025-11-20,CollaClassroom: An AI-Augmented Collaborative Learning Platform with LLM Support in the Context of Bangladeshi University Students
2511.11687,2025-11-18,Generative AI as a Linguistic Equalizer in Global Science
2511.11693,2025-11-18,Value-Aligned Prompt Moderation via Zero-Shot Agentic Rewriting for Safe Image Generation
2511.12319,2025-11-18,Decision and Gender Biases in Large Language Models: A Behavioral Economic Perspective
2511.12014,2025-11-18,"CURE: Cultural Understanding and Reasoning Evaluation - A Framework for ""Thick"" Culture Alignment Evaluation in LLMs"
2511.12487,2026-01-27,ToxSearch: Evolving Prompts for Toxicity Search in Large Language Models
2511.12497,2025-11-18,SGuard-v1: Safety Guardrail for Large Language Models
2511.11551,2025-12-09,Aligning Machiavellian Agents: Behavior Steering via Test-Time Policy Shaping
2511.12452,2025-11-18,DenseAnnotate: Enabling Scalable Dense Caption Collection for Images and 3D Scenes via Spoken Descriptions
2511.13359,2025-11-18,Reasoning Shapes Alignment: Investigating Cultural Alignment in Large Reasoning Models with Cultural Norms
2511.12271,2025-11-18,MoralReason: Generalizable Moral Decision Alignment For LLM Agents Using Reasoning-Level Reinforcement Learning
2511.13793,2025-11-19,Modeling Fairness in Recruitment AI via Information Flow
2511.13750,2025-11-24,SCALEX: Scalable Concept and Latent Exploration for Diffusion Models
2511.14017,2025-11-19,"From Narrow Unlearning to Emergent Misalignment: Causes, Consequences, and Containment in LLMs"
2511.14255,2025-11-19,AfriSpeech-MultiBench: A Verticalized Multidomain Multicountry Benchmark Suite for African Accented English ASR
2511.14153,2025-11-19,A Comprehensive Study of Implicit and Explicit Biases in Large Language Models
2511.14662,2025-11-19,"Bias in, Bias out: Annotation Bias in Multilingual Large Language Models"
2511.13979,2025-11-19,Personality Pairing Improves Human-AI Collaboration
2511.13987,2025-11-19,Artificial Intelligence Agents in Music Analysis: An Integrative Perspective Based on Two Use Cases
2511.14476,2025-11-27,"Operationalizing Pluralistic Values in Large Language Model Alignment Reveals Trade-offs in Safety, Inclusivity, and Model Behavior"
2511.14606,2025-11-19,Bridging Human and Model Perspectives: A Comparative Analysis of Political Bias Detection in News Media Using Large Language Models
2511.14439,2025-11-20,"MedBench v4: A Robust and Scalable Benchmark for Evaluating Chinese Medical Language Models, Multimodal Models, and Intelligent Agents"
2511.14722,2025-11-19,When AI Democratizes Exploitation: LLM-Assisted Strategic Manipulation of Fair Division Algorithms
2511.15183,2025-11-20,HinTel-AlignBench: A Framework and Benchmark for Hindi-Telugu with English-Aligned Samples
2511.15242,2026-02-19,Trustworthy and Fair SkinGPT-R1 for Democratizing Dermatological Reasoning across Diverse Ethnicities
2511.15986,2025-11-25,Fairness in Multi-modal Medical Diagnosis with Demonstration Selection
2511.15573,2025-11-20,Two-Faced Social Agents: Context Collapse in Role-Conditioned Large Language Models
2511.15857,2025-11-21,A Crowdsourced Study of ChatBot Influence in Value-Driven Decision Making Scenarios
2511.16204,2025-11-24,Causal Synthetic Data Generation in Recruitment
2511.15872,2025-11-21,AI-Assisted Writing Is Growing Fastest Among Non-English-Speaking and Less Established Scientists
2511.17238,2025-11-24,Lost in Translation and Noise: A Deep Dive into the Failure Modes of VLMs on Real-World Tables
2511.17256,2025-11-24,Cross-cultural value alignment frameworks for responsible AI governance: Evidence from China-West comparative analysis
2511.17124,2025-11-24,A Counterfactual LLM Framework for Detecting Human Biases: A Case Study of Sex/Gender in Emergency Triage
2511.16688,2025-11-24,Prompt-Based Value Steering of Large Language Models
2511.16689,2025-12-16,Concept-Based Interpretability for Toxicity Detection
2511.17004,2025-12-24,Vision Language Models are Confused Tourists
2511.16324,2025-11-21,SDA: Steering-Driven Distribution Alignment for Open LLMs without Fine-Tuning
2511.17282,2025-11-24,Where Culture Fades: Revealing the Cultural Gap in Text-to-Image Generation
2511.17554,2025-12-01,Beyond the Rubric: Cultural Misalignment in LLM Benchmarks for Sexual and Reproductive Health
2511.17572,2025-11-25,Community-Aligned Behavior Under Uncertainty: Evidence of Epistemic Stance Transfer in LLMs
2511.17574,2025-11-25,Constructing Political Coordinates: Aggregating Over the Opposition for Diverse News Recommendation
2511.16549,2025-11-21,FairLRF: Achieving Fairness through Sparse Low Rank Factorization
2511.17220,2025-12-02,PARROT: Persuasion and Agreement Robustness Rating of Output Truth -- A Sycophancy Robustness Benchmark for LLMs
2511.16709,2025-11-24,AutoBackdoor: Automating Backdoor Attacks via LLM Agents
2511.18123,2025-11-25,"Bias Is a Subspace, Not a Coordinate: A Geometric Rethinking of Post-hoc Debiasing in Vision-Language Models"
2511.17194,2025-11-24,Steering in the Shadows: Causal Amplification for Activation Space Attacks in Large Language Models
2511.18342,2025-11-25,UFO: Unfair-to-Fair Evolving Mitigates Unfairness in LLM-based Recommender Systems via Self-Play Fine-tuning
2511.17579,2025-11-25,Multi-Value Alignment for LLMs via Value Decorrelation and Extrapolation
2511.18393,2025-11-25,Towards Robust and Fair Next Visit Diagnosis Prediction under Noisy Clinical Notes with Large Language Models
2511.18403,2025-11-25,UnWEIRDing LLM Entity Recommendations
2511.18635,2025-11-25,No Free Lunch in Language Model Bias Mitigation? Targeted Bias Reduction Can Exacerbate Unmitigated LLM Biases
2511.18696,2026-02-20,Empathetic Cascading Networks: A Multi-Stage Prompting Technique for Reducing Social Biases in Large Language Models
2511.17937,2025-11-25,Alignment Faking - the Train -> Deploy Asymmetry: Through a Game-Theoretic Lens with Bayesian-Stackelberg Equilibria
2511.18852,2025-11-25,FanarGuard: A Culturally-Aware Moderation Filter for Arabic Language Models
2511.18239,2025-11-25,Can LLMs Help Allocate Public Health Resources? A Case Study on Childhood Lead Testing
2511.19504,2025-11-26,Position: The Complexity of Perfect AI Alignment -- Formalizing the RLHF Trilemma
2511.19283,2025-11-25,Data Flows and Colonial Regimes in Africa: A Critical Analysis of the Colonial Futurities Embedded in AI Ecosystems
2511.19482,2025-12-01,Human Experts' Evaluation of Generative AI for Contextualizing STEAM Education in the Global South
2511.19785,2025-11-26,Gender Bias in Emotion Recognition by Large Language Models
2511.18780,2025-11-27,ConceptGuard: Proactive Safety in Text-and-Image-to-Video Generation through Multimodal Risk Detection
2511.19956,2025-11-26,Prompt Fairness: Sub-group Disparities in LLMs
2511.20036,2025-11-26,Invisible in Search? Auditing Aesthetic Bias in the Visual Representation of Holocaust Victims on Google
2511.20686,2025-11-27,AssurAI: Experience with Constructing Korean Socio-cultural Datasets to Discover Potential Risks of Generative AI
2511.20713,2025-11-27,Active Slice Discovery in Large Language Models
2511.20534,2025-11-26,Bridging the Language Gap: Synthetic Voice Diversity via Latent Mixup for Equitable Speech Recognition
2511.20736,2025-11-27,Large Language Models' Complicit Responses to Illicit Instructions across Socio-Legal Contexts
2511.20158,2025-11-26,Harmonious Parameter Adaptation in Continual Visual Instruction Tuning for Safety-Aligned MLLMs
2511.20399,2025-11-27,BengaliFig: A Low-Resource Challenge for Figurative and Culturally Grounded Reasoning in Bengali
2511.20994,2025-11-27,GuardTrace-VL: Detecting Unsafe Multimodel Reasoning via Iterative Safety Supervision
2511.20546,2025-11-26,Modelling the Spread of Toxicity and Exploring its Mitigation on Online Social Networks
2511.20937,2025-11-27,ENACT: Evaluating Embodied Cognition with World Modeling of Egocentric Interaction
2511.21517,2025-11-27,"Voice, Bias, and Coreference: An Interpretability Study of Gender in Speech Translation"
2511.20106,2025-11-26,EM2LDL: A Multilingual Speech Corpus for Mixed Emotion Recognition through Label Distribution Learning
2511.21322,2026-02-02,TALES: A Taxonomy and Analysis of Cultural Representations in LLM-generated Stories
2511.21218,2025-12-30,"Can Finetuing LLMs on Small Human Samples Increase Heterogeneity, Alignment, and Belief-Action Coherence?"
2511.22099,2026-02-03,"Decomposed Trust: Exploring Privacy, Adversarial Robustness, Fairness, and Ethics of Low-Rank LLMs"
2511.21711,2025-12-01,Addressing Stereotypes in Large Language Models: A Critical Examination and Mitigation
2511.21737,2025-12-01,Polarity-Aware Probing for Quantifying Latent Alignment in Language Models
2511.22016,2025-12-01,AfriStereo: A Culturally Grounded Dataset for Evaluating Stereotypical Bias in Large Language Models
2511.21547,2025-11-27,Seeing Twice: How Side-by-Side T2I Comparison Changes Auditing Strategies
2511.22483,2025-12-01,"Enhancing Trustworthiness with Mixed Precision: Benchmarks, Opportunities, and Challenges"
2511.21757,2025-12-01,Medical Malice: A Dataset for Context-Aware Safety in Healthcare LLMs
2511.22576,2025-12-01,A Progressive Evaluation Framework for Multicultural Analysis of Story Visualization
2511.22038,2025-12-01,Early Risk Prediction with Temporally and Contextually Grounded Clinical Language Processing
2511.22787,2025-12-11,World in a Frame: Understanding Culture Mixing as a New Challenge for Vision-Language Models
2511.22931,2025-12-10,Visual Orientalism in the AI Era: From West-East Binaries to English-Language Centrism
2511.23231,2025-12-01,Unlocking Multilingual Reasoning Capability of LLMs and LVLMs through Representation Engineering
2511.23041,2025-12-01,Social Perceptions of English Spelling Variation on Twitter: A Comparative Analysis of Human and LLM Responses
2511.23174,2025-12-01,Are LLMs Good Safety Agents or a Propaganda Engine?
2512.00014,2025-12-02,Cultural Prompting Improves the Empathy and Cultural Responsiveness of GPT-Generated Therapy Responses
2512.00556,2025-12-02,Bias Testing and Mitigation in Black Box LLMs using Metamorphic Relations
2512.00804,2025-12-02,Bias Injection Attacks on RAG Databases and Sanitization Defenses
2512.00807,2025-12-02,BioPro: On Difference-Aware Gender Fairness for Vision-Language Models
2512.00656,2025-12-02,Sycophancy Claims about Language Models: The Missing Human-in-the-Loop
2512.00852,2025-12-02,One Swallow Does Not Make a Summer: Understanding Semantic Structures in Embedding Spaces
2512.00461,2025-12-02,Whose Personae? Synthetic Persona Experiments in LLM Research and Pathways to Transparency
2512.01077,2025-12-02,ELR-1000: A Community-Generated Dataset for Endangered Indic Indigenous Languages
2512.00274,2025-12-02,Lost without translation -- Can transformer (language models) understand mood states?
2512.01419,2025-12-02,Rice-VL: Evaluating Vision-Language Models for Cultural Understanding Across ASEAN Countries
2512.01247,2025-12-02,Benchmarking and Understanding Safety Risks in AI Character Platforms
2512.01351,2025-12-02,Benchmarking Overton Pluralism in LLMs
2512.01892,2025-12-02,Exploring Human Perceptions of AI Responses: Insights from a Mixed-Methods Study on Risk Mitigation in Generative Models
2512.01568,2025-12-03,"Do Large Language Models Walk Their Talk? Measuring the Gap Between Implicit Associations, Self-Report, and Behavioral Altruism"
2512.02058,2025-12-03,Misalignment of LLM-Generated Personas with Human Perceptions in Low-Resource Settings
2512.02275,2025-12-03,Understanding Down Syndrome Stereotypes in LLM-Based Personas
2512.02282,2025-12-03,DialogGuard: Multi-Agent Psychosocial Safety Evaluation of Sensitive LLM Responses
2512.02027,2025-12-03,On the Difficulty of Token-Level Modeling of Dysfluency and Fluency Shaping Artifacts
2512.01834,2026-02-04,Mitigating Gender Bias in Depression Detection via Counterfactual Inference
2512.02689,2025-12-03,An Empirical Survey of Model Merging Algorithms for Social Bias Mitigation
2512.02306,2025-12-03,OmniGuard: Unified Omni-Modal Guardrails with Deliberate Reasoning
2512.01557,2026-01-27,Language Diversity: Evaluating Language Usage and AI Performance on African Languages in Digital Spaces
2512.02743,2025-12-03,Reasoning-Aware Multimodal Fusion for Hateful Video Detection
2512.02141,2025-12-03,Feature Selection Empowered BERT for Detection of Hate Speech with Vocabulary Augmentation
2512.02499,2025-12-03,COPE: Chain-Of-Thought Prediction Engine for Open-Source Large Language Model Based Stroke Outcome Prediction from Clinical Notes
2512.02665,2025-12-03,Input Order Shapes LLM Semantic Alignment in Multi-Document Summarization
2512.03173,2025-12-04,Culture Affordance Atlas: Reconciling Object Diversity Through Functional Mapping
2512.03180,2025-12-04,AGENTSAFE: A Unified Framework for Ethical Assurance and Governance in Agentic AI
2512.03582,2025-12-04,Fine-grained Narrative Classification in Biased News Articles
2512.02845,2025-12-03,Bangla Hate Speech Classification with Fine-tuned Transformer Models
2512.03477,2025-12-12,Fairness-Aware Fine-Tuning of Vision-Language Models for Medical Glaucoma Diagnosis
2512.03026,2025-12-03,The Moral Consistency Pipeline: Continuous Ethical Evaluation for Large Language Models
2512.03047,2025-12-04,Entropy-Based Measurement of Value Drift and Alignment Work in Large Language Models
2512.03068,2025-12-04,Echoes of AI Harms: A Human-LLM Synergistic Framework for Bias-Driven Harm Anticipation
2512.03082,2025-12-04,Alleviating Choice Supportive Bias in LLM with Reasoning Dependency Generation
2512.03943,2025-12-04,Is Lying Only Sinful in Islam? Exploring Religious Bias in Multilingual Large Language Models Across Major Religions
2512.02910,2025-12-30,In Silico Development of Psychometric Scales: Feasibility of Representative Population Data Simulation with LLMs
2512.03749,2025-12-04,Fully Unsupervised Self-debiasing of Text-to-Image Diffusion Models
2512.03903,2025-12-04,BERnaT: Basque Encoders for Representing Natural Textual Diversity
2512.04097,2025-12-05,MultiGA: Leveraging Multi-Source Seeding in Genetic Algorithms
2512.03671,2025-12-04,"Generative AI Practices, Literacy, and Divides: An Empirical Analysis in the Italian Context"
2512.04238,2025-12-05,"6 Fingers, 1 Kidney: Natural Adversarial Medical Images Reveal Critical Weaknesses of Vision-Language Models"
2512.04841,2025-12-05,SoK: a Comprehensive Causality Analysis Framework for Large Language Model Security
2512.04843,2025-12-05,From Symptoms to Systems: An Expert-Guided Approach to Understanding Risks of Generative AI for Eating Disorders
2512.04759,2025-12-05,Challenging the Abilities of Large Language Models in Italian: a Community Initiative
2512.04598,2025-12-05,The Ethics of Generative AI
2512.04981,2025-12-05,Aligned but Stereotypical? The Hidden Influence of System Prompts on Social Bias in LVLM-Based Text-to-Image Models
2512.05024,2026-02-03,Model-Free Assessment of Simulator Fidelity via Quantile Curves
2512.04691,2025-12-05,Towards Ethical Multi-Agent Systems of Large Language Models: A Mechanistic Interpretability Perspective
2512.05176,2025-12-08,Towards A Cultural Intelligence and Values Inferences Quality Benchmark for Community Values and Common Knowledge
2512.04673,2025-12-05,Cross-Task Benchmarking and Evaluation of General-Purpose and Code-Specific Large Language Models
2512.04765,2025-12-05,AdiBhashaa: A Community-Curated Benchmark for Machine Translation into Indian Tribal Languages
2512.05501,2025-12-08,SEA-SafeguardBench: Evaluating AI Safety in SEA Languages and Cultures
2512.05428,2025-12-08,Bita: A Conversational Assistant for Fairness Testing
2512.05145,2025-12-08,Self-Improving VLM Judges Without Human Annotations
2512.05929,2025-12-08,LLM Harms: A Taxonomy and Discussion
2512.05379,2025-12-08,Mitigating Self-Preference by Authorship Obfuscation
2512.05231,2026-01-12,Unveiling Affective Polarization Trends in Parliamentary Proceedings
2512.05243,2025-12-08,Decoding the Black Box: Discerning AI Rhetorics About and Through Poetic Prompting
2512.05485,2025-12-09,"TeleAI-Safety: A comprehensive LLM jailbreaking benchmark towards attacks, defenses, and evaluations"
2512.05832,2025-12-12,"Heard or Halted? Gender, Interruptions, and Emotional Tone in U.S. Supreme Court Oral Arguments"
2512.06732,2025-12-09,"""The Dentist is an involved parent, the bartender is not"": Revealing Implicit Biases in QA with Implicit BBQ"
2512.06874,2025-12-09,An Analysis of Large Language Models for Simulating User Responses in Surveys
2512.06515,2025-12-09,ProSocialAlign: Preference Conditioned Test Time Alignment in Language Models
2512.07608,2025-12-09,Metric-Fair Prompting: Treating Similar Samples Similarly
2512.07075,2025-12-09,Do Large Language Models Truly Understand Cross-cultural Differences?
2512.07462,2025-12-15,"Understanding LLM Agent Behaviours via Game Theory: Strategy Recognition, Biases and Multi-Agent Dynamics"
2512.07741,2025-12-19,A multimodal Bayesian Network for symptom-level depression and anxiety prediction from voice and speech data
2512.08404,2025-12-10,Are generative AI text annotations systematically biased?
2512.08440,2025-12-10,What Triggers my Model? Contrastive Explanations Inform Gender Choices by Translation Models
2512.07015,2025-12-29,FVA-RAG: Falsification-Verification Alignment for Mitigating Sycophantic Hallucinations
2512.07990,2025-12-10,A Gray Literature Study on Fairness Requirements in AI-enabled Software Engineering
2512.08273,2025-12-10,AgentEval: Generative Agents as Reliable Proxies for Human Evaluation of AI-Generated Content
2512.08724,2025-12-10,Exposing Hidden Biases in Text-to-Image Models via Automated Prompt Search
2512.07249,2025-12-09,IFFair: Influence Function-driven Sample Reweighting for Fair Classification
2512.08786,2025-12-17,A Systematic Evaluation of Preference Aggregation in Federated RLHF for Pluralistic Alignment of LLMs
2512.09292,2025-12-11,Identifying Bias in Machine-generated Text Detection
2512.09254,2025-12-19,The Illusion of Rationality: Tacit Bias and Strategic Dominance in Frontier LLM Negotiation Games
2512.09483,2025-12-11,Source Coverage and Citation Bias in LLM-based vs. Traditional Search Engines
2512.09496,2025-12-11,Representation Invariance and Allocation: When Subgroup Balance Matters
2512.08592,2025-12-10,The SMART+ Framework for AI Systems
2512.09854,2025-12-11,Mitigating Social Bias in English and Urdu Language Models Using PRM-Guided Candidate Selection and Sequential Refinement
2512.09662,2025-12-11,Can LLMs Evaluate What They Cannot Annotate? Revisiting LLM Reliability in Hate Speech Detection
2512.09772,2025-12-15,DeepSeek's WEIRD Behavior: The cultural alignment of Large Language Models and the effects of prompt language and cultural prompting
2512.08839,2025-12-10,"""Nothing about us without us"": Perspectives of Global Deaf and Hard-of-hearing Community Members on Sign Language Technologies"
2512.09830,2025-12-12,LLMs in Interpreting Legal Documents
2512.10065,2025-12-12,Linear socio-demographic representations emerge in Large Language Models from indirect cues
2512.10092,2025-12-12,Interpretable Embeddings with Sparse Autoencoders: A Data Analysis Toolkit
2512.10687,2025-12-12,Challenges of Evaluating LLM Safety for User Welfare
2512.09563,2025-12-11,System Report for CCL25-Eval Task 10: Prompt-Driven Large Language Model Merge for Fine-Grained Chinese Hate Speech Detection
2512.09570,2025-12-11,The Gender Code: Gendering the Global Governance of Artificial Intelligence
2512.10967,2025-12-15,ASR Under the Stethoscope: Evaluating Biases in Clinical Speech Recognition across Indian Languages
2512.10630,2025-12-12,From Data Scarcity to Data Care: Reimagining Language Technologies for Serbian and other Low-Resource Languages
2512.10734,2025-12-15,Textual Data Bias Detection and Mitigation -- An Extensible Pipeline with Experimental Evaluation
2512.11110,2025-12-15,FIBER: A Multilingual Evaluation Resource for Factual Inference Bias
2512.10882,2026-01-19,Computational emotion analysis with multimodal LLMs: Current evidence on an emerging methodological opportunity
2512.10040,2025-12-12,Intelligently Weighting Multiple Reference Models for Direct Preference Optimization of LLMs
2512.10058,2025-12-12,Mind the Gap! Pathways Towards Unifying AI Safety and Ethics Research
2512.11505,2025-12-15,BAID: A Benchmark for Bias Assessment of AI Detectors
2512.11437,2025-12-15,CLINIC: Evaluating Multilingual Trustworthiness in Language Models for Healthcare
2512.10545,2025-12-12,XDoGE: Multilingual Data Reweighting to Enhance Language Inclusivity in LLMs
2512.12488,2025-12-16,The American Ghost in the Machine: How language models align culturally and the effects of cultural prompting
2512.12500,2025-12-16,Explainable AI as a Double-Edged Sword in Dermatology: The Impact on Clinicians versus The Public
2512.12501,2025-12-16,SafeGen: Embedding Ethical Safeguards in Text-to-Image Generation
2512.11391,2026-02-02,Mitigating the Safety Alignment Tax with Null-Space Constrained Policy Optimization
2512.12306,2025-12-16,From Co-Design to Metacognitive Laziness: Evaluating Generative AI in Vocational Education
2512.12283,2025-12-16,Large Language Models have Chain-of-Affective
2512.13142,2026-01-16,"Can LLMs Understand What We Cannot Say? Measuring Multilevel Alignment Through Abortion Stigma Across Cognitive, Interpersonal, and Structural Levels"
2512.13427,2025-12-16,MineTheGap: Automatic Mining of Biases in Text-to-Image Models
2512.13723,2025-12-17,"Made-in China, Thinking in America:U.S. Values Persist in Chinese LLMs"
2512.13699,2025-12-17,Us-vs-Them bias in Large Language Models
2512.13830,2025-12-17,Practitioner Insights on Fairness Requirements in the AI Development Life Cycle: An Interview Study
2512.12775,2026-01-21,"Persistent Personas? Role-Playing, Instruction Following, and Safety in Extended Interactions"
2512.13739,2025-12-17,Human-AI Collaboration Mechanism Study on AIGC Assisted Image Production for Special Coverage
2512.13481,2026-01-27,neuralFOMO: Can LLMs Handle Being Second Best? Measuring Envy-Like Preferences in Multi-Agent Settings
2512.14306,2025-12-17,Inflation Attitudes of Large Language Models
2512.15052,2026-02-16,SGM: Safety Glasses for Multimodal Large Language Models via Neuron-Level Detoxification
2512.14562,2025-12-17,Polypersona: Persona-Grounded LLM for Synthetic Survey Responses
2512.14565,2025-12-17,Pairwise Comparison for Bias Identification and Quantification
2512.14887,2025-12-18,Integrating Large Language Models and Knowledge Graphs to Capture Political Viewpoints in News Media
2512.15249,2025-12-25,Intersectional Fairness in Vision-Language Models for Medical Image Disease Classification
2512.15747,2025-12-19,D3G: Diverse Demographic Data Generation Increases Zero-Shot Image Classification Accuracy within Multimodal Models
2512.14576,2025-12-17,"Low-Resource, High-Impact: Building Corpora for Inclusive Language Technologies"
2512.15926,2026-02-13,DSO: Direct Steering Optimization for Bias Mitigation
2512.15653,2025-12-18,Characterizing Mamba's Selective Memory using Auto-Encoders
2512.16029,2025-12-19,Cross-Language Bias Examination in Large Language Models
2512.16147,2025-12-19,Decoding Fake Narratives in Spreading Hateful Stories: A Dual-Head RoBERTa Model with Multi-Task Learning
2512.15791,2025-12-19,Evaluation of AI Ethics Tools in Language Models: A Developers' Perspective Case Stud
2512.15792,2025-12-19,A Systematic Analysis of Biases in Large Language Models
2512.16532,2025-12-19,From Personalization to Prejudice: Bias and Discrimination in Memory-Enhanced AI Agents for Recruitment
2512.16816,2025-12-19,Toward Systematic Counterfactual Fairness Evaluation of Large Language Models: The CAFFE Framework
2512.15722,2025-12-19,Value Lens: Using Large Language Models to Understand Human Values
2512.16245,2025-12-19,AlignMerge - Alignment-Preserving Large Language Model Merging via Fisher-Guided Geometric Constraints
2512.17066,2025-12-22,"Realistic threat perception drives intergroup conflict: A causal, dynamic analysis using generative-agent simulations"
2512.15353,2025-12-18,Adversarial versification in portuguese as a jailbreak operator in LLMs
2512.16433,2025-12-19,Emergent Bias and Fairness in Multi-Agent Decision Systems
2512.16901,2025-12-19,Impacts of Racial Bias in Historical Training Data for News AI
2512.17320,2025-12-22,EMMA: Concept Erasure Benchmark with Comprehensive Semantic Metrics and Diverse Categories
2512.17140,2025-12-22,Bridging Psychometric and Content Development Practices with AI: A Community-Based Workflow for Augmenting Hawaiian Language Assessments
2512.17394,2026-01-08,Are Vision Language Models Cross-Cultural Theory of Mind Reasoners?
2512.16954,2025-12-22,"Lights, Camera, Consistency: A Multistage Pipeline for Character-Stable AI Video Stories"
2512.17461,2025-12-22,"Fair Voting Methods as a Catalyst for Democratic Resilience: A Trilogy on Legitimacy, Impact and AI Safeguarding"
2512.17474,2025-12-22,Zero-Shot Recognition of Dysarthric Speech Using Commercial Automatic Speech Recognition and Multimodal Large Language Models
2512.17344,2025-12-22,Governance-Aware Hybrid Fine-Tuning for Multilingual Large Language Models
2512.17028,2025-12-22,A Women's Health Benchmark for Large Language Models
2512.17898,2025-12-22,Humanlike AI Design Increases Anthropomorphism but Yields Divergent Outcomes on Engagement and Trust Globally
2512.18505,2025-12-23,Teaching and Critiquing Conceptualization and Operationalization in NLP
2512.17411,2025-12-22,Detection and Analysis of Sensitive and Illegal Content on the Ethereum Blockchain Using Machine Learning Techniques
2512.19238,2025-12-23,Identifying Features Associated with Bias Against 93 Stigmatized Groups in Language Models and Guardrail Model Safety Mitigation
2512.19735,2025-12-25,Case Prompting to Mitigate Large Language Model Bias for ICU Mortality Prediction
2512.19091,2025-12-23,"Auditing Significance, Metric Choice, and Demographic Fairness in Medical AI Challenges"
2512.19950,2025-12-24,Bias Beneath the Tone: Empirical Characterisation of Tone Bias in LLM-Driven UX Systems
2512.19350,2025-12-23,PENDULUM: A Benchmark for Assessing Sycophancy in Multimodal Large Language Models
2512.20796,2025-12-25,Measuring Mechanistic Independence: Can Bias Be Removed Without Erasing Demographics?
2512.20293,2026-01-06,AprielGuard
2512.20298,2025-12-24,Patterns vs. Patients: Evaluating LLMs against Mental Health Professionals on Personality Disorder Diagnosis through First-Person Narratives
2512.19899,2025-12-24,Detecting cyberbullying in Spanish texts through deep learning techniques
2512.20714,2025-12-25,From Pilots to Practices: A Scoping Review of GenAI-Enabled Personalization in Computer Science Education
2512.21809,2025-12-29,On The Conceptualization and Societal Impact of Cross-Cultural Bias
2512.22725,2025-12-30,Mitigating Social Desirability Bias in Random Silicon Sampling
2512.22874,2025-12-30,Let Samples Speak: Mitigating Spurious Correlation by Exploiting the Clusterness of Samples
2512.22060,2025-12-29,Toward Secure and Compliant AI: Organizational Standards and Protocols for NLP Model Lifecycle Management
2512.23430,2025-12-30,C2PO: Diagnosing and Disentangling Bias Shortcuts in LLMs
2512.23889,2026-01-01,How Large Language Models Systematically Misrepresent American Climate Opinions
2512.23686,2025-12-30,PROFASR-BENCH: A Benchmark for Context-Conditioned ASR in High-Stakes Professional Speech
2512.23732,2026-01-08,"When in Doubt, Consult: Expert Debate for Sexism Detection via Confidence-Based Routing"
2512.23745,2026-01-01,A Comprehensive Study of Deep Learning Model Fixing Approaches
2512.23835,2026-01-01,Explaining News Bias Detection: A Comparative SHAP Analysis of Transformer Model Decision Mechanisms
2512.22462,2025-12-30,Relational Mediators: LLM Chatbots as Boundary Objects in Psychotherapy
2512.22470,2025-12-30,DarkPatterns-LLM: A Multi-Layer Benchmark for Detecting Manipulative and Harmful AI Behavior
2512.24556,2026-01-09,"Safe in the Future, Dangerous in the Past: Dissecting Temporal and Linguistic Vulnerabilities in LLMs"
2512.23769,2026-02-19,Uncovering Discrimination Clusters: Quantifying and Explaining Systematic Fairness Violations
2512.23782,2026-01-01,"A Systematic Mapping on Software Fairness: Focus, Trends and Industrial Context"
2601.00240,2026-01-07,When Agents See Humans as the Outgroup: Belief-Dependent Bias in LLM-Powered Agents
2601.00004,2026-02-16,Finetuning Large Language Models for Automated Depression Screening in Nigerian Pidgin English: GENSCORE Pilot Study
2512.23941,2026-01-09,Disentangling Learning from Judgment: Representation Learning for Open Response Analytics
2601.00382,2026-01-05,"Unseen Risks of Clinical Speech-to-Text Systems: Transparency, Privacy, and Reliability Challenges in AI-Driven Documentation"
2601.00869,2026-01-06,Cultural Encoding in Large Language Models: The Existence Gap in AI-Mediated Brand Discovery
2601.00996,2026-01-06,VEAT Quantifies Implicit Associations in Text-to-Video Generator Sora and Reveals Challenges in Bias Mitigation
2601.01090,2026-01-22,Harm in AI-Driven Societies: An Audit of Toxicity Adoption on Chirper.ai
2601.00444,2026-01-05,Comparative Efficiency Analysis of Lightweight Transformer Models: A Multi-Domain Empirical Benchmark for Enterprise NLP Deployment
2601.00836,2026-01-06,ESG Beliefs of Large Language Models: Evidence and Impact
2601.01522,2026-01-06,Bayesian Orchestration of Multi-LLM Agents for Cost-Aware Sequential Decision-Making
2601.00927,2026-01-06,Measuring Social Media Polarization Using Large Language Models and Heuristic Rules
2601.00588,2026-01-06,CSSBench: Evaluating the Safety of Lightweight LLMs against Chinese-Specific Adversarial Patterns
2601.01868,2026-01-06,DermoGPT: Open Weights and Open Data for Morphology-Grounded Dermatological Reasoning MLLMs
2601.02337,2026-01-06,Robust Persona-Aware Toxicity Detection with Prompt Optimization and Learned Ensembling
2601.01362,2026-01-06,Investigating the Multilingual Calibration Effects of Language Model Instruction-Tuning
2601.02186,2026-01-06,Toward Global Large Language Models in Medicine
2601.01750,2026-01-06,When Attention Becomes Exposure in Generative Search
2601.01751,2026-01-06,Query-Document Dense Vectors for LLM Relevance Judgment Bias Analysis
2601.02858,2026-01-07,To Generate or Discriminate? Methodological Considerations for Measuring Cultural Alignment in LLMs
2601.02697,2026-01-07,Boosting Accuracy and Interpretability in Multilingual Hate Speech Detection Through Layer Freezing and Explainable AI
2601.02956,2026-01-07,Enhancing Multilingual RAG Systems with Debiased Language Preference-Guided Query Fusion
2601.02962,2026-01-07,Auditing Search Query Suggestion Bias Through Recursive Algorithm Interrogation
2601.01887,2026-01-07,Safety at One Shot: Patching Fine-Tuned LLMs with A Single Instance
2601.03087,2026-01-07,Audit Me If You Can: Query-Efficient Active Fairness Auditing of Black-Box LLMs
2601.02830,2026-01-08,The performances of the Chinese and U.S. Large Language Models on the Topic of Chinese Culture
2601.03156,2026-01-28,Prompt-Counterfactual Explanations for Generative AI System Behavior
2601.02559,2026-01-07,PerspectiveCoach: Exploring LLMs for Developer Reflection
2601.03194,2026-01-07,X-MuTeST: A Multilingual Benchmark for Explainable Hate Speech Detection and A Novel LLM-consulted Explanation Framework
2601.03227,2026-01-07,The Sonar Moment: Benchmarking Audio-Language Models in Audio Geo-Localization
2601.03444,2026-01-08,Grading Scale Impact on LLM-as-a-Judge: Human-LLM Alignment Is Highest on 0-5 Grading Scale
2601.02996,2026-01-07,Large Reasoning Models Are (Not Yet) Multilingual Latent Reasoners
2601.03263,2026-01-09,Internal Reasoning vs. External Control: A Thermodynamic Analysis of Sycophancy in Large Language Models
2601.03265,2026-01-08,Jailbreak-Zero: A Path to Pareto Optimal Red Teaming for Large Language Models
2601.03267,2026-01-08,OpenAI GPT-5 System Card
2601.03273,2026-01-08,"GuardEval: A Multi-Perspective Benchmark for Evaluating Safety, Fairness, and Robustness in LLM Moderators"
2601.03396,2026-01-08,Breaking the Assistant Mold: Modeling Behavioral Variation in LLM Based Procedural Character Generation
2601.03103,2026-01-07,Who Laughs with Whom? Disentangling Influential Factors in Humor Preferences across User Clusters and LLMs
2601.03121,2026-01-07,ToxiGAN: Toxic Data Augmentation via LLM-Guided Directional Adversarial Generation
2601.03469,2026-01-08,Content vs. Form: What Drives the Writing Score Gap Across Socioeconomic Backgrounds? A Generated Panel Approach
2601.03481,2026-01-08,Self-Explaining Hate Speech Detection with Moral Rationales
2601.03483,2026-01-08,CALM: Culturally Self-Aware Language Models
2601.03727,2026-01-15,Stuttering-Aware Automatic Speech Recognition for Indonesian Language
2601.03730,2026-01-08,Perception-Aware Bias Detection for Query Suggestions
2601.04369,2026-01-23,Generalization to Political Beliefs from Fine-Tuning on Sports Team Preferences
2601.04373,2026-02-12,Dialect Matters: Cross-Lingual ASR Transfer for Low-Resource Indic Language Varieties
2601.04387,2026-01-09,The Language of Bargaining: Linguistic Effects in LLM Negotiations
2601.04389,2026-01-09,MiJaBench: Revealing Minority Biases in Large Language Models via Hate Speech Jailbreaking
2601.03857,2026-01-08,Once Upon a Team: Investigating Bias in LLM-Driven Software Team Composition and Task Allocation
2601.03860,2026-01-08,PartisanLens: A Multilingual Dataset of Hyperpartisan and Conspiratorial Immigration Narratives in European Media
2601.03578,2026-01-08,PsychEthicsBench: Evaluating Large Language Models Against Australian Mental Health Ethics
2601.03589,2026-01-08,OLA: Output Language Alignment in Code-Switched LLM Interactions
2601.04201,2026-01-09,Collective Narrative Grounding: Community-Coordinated Data Contributions to Improve Local AI Systems
2601.04207,2026-01-09,Ideology as a Problem: Lightweight Logit Steering for Annotator-Specific Alignment in Social Media Analysis
2601.03621,2026-01-08,On the Robustness of Fairness Practices: A Causal Framework for Systematic Evaluation
2601.03783,2026-01-08,HearSay Benchmark: Do Audio LLMs Leak What They Hear?
2601.04393,2026-01-09,Assessing the quality and coherence of word embeddings after SCM-based intersectional bias mitigation
2601.04043,2026-01-08,When Helpers Become Hazards: A Benchmark for Analyzing Multimodal LLM-Powered Safety in Daily Life
2601.04885,2026-01-09,CuMA: Aligning LLMs with Sparse Cultural Values via Demographic-Aware Mixture of Adapters
2601.04632,2026-01-09,From National Curricula to Cultural Awareness: Constructing Open-Ended Culture-Specific Question Answering Dataset
2601.04654,2026-01-09,LLMs-Integrated Automatic Hate Speech Recognition Using Controllable Text Generation Models
2601.04730,2026-01-09,Automatic Classifiers Underdetect Emotions Expressed by Men
2601.04946,2026-01-13,Prototypicality Bias Reveals Blindspots in Multimodal Evaluation Metrics
2601.04790,2026-01-09,Belief in Authority: Impact of Authority in Multi-Agent Evaluation Framework
2601.04692,2026-01-09,"See, Explain, and Intervene: A Few-Shot Multimodal Agent Framework for Hateful Meme Moderation"
2601.05184,2026-01-09,Observations and Remedies for Large Language Model Bias in Self-Consuming Performative Loop
2601.05545,2026-01-12,Can Large Language Models Differentiate Harmful from Argumentative Essays? Steps Toward Ethical Essay Scoring
2601.05641,2026-01-12,Multilingual Amnesia: On the Transferability of Unlearning in Multilingual LLMs
2601.05663,2026-01-12,Tracing Stereotypes in Pre-trained Transformers: From Biased Neurons to Fairer Models
2601.05403,2026-01-12,"Same Claim, Different Judgment: Benchmarking Scenario-Induced Bias in Multilingual Financial Misinformation Detection"
2601.05437,2026-01-12,Tracing Moral Foundations in Large Language Models
2601.05081,2026-01-09,Dynamics in Search Engine Query Suggestions for European Politicians
2601.05101,2026-01-09,Arabic Prompts with English Tools: A Benchmark
2601.05879,2026-01-12,Gender Bias in LLMs: Preliminary Evidence from Shared Parenting Scenario in Czech Family Law
2601.05835,2026-01-12,"Left, Right, or Center? Evaluating LLM Framing in News Classification and Generation"
2601.05751,2026-01-12,Analysing Differences in Persuasive Language in LLM-Generated Text: Uncovering Stereotypical Gender Patterns
2601.05358,2026-01-12,The Table of Media Bias Elements: A sentence-level taxonomy of media bias types and propaganda techniques
2601.05384,2026-01-12,Conformity and Social Impact on AI Agents
2601.05699,2026-01-15,Afri-MCQA: Multimodal Cultural Question Answering for African Languages
2601.06142,2026-01-13,"Is Sanskrit the most token-efficient language? A quantitative study using GPT, Gemini, and SentencePiece"
2601.06477,2026-01-14,IndRegBias: A Dataset for Studying Indian Regional Biases in English and Code-Mixed Social Media Comments
2601.05904,2026-01-12,Can AI mediation improve democratic deliberation?
2601.06132,2026-01-13,An evaluation of LLMs for political bias in Western media: Israel-Hamas and Ukraine-Russia wars
2601.06366,2026-01-13,SafeGPT: Preventing Data Leakage and Unethical Outputs in Enterprise LLM Use
2601.06093,2026-01-14,GenAITEd Ghana: A First-of-Its-Kind Context-Aware and Curriculum-Aligned Conversational AI Agent for Teacher Education
2601.06700,2026-01-13,Characterising Toxicity in Generative Large Language Models
2601.06316,2026-01-13,Annotating Dimensions of Social Perception in Text: The First Sentence-Level Dataset of Warmth and Competence
2601.06306,2026-01-13,SyntaxMind at BLP-2025 Task 1: Leveraging Attention Fusion of CNN and GRU for Hate Speech Detection
2601.06194,2026-01-13,Political Alignment in Large Language Models: A Multidimensional Audit of Psychometric Identity and Behavioral Bias
2601.06861,2026-01-13,"BiasLab: A Multilingual, Dual-Framing Framework for Robust Measurement of Output-Level Bias in Large Language Models"
2601.06931,2026-01-13,Measuring Social Bias in Vision-Language Models with Face-Only Counterfactuals from Real Photos
2601.06631,2026-01-13,Labels have Human Values: Value Calibration of Subjective Tasks
2601.06875,2026-01-13,An Ubuntu-Guided Large Language Model Framework for Cognitive Behavioral Mental Health Dialogue
2601.07110,2026-01-27,The Need for a Socially-Grounded Persona Framework for User Simulation
2601.07220,2026-02-10,The Roots of Performance Disparity in Multilingual Language Models: Intrinsic Modeling Difficulty or Design Choices?
2601.07235,2026-01-15,Sentiment Analysis on Movie Reviews: A Deep Dive into Modern Techniques and Open Challenges
2601.06761,2026-01-13,Comparative Separation: Evaluating Separation on Comparative Judgment Test Data
2601.07954,2026-01-14,A Human-Centric Pipeline for Aligning Large Language Models with Chinese Medical Ethics
2601.07972,2026-01-14,Knowing But Not Doing: Convergent Morality and Divergent Action in LLMs
2601.07973,2026-01-14,Cultural Compass: A Framework for Organizing Societal Norms to Detect Violations in Human-AI Conversations
2601.07806,2026-01-13,The Confidence Trap: Gender Bias and Predictive Certainty in LLMs
2601.07780,2026-01-13,Enhancing Self-Correction in Large Language Models through Multi-Perspective Reflection
2601.07984,2026-02-05,Cross-Cultural Expert-Level Art Critique Evaluation with Vision-Language Models
2601.07986,2026-02-03,VULCA-Bench: A Multicultural Vision-Language Benchmark for Evaluating Cultural Understanding
2601.07398,2026-01-13,On Narrative: The Rhetorical Mechanisms of Online Polarisation
2601.08634,2026-01-14,"Moral Lenses, Political Coordinates: Towards Ideological Positioning of Morally Conditioned LLMs"
2601.08668,2026-01-14,Analyzing Bias in False Refusal Behavior of Large Language Models for Hate Speech Detoxification
2601.08267,2026-01-21,Med-CoReasoner: Reducing Language Disparities in Medical Reasoning via Language-Informed Co-Reasoning
2601.08860,2026-01-15,Bias Detection and Rotation-Robustness Mitigation in Vision-Language Models and Generative Image Models
2601.09017,2026-01-15,Multicultural Spyfall: Assessing LLMs through Dynamic Multilingual Social Deduction Game
2601.08785,2026-01-14,Uncovering Political Bias in Large Language Models using Parliamentary Voting Records
2601.08235,2026-01-27,MPCI-Bench: A Benchmark for Multimodal Pairwise Contextual Integrity Evaluation of Language Model Agents
2601.08457,2026-01-14,An Under-Explored Application for Explainable Multimodal Misogyny Detection in code-mixed Hindi-English
2601.07537,2026-01-13,FairRF: Multi-Objective Search for Single and Intersectional Software Fairness
2601.09141,2026-01-15,Identity-Robust Language Model Generation via Content Integrity Preservation
2601.09342,2026-01-28,Improving Implicit Hate Speech Detection via a Community-Driven Multi-Agent Framework
2601.08684,2026-01-14,MEMEWEAVER: Inter-Meme Graph Reasoning for Sexism and Misogyny Detection
2601.09250,2026-01-15,When to Invoke: Refining LLM Fairness with Toxicity Assessment
2601.09421,2026-01-16,Bias Dynamics in BabyLMs: Towards a Compute-Efficient Sandbox for Democratising Pre-Training Debiasing
2601.08951,2026-02-04,PluriHarms: Benchmarking the Full Spectrum of Human Judgments on AI Harm
2601.09065,2026-01-21,Beyond Consensus: Perspectivist Modeling and Evaluation of Annotator Disagreement in NLP
2601.09112,2026-01-15,Seeking Human Security Consensus: A Unified Value Scale for Generative AI Value Safety
2601.09117,2026-01-22,A Marketplace for AI-Generated Adult Content and Deepfakes
2601.09896,2026-01-30,The Algorithmic Gaze: An Audit and Ethnography of the LAION-Aesthetics Predictor Model
2601.09898,2026-01-16,Cooking Up Politeness in Human-AI Information Seeking Dialogue
2601.09841,2026-01-21,A pipeline for enabling path-specific causal fairness in observational health data
2601.10223,2026-01-16,STEAMROLLER: A Multi-Agent System for Inclusive Automatic Speech Recognition for People who Stutter
2601.10257,2026-01-16,Untangling Input Language from Reasoning Language: A Diagnostic Framework for Cross-Lingual Moral Alignment in LLMs
2601.10102,2026-02-03,When Personas Override Payoffs: Role Identity Bias in Multi-Agent LLM Decision-Making
2601.09394,2026-01-21,FairGE: Fairness-Aware Graph Encoding in Incomplete Social Networks
2601.10700,2026-01-21,LIBERTy: A Causal Framework for Benchmarking Concept-Based Explanations of LLMs with Structural Counterfactuals
2601.08870,2026-01-15,First African Digital Humanism Summer School 2025
2601.08877,2026-02-03,"Silenced by Design Censorship, Governance, and the Politics of Access in Generative AI Refusal Behavior"
2601.10649,2026-01-16,CURVE: A Benchmark for Cultural and Multilingual Long Video Reasoning
2601.10460,2026-01-16,Contextual StereoSet: Stress-Testing Bias Alignment Robustness in Large Language Models
2601.10896,2026-01-19,DialDefer: A Framework for Detecting and Mitigating LLM Dialogic Deference
2601.11286,2026-01-19,XChoice: Explainable Evaluation of AI-Human Alignment in LLM-based Constrained Choice Decision Making
2601.10527,2026-01-19,"A Safety Report on GPT-5.2, Gemini 3 Pro, Qwen3-VL, Grok 4.1 Fast, Nano Banana Pro, and Seedream 4.5"
2601.11227,2026-01-19,Language of Thought Shapes Output Diversity in Large Language Models
2601.11379,2026-01-19,"Evaluating LLM Behavior in Hiring: Implicit Weights, Fairness Across Groups, and Alignment with Human Preferences"
2601.11128,2026-01-28,The Big Ban Theory: A Pre- and Post-Intervention Dataset of Online Content Moderation Actions
2601.11776,2026-01-21,Cleansing the Artificial Mind: A Self-Reflective Detoxification Framework for Large Language Models
2601.11651,2026-02-03,Aesthetics as Structural Harm: Algorithmic Lookism Across Text-to-Image Generation and Classification
2601.12033,2026-01-21,Preserving Fairness and Safety in Quantized LLMs Through Critical Weight Protection
2601.12374,2026-01-21,A Scalable Entity-Based Framework for Auditing Bias in LLMs
2601.12091,2026-01-21,Mitigating Cultural Bias in LLMs via Multi-Agent Cultural Debate
2601.11884,2026-01-21,AI-Mediated Hiring and the Job Search of Blind and Low-Vision Individuals
2601.11178,2026-01-19,TANDEM: Temporal-Aware Neural Detection for Multimodal Hate Speech
2601.12164,2026-02-03,The Language You Ask In: Language-Conditioned Ideological Divergence in LLM Analysis of Contested Political Documents
2601.12690,2026-01-21,"""Are we writing an advice column for Spock here?"" Understanding Stereotypes in AI Advice for Autistic Users"
2601.12696,2026-01-21,UbuntuGuard: A Culturally-Grounded Policy Benchmark for Equitable AI Safety in African Languages
2601.10957,2026-01-19,"""I'm Constantly Getting Comments Like, 'Oh, You're Blind. You're Like the Only Woman That I Stand a Chance With.'"": A Study of Blind TikTokers' Intersectional Experiences of Gender and Sexuality"
2601.12632,2026-01-21,"BioPulse-QA: A Dynamic Biomedical Question-Answering Benchmark for Evaluating Factuality, Robustness, and Bias in Large Language Models"
2601.12868,2026-01-21,"Race, Ethnicity and Their Implication on Bias in Large Language Models"
2601.13018,2026-01-21,Bi-Attention HateXplain : Taking into account the sequential aspect of data during explainability in a multi-task context
2601.13024,2026-01-21,Tears or Cheers? Benchmarking LLMs via Culturally Elicited Distinct Affective Responses
2601.12338,2026-01-21,Actionable Advice from Reviews via Mixture of LoRA Experts: A Two-LLM Pipeline for Issue Extraction and Business Recommendations
2601.12539,2026-02-04,MemeLens: Multilingual Multitask VLMs for Memes
2601.12549,2026-01-21,Benchmarking Concept-Spilling Across Languages in LLMs
2601.13122,2026-01-21,"Responsible AI for General-Purpose Systems: Overview, Challenges, and A Path Forward"
2601.13137,2026-01-23,Adversarial Alignment: Ensuring Value Consistency in Large Language Models for Sensitive Domains
2601.13235,2026-01-21,RubRIX: Rubric-Driven Risk Mitigation in Caregiver-AI Interactions
2601.12946,2026-02-03,AI-generated data contamination erodes pathological variability and diagnostic reliability
2601.12962,2026-01-21,ACE-Align: Attribute Causal Effect Alignment for Cultural Values under Varying Persona Granularities
2601.13649,2026-01-21,Fairness or Fluency? An Investigation into Language Bias of Pairwise LLM-as-a-Judge
2601.13669,2026-01-21,CommunityBench: Benchmarking Community-Level Alignment across Diverse Groups and Tasks
2601.12555,2026-01-21,Evaluating Contextually Mediated Factual Recall in Multilingual Large Language Models
2601.13590,2026-02-02,Vulnerability of LLMs' Belief Systems? LLMs Belief Resistance Check Through Strategic Persuasive Conversation Interventions
2601.13099,2026-01-21,Alexandria: A Multi-Domain Dialectal Arabic Machine Translation Dataset for Culturally Inclusive and Linguistically Diverse LLMs
2601.13749,2026-01-21,Pro-AI Bias in Large Language Models
2601.13433,2026-02-03,"Trust Me, I'm an Expert: Decoding and Steering Authority Bias in Large Language Models"
2601.12758,2026-01-21,VISPA: Pluralistic Alignment via Automatic Value Selection and Activation
2601.13547,2026-01-21,HateXScore: A Metric Suite for Evaluating Reasoning Quality in Hate Speech Explanations
2601.14063,2026-01-21,XCR-Bench: A Multi-Task Benchmark for Evaluating Cultural Reasoning in LLMs
2601.14295,2026-01-29,Epistemic Constitutionalism Or: how to avoid coherence bias
2601.14311,2026-01-22,"Tracing the Data Trail: A Survey of Data Provenance, Transparency and Traceability in LLMs"
2601.14124,2026-01-21,Style Transfer as Bias Mitigation: Diffusion Models for Synthetic Mental Health Text for Arabic
2601.12652,2026-01-21,Ethical Risks in Deploying Large Language Models: An Evaluation of Medical Ethics Jailbreaking
2601.12654,2026-01-27,Explanation Multiplicity in SHAP: Characterization and Assessment
2601.12665,2026-01-23,Emergence of Structural Disparities in the Web of Scientific Citations
2601.14553,2026-01-22,Self-Blinding and Counterfactual Self-Simulation Mitigate Biases and Sycophancy in Large Language Models
2601.14506,2026-01-22,"Language, Caste, and Context: Demographic Disparities in AI-Generated Explanations Across Indian and American STEM Educational Systems"
2601.13328,2026-01-21,Reducing Tokenization Premiums for Low-Resource Languages
2601.14002,2026-01-21,Consensus Stability of Community Notes on X
2601.15306,2026-01-23,Uncovering Latent Bias in LLM-Based Emergency Department Triage Through Proxy Variables
2601.15484,2026-01-23,Is Grokipedia Right-Leaning? Comparing Political Framing in Wikipedia and Grokipedia on Controversial Topics
2601.15488,2026-01-23,Multi-Persona Thinking for Bias Mitigation in Large Language Models
2601.15550,2026-01-29,Common to Whom? Regional Cultural Commonsense and LLM Bias in India
2601.15115,2026-01-22,Training-Free and Interpretable Hateful Video Detection via Multi-stage Adversarial Reasoning
2601.15209,2026-01-23,Deaf and Hard of Hearing Access to Intelligent Personal Assistants: Comparison of Voice-Based Options with an LLM-Powered Touch Interface
2601.15337,2026-01-23,Language Models Entangle Language and Culture
2601.15755,2026-02-03,Beyond Marginal Distributions: A Framework to Evaluate the Representativeness of Demographic-Aligned LLMs
2601.15437,2026-01-23,Exploring Implicit Perspectives on Autism in Large Language Models Through Multi-Agent Simulations
2601.15508,2026-01-23,Computational Representations of Character Significance in Novels
2601.16130,2026-01-23,Replicating Human Motivated Reasoning Studies with LLMs
2601.15267,2026-01-22,"Evaluation of Large Language Models in Legal Applications: Challenges, Methods, and Future Directions"
2601.16398,2026-01-26,White-Box Sensitivity Auditing with Steering Vectors
2601.16407,2026-01-26,Jacobian Scopes: token-level causal attributions in LLMs
2601.16349,2026-01-26,Regional Bias in Large Language Models
2601.15706,2026-01-23,Improving Methodologies for LLM Evaluations Across Global Languages
2601.15588,2026-01-23,"YuFeng-XGuard: A Reasoning-Centric, Interpretable, and Flexible Guardrail Model for Large Language Models"
2601.16314,2026-01-26,Machine-Assisted Grading of Nationwide School-Leaving Essay Exams with LLMs and Statistical NLP
2601.16724,2026-01-26,Mitigating Bias in Automated Grading Systems for ESL Learners: A Contrastive Learning Approach
2601.16989,2026-01-27,The Voice of Equity: A Systematic Evaluation of Bias Mitigation Techniques for Speech-Based Cognitive Impairment Detection Across Architectures and Demographics
2601.16803,2026-01-26,SoS: Analysis of Surface over Semantics in Multilingual Text-To-Image Generation
2601.17016,2026-01-27,Measuring Political Stance and Consistency in Large Language Models
2601.17203,2026-01-27,Relating Word Embedding Gender Biases to Gender Gaps: A Cross-Cultural Analysis
2601.17082,2026-01-27,Do VLMs Have a Moral Backbone? A Study on the Fragile Morality of Vision-Language Models
2601.17087,2026-01-29,Lost in Simulation: LLM-Simulated Users are Unreliable Proxies for Human Users in Agentic Evaluations
2601.17096,2026-01-27,Beyond Instrumental and Substitutive Paradigms: Introducing Machine Culture as an Emergent Phenomenon in Large Language Models
2601.16644,2026-01-26,Sycophancy Hides Linearly in the Attention Heads
2601.17348,2026-01-27,Auditing Disability Representation in Vision-Language Models
2601.16934,2026-01-26,Information Representation Fairness in Long-Document Embeddings: The Peculiar Interaction of Positional and Language Bias
2601.17172,2026-01-27,Who Gets Which Message? Auditing Demographic Bias in LLM-Generated Targeted Text
2601.17417,2026-01-27,Using psychological theory to ground guidelines for the annotation of misogynistic language
2601.16444,2026-01-27,Exploring the Effects of Alignment on Numerical Bias in Large Language Models
2601.17492,2026-02-03,Towards Fair Large Language Model-based Recommender Systems without Costly Retraining
2601.17292,2026-02-02,Risk-based test framework for LLM features in regulated software
2601.17312,2026-01-27,"Meta-Judging with Large Language Models: Concepts, Methods, and Challenges"
2601.17728,2026-01-27,Unsupervised Elicitation of Moral Values from Language Models
2601.17637,2026-02-02,Scaling Laws for Moral Machine Judgment in Large Language Models
2601.16529,2026-01-26,SycoEval-EM: Sycophancy Evaluation of Large Language Models in Simulated Clinical Encounters for Emergency Care
2601.17764,2026-01-27,Cross-Lingual Probing and Community-Grounded Analysis of Gender Bias in Low-Resource Bengali
2601.17577,2026-01-27,Status Hierarchies in Language Models
2601.17540,2026-01-27,Ethical Risk Assessment of the Data Harnessing Process of LLM supported on Consensus of Well-known Multi-Ethical Frameworks
2601.17971,2026-01-27,LLMs as Cultural Archives: Cultural Commonsense Knowledge Graph Extraction
2601.17937,2026-01-27,"""Label from Somewhere"": Reflexive Annotating for Situated AI Alignment"
2601.17946,2026-01-27,"""I use ChatGPT to humanize my words"": Affordances and Risks of ChatGPT to Autistic Users"
2601.17132,2026-01-27,From Emotion to Expression: Theoretical Foundations and Resources for Fear Speech
2601.18641,2026-01-30,Unheard in the Digital Age: Rethinking AI Bias and Speech Diversity
2601.18572,2026-01-27,"One Persona, Many Cues, Different Results: How Sociodemographic Cues Impact LLM Personalization"
2601.17481,2026-01-27,Lattice: Generative Guardrails for Conversational Agents
2601.18026,2026-01-27,CommonLID: Re-evaluating State-of-the-Art Language Identification Performance on Web Data
2601.18486,2026-01-27,Demographic Probing of Large Language Models Lacks Construct Validity
2601.18698,2026-01-27,Are Video Generation Models Geographically Fair? An Attraction-Centric Evaluation of Global Visual Knowledge
2601.18939,2026-01-28,A Few Bad Neurons: Isolating and Surgically Correcting Sycophancy
2601.18334,2026-01-27,Overalignment in Frontier LLMs: An Empirical Study of Sycophantic Behaviour in Healthcare
2601.19197,2026-01-28,HELM: A Human-Centered Evaluation Framework for LLM-Powered Recommender Systems
2601.19082,2026-01-28,More at Stake: How Payoff and Language Shape LLM Agent Strategies in Cooperation Dilemmas
2601.20256,2026-01-29,"SoftHateBench: Evaluating Moderation Models Against Reasoning-Driven, Policy-Compliant Hostility"
2601.19507,2026-01-28,Automated Safety Benchmarking: A Multi-agent Pipeline for LVLMs
2601.20102,2026-01-29,Counterfactual Cultural Cues Reduce Medical QA Accuracy in LLMs: Identifier vs Context Effects
2601.20731,2026-01-29,QueerGen: How LLMs Reflect Societal Norms on Gender and Sexuality in Sentence Completion Tasks
2601.20757,2026-01-29,Persona Prompting as a Lens on LLM Social Reasoning
2601.20791,2026-01-29,FAIRT2V: Training-Free Debiasing for Text-to-Video Diffusion Models
2601.20838,2026-01-29,Reward Models Inherit Value Biases from Pretraining
2601.20269,2026-02-13,Empirical Likelihood-Based Fairness Auditing: Distribution-Free Certification and Flagging
2601.21235,2026-01-30,SHARP: Social Harm Analysis via Risk Profiles for Measuring Inequities in Large Language Models
2601.21132,2026-01-30,Large Language Models Naively Recover Ethnicity from Individual Records
2601.20981,2026-01-30,Diversifying Toxicity Search in Large Language Models Through Speciation
2601.21070,2026-01-30,Towards Comprehensive Benchmarking Infrastructure for LLMs In Software Engineering
2601.20129,2026-01-29,BengaliSent140: A Large-Scale Bengali Binary Sentiment Dataset for Hate and Non-Hate Speech Classification
2601.20141,2026-01-29,Large language models accurately predict public perceptions of support for climate action worldwide
2601.21439,2026-01-30,The Paradox of Robustness: Decoupling Rule-Based Logic from Affective Noise in High-Stakes Decision-Making
2601.21864,2026-01-30,KnowBias: Mitigating Social Bias in LLMs via Know-Bias Neuron Enhancement
2601.21183,2026-02-10,Sycophantic Anchors: Localizing and Quantifying User Agreement in Reasoning Models
2601.20913,2026-01-30,Noisy but Valid: Robust Statistical Evaluation of LLMs with Imperfect Judges
2601.20920,2026-01-30,Do LLMs Favor LLMs? Quantifying Interaction Effects in Peer Review
2601.21324,2026-01-30,"Bulk-Calibrated Credal Ambiguity Sets: Fast, Tractable Decision Making under Out-of-Sample Contamination"
2601.21350,2026-01-30,Factored Causal Representation Learning for Robust Reward Modeling in RLHF
2601.22093,2026-01-30,Investigating Associational Biases in Inter-Model Communication of Large Generative Models
2601.21666,2026-01-30,SONIC-O1: A Real-World Benchmark for Evaluating Multimodal Large Language Models on Audio-Video Understanding
2601.21695,2026-01-30,AtPatch: Debugging Transformers via Hot-Fixing Over-Attention
2601.21700,2026-02-02,Toward Culturally Aligned LLMs through Ontology-Guided Multi-Agent Reasoning
2601.22396,2026-02-02,Culturally Grounded Personas in Large Language Models: Characterization and Alignment with Socio-Psychological Value Frameworks
2601.21837,2026-01-30,"Trustworthy Intelligent Education: A Systematic Perspective on Progress, Challenges, and Future Directions"
2601.21796,2026-01-30,KID: Knowledge-Injected Dual-Head Learning for Knowledge-Grounded Harmful Meme Detection
2601.22888,2026-02-02,"Should LLMs, $\textit{like}$, Generate How Users Talk? Building Dialect-Accurate Dialog[ue]s Beyond the American Default with MDial"
2601.22893,2026-02-03,When Machines Get It Wrong: Large Language Models Perpetuate Autism Myths More Than Humans Do
2601.22329,2026-02-02,Sparks of Rationality: Do Reasoning LLMs Align with Human Judgment and Choice?
2601.21960,2026-01-30,TidyVoice 2026 Challenge Evaluation Plan
2601.21975,2026-01-30,Mind the Gap: How Elicitation Protocols Shape the Stated-Revealed Preference Gap in Language Models
2601.23183,2026-02-02,JobResQA: A Benchmark for LLM Machine Reading Comprehension on Multilingual R\'esum\'es and JDs
2601.22201,2026-02-02,The Benefit of Collective Intelligence in Community-Based Content Moderation is Limited by Overt Political Signalling
2601.23001,2026-02-12,Bias Beyond Borders: Political Ideology Evaluation and Steering in Multilingual LLMs
2602.00238,2026-02-03,DIVERGE: Diversity-Enhanced RAG for Open-Ended Information Seeking
2602.00243,2026-02-03,"""OpenBloom"": A Question-Based LLM Tool to Support Stigma Reduction in Reproductive Well-Being"
2601.23133,2026-02-02,RAudit: A Blind Auditing Protocol for Large Language Model Reasoning
2601.23149,2026-02-02,Hearing is Believing? Evaluating and Analyzing Audio Language Model Sycophancy with SYAUDIO
2602.00094,2026-02-03,Trade-offs Between Individual and Group Fairness in Machine Learning: A Comprehensive Review
2601.22737,2026-02-02,Lingua-SafetyBench: A Benchmark for Safety Evaluation of Multilingual Vision-Language Models
2602.00032,2026-02-04,"Happy Young Women, Grumpy Old Men? Emotion-Driven Demographic Biases in Synthetic Face Generation"
2602.00044,2026-02-03,When LLMs Imagine People: A Human-Centered Persona Brainstorm Audit for Bias and Fairness in Creative Applications
2602.00056,2026-02-10,How Hyper-Datafication Impacts the Sustainability Costs in Frontier AI
2602.00065,2026-02-03,Responsible Evaluation of AI for Mental Health
2601.23112,2026-02-10,How Should AI Safety Benchmarks Benchmark Safety?
2602.00393,2026-02-03,Brazilian Portuguese Image Captioning with Transformers: A Study on Cross-Native-Translated Dataset
2602.00405,2026-02-03,RobustDebias: Debiasing Language Models using Distributionally Robust Optimization
2601.23063,2026-02-02,Gender Disparities in StackOverflow's Community-Based Question Answering: A Matter of Quantity versus Quality
2602.00132,2026-02-03,"Shedding the Facades, Connecting the Domains: Detecting Shifting Multimodal Hate Video with Test-Time Adaptation"
2602.00769,2026-02-03,Eliciting Trustworthiness Priors of Large Language Models via Economic Games
2602.01030,2026-02-03,"Bias in the Ear of the Listener: Assessing Sensitivity in Audio Language Models Across Linguistic, Demographic, and Positional Variations"
2602.00718,2026-02-03,Federated Learning at the Forefront of Fairness: A Multifaceted Perspective
2602.01161,2026-02-03,Beyond Training for Cultural Awareness: The Role of Dataset Linguistic Structure in Large Language Models
2602.01146,2026-02-03,PersistBench: When Should Long-Term Memories Be Forgotten by LLMs?
2602.01558,2026-02-03,How Implicit Bias Accumulates and Propagates in LLM Long-term Memory
2602.00495,2026-02-03,Equity vs. Equality: Optimizing Ranking Fairness for Tailored Provider Needs
2602.00497,2026-02-03,"Culturally-Grounded Governance for Multilingual Language Models: Rights, Data Boundaries, and Accountable AI Design"
2602.01618,2026-02-03,SEA-Guard: Culturally Grounded Multilingual Safeguard for Southeast Asia
2602.00447,2026-02-03,Not All Students Engage Alike: Multi-Institution Patterns in GenAI Tutor Use
2602.01002,2026-02-03,How RLHF Amplifies Sycophancy
2602.01022,2026-02-03,Calibrating Behavioral Parameters with Large Language Models
2602.01363,2026-02-03,Causally Disentangled Contrastive Learning for Multilingual Speaker Embeddings
2602.01528,2026-02-03,Making Bias Non-Predictive: Training Robust LLM Judges via Reinforcement Learning
2602.01283,2026-02-03,Who Transfers Safety? Identifying and Targeting Cross-Lingual Shared Safety Neurons
2602.01967,2026-02-03,Mixture-of-Experts with Intermediate CTC Supervision for Accented Speech Recognition
2602.02774,2026-02-04,AmharicStoryQA: A Multicultural Story Question Answering Benchmark in Amharic
2602.02606,2026-02-04,Gender Dynamics and Homophily in a Social Network of LLM Agents
2602.02731,2026-02-04,Predicting first-episode homelessness among US Veterans using longitudinal EHR data: time-varying models and social risk factors
2602.02932,2026-02-04,"Equal Access, Unequal Interaction: A Counterfactual Audit of LLM Fairness"
2602.02582,2026-02-04,Uncertainty and Fairness Awareness in LLM-Based Recommendation Systems
2602.02589,2026-02-04,"PeerRank: Autonomous LLM Evaluation Through Web-Grounded, Bias-Controlled Peer Review"
2602.02287,2026-02-03,Cross-Lingual Stability of LLM Judges Under Controlled Generation: Evidence from Finno-Ugric Languages
2602.02510,2026-02-04,Beyond Translation: Cross-Cultural Meme Transcreation with Vision-Language Models
2602.03263,2026-02-04,CSR-Bench: A Benchmark for Evaluating the Cross-modal Safety and Reliability of MLLMs
2602.03328,2026-02-04,"GuardReasoner-Omni: A Reasoning-based Multi-modal Guardrail for Text, Image, and Video"
2602.03268,2026-02-04,Unveiling Covert Toxicity in Multimodal Data via Toxicity Association Graphs: A Graph-Based Metric and Interpretable Detection Framework
2602.03775,2026-02-04,An Empirical Study of Collective Behaviors and Social Dynamics in Large Language Model Agents
2602.02882,2026-02-04,Reading Between the Tokens: Improving Preference Predictions through Mechanistic Forecasting
2602.03895,2026-02-05,Benchmarking Bias Mitigation Toward Fairness Without Harm from Vision to LVLMs
2602.03155,2026-02-04,Is It Possible to Make Chatbots Virtuous? Investigating a Virtue-Based Design Methodology Applied to LLMs
2602.03334,2026-02-04,The Personality Trap: How LLMs Embed Bias When Generating Human-Like Personas
2602.03351,2026-02-05,Building Interpretable Models for Moral Decision-Making
2602.04033,2026-02-05,On the Credibility of Evaluating LLMs using Survey Questions
2602.03160,2026-02-04,VALUEFLOW: Toward Pluralistic and Steerable Value-based Alignment in Large Language Models
2602.03822,2026-02-04,"They Said Memes Were Harmless-We Found the Ones That Hurt: Decoding Jokes, Symbols, and Cultural References"
2602.04392,2026-02-05,Evaluating the Presence of Sex Bias in Clinical Reasoning by Large Language Models
2602.04398,2026-02-05,Bi-directional Bias Attribution: Debiasing Large Language Models without Modifying Prompts
2602.04456,2026-02-05,"Growth First, Care Second? Tracing the Landscape of LLM Value Preferences in Everyday Dilemmas"
2602.03665,2026-02-04,MM-SCALE: Grounded Multimodal Moral Reasoning via Scalar Judgment and Listwise Alignment
2602.04581,2026-02-05,Trust The Typical
2602.04306,2026-02-05,DeFrame: Debiasing Large Language Models Against Framing Effects
2602.04742,2026-02-05,Inference-Time Reasoning Selectively Reduces Implicit Social Bias in Large Language Models
2602.04674,2026-02-05,"Overstating Attitudes, Ignoring Networks: LLM Biases in Simulating Misinformation Susceptibility"
2602.04687,2026-02-09,Investigating Disability Representations in Text-to-Image Models
2602.04796,2026-02-05,LALM-as-a-Judge: Benchmarking Large Audio-Language Models for Safety Evaluation in Multi-Turn Spoken Dialogues
2602.04735,2026-02-05,From Data to Behavior: Predicting Unintended Model Behaviors Before Training
2602.05228,2026-02-12,Surgery: Mitigating Harmful Fine-Tuning for Large Language Models via Attention Sink
2602.05200,2026-02-06,FATe of Bots: Ethical Considerations of Social Bot Detection
2602.05096,2026-02-16,Visual concept ranking uncovers medical shortcuts used by large multimodal models
2602.05769,2026-02-06,"Different Time, Different Language: Revisiting the Bias Against Non-Native Speakers in GPT Detectors"
2602.05113,2026-02-06,Democratic Preference Alignment via Sortition-Weighted RLHF
2602.05710,2026-02-06,Ethology of Latent Spaces
2602.05437,2026-02-06,"Once Correct, Still Wrong: Counterfactual Hallucination in Multilingual Vision-Language Models"
2602.05633,2026-02-06,CASTLE: A Comprehensive Benchmark for Evaluating Student-Tailored Personalized Safety in Large Language Models
2602.05597,2026-02-06,Emulating Aggregate Human Choice Behavior and Biases with GPT Conversational Agents
2602.05874,2026-02-06,xList-Hate: A Checklist-Based Framework for Interpretable and Generalizable Hate Speech Detection
2602.05519,2026-02-06,Wikipedia and Grokipedia: A Comparison of Human and Generative Encyclopedias
2602.05532,2026-02-06,Split Personality Training: Revealing Latent Knowledge Through Alternate Personalities
2602.06181,2026-02-09,Uncertainty Drives Social Bias Changes in Quantized Large Language Models
2602.06371,2026-02-09,Bilingual Bias in Large Language Models: A Taiwan Sovereignty Benchmark Study
2602.06055,2026-02-09,Quantifying and Attributing Polarization to Annotator Groups
2602.06302,2026-02-09,Do LLMs Track Public Opinion? A Multi-Model Study of Favorability Predictions in the 2024 U.S. Presidential Election
2602.06806,2026-02-09,RAIGen: Rare Attribute Identification in Text-to-Image Generative Models
2602.06836,2026-02-09,LLM Active Alignment: A Nash Equilibrium Perspective
2602.05692,2026-02-06,MedErrBench: A Fine-Grained Multilingual Benchmark for Medical Error Detection and Correction with Clinical Expert Annotations
2602.05932,2026-02-06,Polyglots or Multitudes? Multilingual LLM Answers to Value-laden Multiple-Choice Questions
2602.06973,2026-02-10,Does Visual Rendering Bypass Tokenization? Investigating Script-Tokenizer Misalignment in Pixel-Based Language Models
2602.06631,2026-02-09,Estimating Exam Item Difficulty with LLMs: A Benchmark on Brazil's ENEM Corpus
2602.07497,2026-02-13,From Native Memes to Global Moderation: Cross-Cultural Evaluation of Vision-Language Models for Hateful Meme Detection
2602.07376,2026-02-10,Do Large Language Models Reflect Demographic Pluralism in Safety?
2602.07071,2026-02-10,Artificial Intelligence in Open Source Software Engineering: A Foundation for Sustainability
2602.06998,2026-02-10,Tokenizations for Austronesian Language Models: study on languages in Indonesia Archipelago
2602.06924,2026-02-10,Robustness Beyond Known Groups with Low-rank Adaptation
2602.07996,2026-02-10,The Judge Who Never Admits: Hidden Shortcuts in LLM-based Evaluation
2602.07754,2026-02-10,"Humanizing AI Grading: Student-Centered Insights on Fairness, Trust, Consistency and Transparency"
2602.07799,2026-02-10,Fairness Aware Reward Optimization
2602.08124,2026-02-10,Gender and Race Bias in Consumer Product Recommendations by Large Language Models
2602.08145,2026-02-10,Reliable and Responsible Foundation Models: A Comprehensive Survey
2602.08567,2026-02-10,ValueFlow: Measuring the Propagation of Value Perturbations in Multi-Agent LLM Systems
2602.07954,2026-02-16,Bielik Guard: Efficient Polish Language Safety Classifiers for LLM Content Moderation
2602.07963,2026-02-10,Lost in Translation? A Comparative Study on the Cross-Lingual Transfer of Composite Harms
2602.07673,2026-02-10,Blind to the Human Touch: Overlap Bias in LLM-Based Summary Evaluation
2602.08660,2026-02-10,Equalized Generative Treatment: Matching f-divergences for Fairness in Generative Models
2602.08716,2026-02-10,PERSPECTRA: A Scalable and Configurable Pluralist Benchmark of Perspectives from Arguments
2602.08872,2026-02-10,Large Language Models for Geolocation Extraction in Humanitarian Crisis Response
2602.08873,2026-02-10,Whose Name Comes Up? Benchmarking and Intervention-Based Auditing of LLM-Based Scholar Recommendation
2602.08688,2026-02-10,Old wine in old glasses: Comparing computational and qualitative methods in identifying incivility on Persian Twitter during the #MahsaAmini movement
2602.09310,2026-02-11,A11y-CUA Dataset: Characterizing the Accessibility Gap in Computer Use Agents
2602.09346,2026-02-11,Digital Linguistic Bias in Spanish: Evidence from Lexical Variation in LLMs
2602.08311,2026-02-10,Moral Sycophancy in Vision Language Models
2602.09269,2026-02-11,Measuring Inclusion in Interaction: Inclusion Analytics for Human-AI Collaborative Learning
2602.09590,2026-02-11,Context-Aware Counterfactual Data Augmentation for Gender Bias Mitigation in Language Models
2602.09442,2026-02-11,Evaluating Social Bias in RAG Systems: When External Context Helps and Reasoning Hurts
2602.09416,2026-02-11,Are Language Models Sensitive to Morally Irrelevant Distractors?
2602.09504,2026-02-11,"Seeing the Goal, Missing the Truth: Human Accountability for AI Bias"
2602.08742,2026-02-10,Welfarist Formulations for Diverse Similarity Search
2602.09383,2026-02-11,BiasScope: Towards Automated Detection of Bias in LLM-as-a-Judge Evaluation
2602.08819,2026-02-10,Bayesian Preference Learning for Test-Time Steerable Reward Models
2602.10117,2026-02-20,Biases in the Blind Spot: Detecting What LLMs Fail to Mention
2602.09775,2026-02-11,Where Do Images Come From? Analyzing Captions to Geographically Profile Datasets
2602.10504,2026-02-12,On the Robustness of Knowledge Editing for Detoxification
2602.09826,2026-02-11,From FusHa to Folk: Exploring Cross-Lingual Transfer in Arabic Language Models
2602.10339,2026-02-20,The Subjectivity of Respect in Police Traffic Stops: Modeling Community Perspectives in Body-Worn Camera Footage
2602.10964,2026-02-12,Can LLMs Cook Jamaican Couscous? A Study of Cultural Novelty in Recipe Generation
2602.10437,2026-02-13,Control Reinforcement Learning: Interpretable Token-Level Steering of LLMs via Sparse Autoencoder Features
2602.10251,2026-02-12,Actions Speak Louder Than Chats: Investigating AI Chatbot Age Gating
2602.09637,2026-02-11,Towards Training-free Multimodal Hate Localisation with Large Language Models
2602.10235,2026-02-12,Reimagining Sign Language Technologies: Analyzing Translation Work of Chinese Deaf Online Content Creators
2602.10732,2026-02-12,"Macaron: Controlled, Human-Written Benchmark for Multilingual and Multicultural Reasoning via Template-Filling"
2602.11305,2026-02-13,Are Aligned Large Language Models Still Misaligned?
2602.11318,2026-02-13,"Dissecting Subjectivity and the ""Ground Truth"" Illusion in Data Annotation"
2602.11174,2026-02-13,The Script Tax: Measuring Tokenization-Driven Efficiency and Latency Disparities in Multilingual Language Models
2602.11181,2026-02-13,Code Mixologist : A Practitioner's Guide to Building Code-Mixed LLMs
2602.11091,2026-02-12,Can Large Language Models Make Everyone Happy?
2602.11391,2026-02-13,Advancing AI Trustworthiness Through Patient Simulation: Risk Assessment of Conversational Agents for Antidepressant Selection
2602.11242,2026-02-13,"ReTracing: An Archaeological Approach Through Body, Machine, and Generative Systems"
2602.11444,2026-02-13,Towards Reliable Machine Translation: Scaling LLMs for Critical Error Detection and Safety
2602.10457,2026-02-12,Analyzing Fairness of Neural Network Prediction via Counterfactual Dataset Generation
2602.11962,2026-02-13,Wisdom of the LLM Crowd: A Large Scale Benchmark of Multi-Label U.S. Election-Related Harmful Social Media Content
2602.12018,2026-02-13,Artificial intelligence is creating a new global linguistic hierarchy
2602.11729,2026-02-13,Cross-Architecture Model Diffing with Crosscoders: Unsupervised Discovery of Differences Between LLMs
2602.12133,2026-02-13,"Neutral Prompts, Non-Neutral People: Quantifying Gender and Skin-Tone Bias in Gemini Flash 2.5 Image and GPT Image 1.5"
2602.12285,2026-02-16,From Biased Chatbots to Biased Agents: Examining Role Assignment Effects on LLM Agent Robustness
2602.11939,2026-02-13,Do Large Language Models Adapt to Language Variation across Socioeconomic Status?
2602.11157,2026-02-13,Response-Based Knowledge Distillation for Multilingual Jailbreak Prevention Unwittingly Compromises Safety
2602.12249,2026-02-18,"""Sorry, I Didn't Catch That"": How Speech Models Miss What Matters Most"
2602.12659,2026-02-16,IndicFairFace: Balanced Indian Face Dataset for Auditing and Mitigating Geographical Bias in Vision-Language Models
2602.11328,2026-02-13,Evaluating Alignment of Behavioral Dispositions in LLMs
2602.12878,2026-02-16,Understanding Cultural Alignment in Multilingual LLMs via Natural Debate Statements
2602.13047,2026-02-16,Can we trust AI to detect healthy multilingual English speakers among the cognitively impaired cohort in the UK? An investigation using real-world conversational speech
2602.13246,2026-02-17,Global AI Bias Audit for Technical Governance
2602.13253,2026-02-17,Implicit Bias in LLMs for Transgender Populations
2602.11786,2026-02-13,Evaluating LLM Safety Under Repeated Inference via Accelerated Prompt Stress Testing
2602.13415,2026-02-20,The Rise of AI Search: Implications for Information Markets and Human Judgement at Scale
2602.13427,2026-02-17,Backdooring Bias in Large Language Models
2602.12445,2026-02-16,RBCorr: Response Bias Correction in Language Models
2602.13792,2026-02-17,StackingNet: Collective Inference Across Independent AI Foundation Models
2602.12806,2026-02-16,RAT-Bench: A Comprehensive Benchmark for Text Anonymization
2602.12818,2026-02-16,AIWizards at MULTIPRIDE: A Hierarchical Approach to Slur Reclamation Detection
2602.14216,2026-02-17,Reasoning Language Models for complex assessments tasks: Evaluating parental cooperation from child protection case reports
2602.14062,2026-02-17,From Scarcity to Scale: A Release-Level Analysis of the Pashto Common Voice Dataset
2602.13452,2026-02-17,LLM-Powered Automatic Translation and Urgency in Crisis Scenarios
2602.14318,2026-02-17,In Transformer We Trust? A Perspective on Transformer Architecture Failure Modes
2602.14352,2026-02-20,Bridging the Urban Divide: Adaptive Cross-City Learning for Disaster Sentiment Understanding
2602.13757,2026-02-17,Assessing the Case for Africa-Centric AI Safety Evaluations
2602.14466,2026-02-17,Robust Bias Evaluation with FilBBQ: A Filipino Bias Benchmark for Question-Answering Language Models
2602.14488,2026-02-17,BETA-Labeling for Multilingual Dataset Construction in Low-Resource IR
2602.13576,2026-02-17,Rubrics as an Attack Surface: Stealthy Preference Drift in LLM Judges
2602.13860,2026-02-17,"Tutoring Large Language Models to be Domain-adaptive, Precise, and Safe"
2602.13867,2026-02-17,"Bridging the Multilingual Safety Divide: Efficient, Culturally-Aware Alignment for Global South Languages"
2602.14135,2026-02-19,ForesightSafety Bench: A Frontier Risk Evaluation and Governance Framework towards Safe AI
2602.14158,2026-02-17,"A Multi-Agent Framework for Medical AI: Leveraging Fine-Tuned GPT, LLaMA, and DeepSeek R1 for Evidence-Based and Bias-Aware Clinical Query Processing"
2602.14970,2026-02-17,Counterfactual Fairness Evaluation of LLM-Based Contact Center Agent Quality Assurance System
2602.14275,2026-02-17,Reverse N-Wise Output-Oriented Testing for AI/ML and Quantum Computing Systems
2602.14675,2026-02-17,Crowdsourcing Piedmontese to Test LLMs on Non-Standard Orthography
2602.15222,2026-02-18,Automatically Finding Reward Model Biases
2602.15531,2026-02-20,EduEVAL-DB: A Role-Based Dataset for Pedagogical Risk Evaluation in Educational Explanations
2602.15373,2026-02-19,Far Out: Evaluating Language Models on Slang in Australian and Indian English
2602.14835,2026-02-17,The Global Representativeness Index: A Total Variation Distance Framework for Measuring Demographic Fidelity in Survey Research
2602.15273,2026-02-18,FrameRef: A Framing Dataset and Simulation Testbed for Modeling Bounded Rational Information Health
2602.15757,2026-02-18,Beyond Binary Classification: Detecting Fine-Grained Sexism in Social Media Videos
2602.16241,2026-02-20,Are LLMs Ready to Replace Bangla Annotators?
2602.16149,2026-02-19,Evaluating Demographic Misrepresentation in Image-to-Image Portrait Editing
2602.16151,2026-02-19,"Queer NLP: A Critical Survey on Literature Gaps, Biases and Trends"
2602.15439,2026-02-18,Algorithmic Approaches to Opinion Selection for Online Deliberation: A Comparative Study
2602.15456,2026-02-18,"In Agents We Trust, but Who Do Agents Trust? Latent Source Preferences Steer LLM Generations"
2602.16438,2026-02-19,Intra-Fairness Dynamics: The Bias Spillover Effect in Targeted LLM Alignment
2602.15866,2026-02-19,NLP Privacy Risk Identification in Social Media (NLP-PRISM): A Survey
2602.15869,2026-02-19,Towards Fair and Efficient De-identification: Quantifying the Efficiency and Generalizability of De-identification Approaches
2602.16201,2026-02-19,"Long-Tail Knowledge in Large Language Models: Taxonomy, Mechanisms, Interventions and Implications"
2602.15845,2026-02-19,KD4MT: A Survey of Knowledge Distillation for Machine Translation
2602.15892,2026-02-19,Egocentric Bias in Vision-Language Models
2602.16794,2026-02-20,Beyond Procedure: Substantive Fairness in Conformal Prediction
2602.17127,2026-02-20,The Emergence of Lab-Driven Alignment Signatures: A Psychometric Framework for Auditing Latent Bias and Compounding Risk in Generative AI
2602.17005,2026-02-20,Archetypes and gender in fiction: A data-driven mapping of gender stereotypes in stories
2602.16467,2026-02-19,IndicEval: A Bilingual Indian Educational Evaluation Framework for Large Language Models
2602.16811,2026-02-20,Evaluating Monolingual and Multilingual Large Language Models for Greek Question Answering: The DemosQA Benchmark
2602.17357,2026-02-20,"Astra: AI Safety, Trust, & Risk Assessment"
2602.17467,2026-02-20,PEACE 2.0: Grounded Explanations and Counter-Speech for Combating Hate Expressions
2602.17469,2026-02-20,"Auditing Reciprocal Sentiment Alignment: Inversion Risk, Dialect Representation and Intent Misalignment in Transformers"
2602.17262,2026-02-20,Quantifying and Mitigating Socially Desirable Responding in LLMs: A Desirability-Matched Graded Forced-Choice Psychometric Study
2602.17283,2026-02-20,Towards Cross-lingual Values Assessment: A Consensus-Pluralism Perspective
2602.22554,2026-02-26,Multilingual Safety Alignment Via Sparse Weight Editing
2602.22475,2026-02-25,Mind the Gap in Cultural Alignment: Task-Aware Culture Management for Large Language Models
2602.22438,2026-02-25,From Bias to Balance: Fairness-Aware Paper Recommendation for Equitable Peer Review
2602.22070,2026-02-25,Language Models Exhibit Inconsistent Biases Towards Algorithmic Agents and Human Experts
2602.22291,2026-02-25,Manifold of Failure: Behavioral Attraction Basins in Language Models
2602.21653,2026-02-25,Irresponsible Counselors: Large Language Models and the Loneliness of Modern Humans
2602.21509,2026-02-25,Fair Model-based Clustering
2602.21496,2026-02-25,Beyond Refusal: Probing the Limits of Agentic Self-Correction for Semantic Sensitive Information
2602.22196,2026-02-25,Reimagining Data Work: Participatory Annotation Workshops as Feminist Practice
2602.21103,2026-02-24,Prompt-Level Distillation: A Non-Parametric Alternative to Model Fine-Tuning for Efficient Reasoning
2602.20876,2026-02-24,When LLMs Enter Everyday Feminism on Chinese Social Media: Opportunities and Risks for Women's Empowerment
2602.20823,2026-02-24,Geometric Analysis of Speech Representation Spaces: Topological Disentanglement and Confound Detection
2602.20634,2026-02-24,Enhancing Hate Speech Detection on Social Media: A Comparative Analysis of Machine Learning Models and Text Transformation Approaches
2602.20624,2026-02-24,Physics-based phenomenological characterization of cross-modal bias in multimodal models
2602.19690,2026-02-23,"""The explanation makes sense"": An Empirical Study on LLM Performance in News Classification and its Influence on Judgment in Human-AI Collaborative Annotation"
2602.19560,2026-02-23,"Identifying, Explaining, and Correcting Ableist Language with AI"
2602.19141,2026-02-22,"Sycophantic Chatbots Cause Delusional Spiraling, Even in Ideal Bayesians"
2602.19124,2026-02-22,Dark and Bright Side of Participatory Red-Teaming with Targets of Stereotyping for Eliciting Harmful Behaviors from Large Language Models
2602.19101,2026-02-22,Value Entanglement: Conflation Between Different Kinds of Good In (Some) Large Language Models
2602.18935,2026-02-21,Responsible Intelligence in Practice: A Fairness Audit of Open Large Language Models for Library Reference Services
2602.18351,2026-02-20,Validating Political Position Predictions of Arguments
2602.18092,2026-02-20,Perceived Political Bias in LLMs Reduces Persuasive Abilities
2602.17850,2026-02-19,Mind the Style: Impact of Communication Style on Human-Chatbot Interaction
2602.17791,2026-02-19,The Digital Divide in Generative AI: Evidence from Large Language Model Use in College Admissions Essays
2602.17483,2026-02-19,What Do LLMs Associate with Your Name? A Human-Centered Black-Box Audit of Personal Data
2602.17458,2026-02-19,"The CTI Echo Chamber: Fragmentation, Overlap, and Vendor Specificity in Twenty Years of Cyber Threat Reporting"
2602.16660,2026-02-18,"Align Once, Benefit Multilingually: Enforcing Multilingual Consistency for LLM Safety Alignment"
2602.14270,2026-02-15,A Rational Analysis of the Effects of Sycophantic AI
2602.13941,2026-02-15,"Avoiding Social Judgment, Seeking Privacy: Investigating why Mothers Shift from Facebook Groups to Large Language Models"
2602.13745,2026-02-14,Human Oversight-by-Design for Accessible Generative IUIs
2602.12092,2026-02-12,DeepSight: An All-in-One LM Safety Toolkit
2602.10833,2026-02-11,Training-Induced Bias Toward LLM-Generated Content in Dense Retrieval
2602.18483,2026-02-10,Red Teaming LLMs as Socio-Technical Practice: From Exploration and Data Creation to Evaluation
2602.09444,2026-02-10,Conceptual Cultural Index: A Metric for Cultural Specificity via Relative Generality
2602.09362,2026-02-10,Behavioral Economics of AI: LLM Biases and Corrections
2602.09349,2026-02-11,Large Language Models for Designing Participatory Budgeting Rules
2602.20170,2026-02-09,CAGE: A Framework for Culturally Adaptive Red-Teaming Benchmark Generation
2602.09196,2026-02-09,Fair Feature Importance Scores via Feature Occlusion and Permutation
2602.08970,2026-02-25,Hyperactive Minority Alters the Stability of Community Notes
2602.08741,2026-02-09,Large Language Lobotomy: Jailbreaking Mixture-of-Experts via Expert Silencing
2602.08529,2026-02-09,EvoCorps: An Evolutionary Multi-Agent Framework for Depolarizing Online Discourse
2602.18468,2026-02-08,The Algorithmic Unconscious: Structural Mechanisms and Implicit Biases in Large Language Models
2602.07381,2026-02-07,"When the Model Said 'No Comment', We Knew Helpfulness Was Dead, Honesty Was Alive, and Safety Was Terrified"
2602.07356,2026-02-07,Controllable Value Alignment in Large Language Models through Neuron-Level Editing
2602.13284,2026-02-07,"Agents in the Wild: Safety, Society, and the Illusion of Sociality on Moltbook"
2602.18462,2026-02-06,Assessing the Reliability of Persona-Conditioned LLMs as Synthetic Survey Respondents
2602.06669,2026-02-06,compar:IA: The French Government's LLM arena to collect French-language human prompts and preference data
2602.06623,2026-02-06,Do Prompts Guarantee Safety? Mitigating Toxicity from LLM Generations through Subspace Intervention
2602.06616,2026-02-06,Confundo: Learning to Generate Robust Poison for Practical RAG Systems
2602.06260,2026-02-05,Can One-sided Arguments Lead to Response Change in Large Language Models?
2602.18459,2026-02-05,From Bias Mitigation to Bias Negotiation: Governing Identity and Sociocultural Reasoning in Generative AI
2602.13274,2026-02-05,ProMoral-Bench: Evaluating Prompting Strategies for Moral Reasoning and Safety in LLMs
2602.05189,2026-02-05,Are Open-Weight LLMs Ready for Social Media Moderation? A Comparative Study on Bluesky
2602.18454,2026-02-04,Exploring the Ethical Concerns in User Reviews of Mental Health Apps using Topic Modeling and Sentiment Analysis
2602.04339,2026-02-04,RISE: Interactive Visual Diagnosis of Fairness in Machine Learning Models
2603.05494,2026-03-05,Censored LLMs as a Natural Testbed for Secret Knowledge Elicitation
2603.05485,2026-03-05,Towards Provably Unbiased LLM Judges via Bias-Bounded Evaluation
2603.05267,2026-03-05,Beyond Word Error Rate: Auditing the Diversity Tax in Speech Recognition through Dataset Cartography
2603.05189,2026-03-05,"Small Changes, Big Impact: Demographic Bias in LLM-Based Hiring Through Subtle Sociocultural Markers in Anonymised Resumes"
2603.05136,2026-03-05,Representation Fidelity:Auditing Algorithmic Decisions About Humans Using Self-Descriptions
2603.04992,2026-03-05,ThaiSafetyBench: Assessing Language Model Safety in Thai Cultural Contexts
2603.04904,2026-03-05,Alignment Backfire: Language-Dependent Reversal of Safety Interventions Across 16 Languages in LLM Multi-Agent Systems
2603.04897,2026-03-05,Can LLMs Capture Expert Uncertainty? A Comparative Analysis of Value Alignment in Ethnographic Qualitative Research
2603.04837,2026-03-05,Design Behaviour Codes (DBCs): A Taxonomy-Driven Layered Governance Benchmark for Large Language Models
2603.04820,2026-03-05,Autoscoring Anticlimax: A Meta-analytic Understanding of AI's Short-answer Shortcomings and Wording Weaknesses
2603.04804,2026-03-05,Can LLMs Synthesize Court-Ready Statistical Evidence? Evaluating AI-Assisted Sentencing Bias Analysis for California Racial Justice Act Claims
2603.04698,2026-03-05,Hate Speech Detection using Large Language Models with Data Augmentation and Feature Enhancement
2603.04598,2026-03-04,"PinPoint: Evaluation of Composed Image Retrieval with Explicit Negatives, Multi-Image Queries, and Paraphrase Testing"
2603.04582,2026-03-04,Self-Attribution Bias: When AI Monitors Go Easy on Themselves
2603.04346,2026-03-04,Underrepresented in Foundation Model Pretraining Data? A One-Shot Probe
2603.04299,2026-03-04,The Company You Keep: How LLMs Respond to Dark Triad Traits
2603.04217,2026-03-04,When Do Language Models Endorse Limitations on Human Rights Principles?
2603.04123,2026-03-04,FINEST: Improving LLM Responses to Sensitive Topics Through Fine-Grained Evaluation
2603.03416,2026-03-03,Designing with Medical Mistrust: Perspectives from Black Older Adults in Publicly Subsidized Housing
2603.03242,2026-03-03,Density-Guided Response Optimization: Community-Grounded Alignment via Implicit Acceptance Signals
2603.03047,2026-03-03,TrustMH-Bench: A Comprehensive Benchmark for Evaluating the Trustworthiness of Large Language Models in Mental Health
2603.02937,2026-03-03,Bias and Fairness in Self-Supervised Acoustic Representations for Cognitive Impairment Detection
2603.02711,2026-03-03,A Natural Language Agentic Approach to Study Affective Polarization
2603.02684,2026-03-03,HateMirage: An Explainable Multi-Dimensional Dataset for Decoding Faux Hate and Subtle Online Abuse
2603.02482,2026-03-03,MUSE: A Run-Centric Platform for Multimodal Unified Safety Evaluation of Large Language Models
2603.02420,2026-03-02,Slurry-as-a-Service: A Modest Proposal on Scalable Pluralistic Alignment for Nutrient Optimization
2603.02370,2026-03-02,Cultural Counterfactuals: Evaluating Cultural Biases in Large Vision-Language Models with Counterfactual Examples
2603.02005,2026-03-02,Mitigating topology biases in Graph Diffusion via Counterfactual Intervention
2603.01952,2026-03-02,"LiveCultureBench: a Multi-Agent, Multi-Cultural Benchmark for Large Language Models in Dynamic Social Simulations"
2603.01724,2026-03-02,GMP: A Benchmark for Content Moderation under Co-occurring Violations and Dynamic Rules
2603.01625,2026-03-02,Measuring What VLMs Don't Say: Validation Metrics Hide Clinical Terminology Erasure in Radiology Report Generation
2603.01457,2026-03-02,Power Echoes: Investigating Moderation Biases in Online Power-Asymmetric Conflicts
2603.01291,2026-03-01,JailNewsBench: Multi-Lingual and Regional Benchmark for Fake News Generation under Jailbreak Attacks
2603.01225,2026-03-01,Can Thinking Models Think to Detect Hateful Memes?
2603.01214,2026-03-01,Reasoning Boosts Opinion Alignment in LLMs
2603.01211,2026-03-01,A Unified Framework to Quantify Cultural Intelligence of AI
2603.00777,2026-02-28,DUCX: Decomposing Unfairness in Tool-Using Chest X-ray Agents
2603.00634,2026-02-28,BLUFF: Benchmarking the Detection of False and Synthetic Content across 58 Low-Resource Languages
2603.00590,2026-02-28,"Fair in Mind, Fair in Action? A Synchronous Benchmark for Understanding and Generation in UMLLMs"
2603.00533,2026-02-28,Voices of Civilizations: A Multilingual QA Benchmark for Global Music Understanding
2603.03359,2026-02-28,"ACES: Accent Subspaces for Coupling, Explanations, and Stress-Testing in Automatic Speech Recognition"
2603.00423,2026-02-28,An Interpretable Local Editing Model for Counterfactual Medical Image Generation
2602.24014,2026-02-27,Interpretable Debiasing of Vision-Language Models for Social Fairness
2602.24002,2026-02-27,Dialect and Gender Bias in YouTube's Spanish Captioning System
2602.23993,2026-02-27,The GRADIEND Python Package: An End-to-End System for Gradient-Based Feature Learning
2602.23971,2026-02-27,Ask don't tell: Reducing sycophancy in large language models
2602.23862,2026-02-27,"Human-Centered Multimodal Fusion for Sexism Detection in Memes with Eye-Tracking, Heart Rate, and EEG Signals"
2602.23614,2026-02-27,When Does Multimodal Learning Help in Healthcare? A Benchmark on EHR and Chest X-Ray Fusion
2602.23580,2026-02-27,BRIDGE the Gap: Mitigating Bias Amplification in Automated Scoring of English Language Learners via Inter-group Data Augmentation
2602.23436,2026-02-26,Challenges in Automatic Speech Recognition for Adults with Cognitive Impairment
2602.22831,2026-02-26,Moral Preferences of LLMs Under Directed Contextual Influence
2602.22755,2026-03-03,AuditBench: Evaluating Alignment Auditing Techniques on Models with Hidden Behaviors
2602.22601,2026-02-26,$φ$-DPO: Fairness Direct Preference Optimization Approach to Continual Learning in Large Multimodal Models
2602.22404,2026-02-25,SAFARI: A Community-Engaged Approach and Dataset of Stereotype Resources in the Sub-Saharan African Context
2602.22391,2026-02-25,Detecting Hate and Inflammatory Content in Bengali Memes: A New Multimodal Dataset and Co-Attention Framework
2602.22145,2026-02-25,"When AI Writes, Whose Voice Remains? Quantifying Cultural Marker Erasure Across World English Varieties in Large Language Models"
2602.22120,2026-02-25,GeoDiv: Framework For Measuring Geographical Diversity In Text-To-Image Models
2602.21939,2026-02-25,Hidden Topics: Measuring Sensitive AI Beliefs with List Experiments
2602.21485,2026-02-25,Evaluating the Usage of African-American Vernacular English in Large Language Models
2602.21346,2026-02-24,Alignment-Weighted DPO: A principled reasoning approach to improve safety alignment
2602.21327,2026-02-24,Equitable Evaluation via Elicitation
2602.21297,2026-02-24,Robust AI Evaluation through Maximal Lotteries
2602.20800,2026-02-25,Mitigating Preference Leakage via Strict Estimator Separation for Normative Generative Ranking
2602.20759,2026-02-24,Overton Pluralistic Reinforcement Learning for Large Language Models
2602.20065,2026-02-23,Multilingual Large Language Models do not comprehend all natural languages to equal degrees
2603.00131,2026-02-23,Thought Virus: Viral Misalignment via Subliminal Prompting in Multi-Agent Systems
2602.19212,2026-02-22,Retrieval Augmented Enhanced Dual Co-Attention Framework for Target Aware Multimodal Bengali Hateful Meme Detection
2602.18971,2026-02-21,When Do LLM Preferences Predict Downstream Behavior?
2602.18962,2026-03-02,"NeuroWise: A Multi-Agent LLM ""Glass-Box"" System for Practicing Double-Empathy Communication with Autistic Partners"
2602.18911,2026-02-21,From Human-Level AI Tales to AI Leveling Human Scales
2602.18788,2026-02-25,BURMESE-SAN: Burmese NLP Benchmark for Evaluating Large Language Models
2602.18729,2026-02-21,MiSCHiEF: A Benchmark in Minimal-Pairs of Safety and Culture for Holistic Evaluation of Fine-Grained Image-Caption Alignment
2602.18550,2026-02-20,Measuring Validity in LLM-based Resume Screening
2602.18535,2026-02-20,Fairness-Aware Partial-label Domain Adaptation for Voice Classification of Parkinson's and ALS
2602.17919,2026-02-20,Visual Anthropomorphism Shifts Evaluations of Gendered AI Managers
2603.00076,2026-02-12,The Value Sensitivity Gap: How Clinical Large Language Models Respond to Patient Preference Statements in Shared Decision-Making
2603.00066,2026-02-10,Contesting Artificial Moral Agents
2603.06264,2026-03-06,Mind the Gap: Pitfalls of LLM Alignment with Asian Public Opinion
2603.06240,2026-03-06,"Human, Algorithm, or Both? Gender Bias in Human-Augmented Recruiting"
2603.05801,2026-03-06,Ambiguity Collapse by LLMs: A Taxonomy of Epistemic Risks
2603.05723,2026-03-05,Cultural Perspectives and Expectations for Generative AI: A Global Survey Approach
2603.05710,2026-03-05,The Rise of AI in Weather and Climate Information and its Impact on Global Inequality
2603.05651,2026-03-05,The Fragility Of Moral Judgment In Large Language Models
2603.05582,2026-03-05,"Bias In, Bias Out? Finding Unbiased Subnetworks in Vanilla Models"
